artist_name,album_release_date,danceability,energy,key,loudness,mode,speechiness,acousticness,instrumentalness,liveness,valence,tempo,time_signature,duration_ms,explicit,track_name,track_number,album_name,key_name,mode_name,key_mode
Linkin Park,2024-06-28,0.622,0.632,9,-9.329,1,0.0337,0.00093,0.753,0.573,0.35,105.072,4,209034,False,Crawling (Instrumental),1,Papercuts: Instrumentals,A,major,A major
Linkin Park,2024-06-28,0.562,0.929,4,-5.818,1,0.0806,0.00198,0.662,0.0404,0.519,134.917,4,162726,False,Faint (Instrumental),2,Papercuts: Instrumentals,E,major,E major
Linkin Park,2024-06-28,0.728,0.375,2,-12.569,1,0.0356,0.00583,0.243,0.499,0.637,106.975,4,205233,False,Numb / Encore (Instrumental),3,Papercuts: Instrumentals,D,major,D major
Linkin Park,2024-06-28,0.499,0.816,9,-6.206,1,0.0561,6.4e-06,0.761,0.0343,0.708,150.162,4,184346,False,Papercut (Instrumental),4,Papercuts: Instrumentals,A,major,A major
Linkin Park,2024-06-28,0.515,0.833,4,-7.026,0,0.0265,0.0939,0.946,0.149,0.465,99.943,4,195388,False,Breaking the Habit (Instrumental),5,Papercuts: Instrumentals,E,minor,E minor
Linkin Park,2024-06-28,0.558,0.736,3,-7.131,0,0.0299,2.11e-05,0.899,0.071,0.282,105.074,4,216346,False,In the End (Instrumental),6,Papercuts: Instrumentals,D#,minor,D# minor
Linkin Park,2024-06-28,0.502,0.872,11,-6.316,1,0.0281,0.000181,0.746,0.125,0.562,139.998,4,164466,False,Bleed It Out (Instrumental),7,Papercuts: Instrumentals,B,major,B major
Linkin Park,2024-06-28,0.397,0.875,10,-6.123,0,0.0315,1.01e-05,0.477,0.214,0.334,161.918,4,214017,False,Somewhere I Belong (Instrumental),8,Papercuts: Instrumentals,A#,minor,A# minor
Linkin Park,2024-06-28,0.6,0.904,4,-6.872,1,0.07,0.0328,0.841,0.15,0.144,170.009,4,231157,False,Waiting for the End (Instrumental),9,Papercuts: Instrumentals,E,major,E major
Linkin Park,2024-06-28,0.671,0.905,1,-6.481,0,0.027,0.0405,0.888,0.112,0.696,108.005,4,205394,False,CASTLE OF GLASS (Instrumental),10,Papercuts: Instrumentals,C#,minor,C# minor
Linkin Park,2024-06-28,0.465,0.115,8,-18.91,1,0.0409,0.963,0.872,0.0891,0.188,167.737,4,255450,False,One More Light (Instrumental),11,Papercuts: Instrumentals,G#,major,G# major
Linkin Park,2024-06-28,0.521,0.988,9,-6.463,0,0.0473,0.000321,0.959,0.112,0.573,110.016,4,230258,False,BURN IT DOWN (Instrumental),12,Papercuts: Instrumentals,A,minor,A minor
Linkin Park,2024-06-28,0.636,0.895,5,-6.613,1,0.0315,0.000402,0.757,0.109,0.393,120.039,4,208366,False,What I've Done (Instrumental),13,Papercuts: Instrumentals,F,major,F major
Linkin Park,2024-06-28,0.546,0.762,1,-6.402,0,0.0341,5.75e-05,0.877,0.151,0.478,102.264,4,201340,False,QWERTY (Instrumental),14,Papercuts: Instrumentals,C#,minor,C# minor
Linkin Park,2024-06-28,0.46,0.927,9,-6.358,1,0.0402,6.01e-05,0.775,0.0482,0.463,95.109,4,155642,False,One Step Closer (Instrumental),15,Papercuts: Instrumentals,A,major,A major
Linkin Park,2024-06-28,0.537,0.767,5,-4.697,0,0.034,0.000115,0.83,0.105,0.297,118.025,4,269866,False,New Divide (Instrumental),16,Papercuts: Instrumentals,F,minor,F minor
Linkin Park,2024-06-28,0.489,0.486,0,-8.28,1,0.0308,0.0286,0.892,0.128,0.217,160.064,4,199215,False,Leave Out All The Rest (Instrumental),17,Papercuts: Instrumentals,C,major,C major
Linkin Park,2024-06-28,0.577,0.75,7,-6.628,1,0.0353,0.00408,0.734,0.378,0.409,105.018,4,201320,False,Lost (Instrumental),18,Papercuts: Instrumentals,G,major,G major
Linkin Park,2024-06-28,0.481,0.836,9,-7.399,1,0.031,0.000126,0.857,0.601,0.119,109.949,4,186199,False,Numb (Instrumental),19,Papercuts: Instrumentals,A,major,A major
Linkin Park,2024-06-28,0.572,0.607,8,-7.826,0,0.0332,0.00344,0.842,0.0996,0.0518,124.064,4,176657,False,Friendly Fire (Instrumental),20,Papercuts: Instrumentals,G#,minor,G# minor
Linkin Park,2024-04-12,0.576,0.659,4,-6.387,1,0.0345,0.0348,1.23e-05,0.523,0.325,105.048,4,209034,False,Crawling,1,Papercuts,E,major,E major
Linkin Park,2024-04-12,0.534,0.974,4,-4.11,1,0.158,0.0944,0.0,0.0699,0.539,135.001,4,162688,False,Faint,2,Papercuts,E,major,E major
Linkin Park,2024-04-12,0.684,0.752,2,-5.788,1,0.147,0.0611,0.0,0.255,0.791,107.003,4,206300,True,Numb / Encore,3,Papercuts,D,major,D major
Linkin Park,2024-04-12,0.513,0.877,9,-4.608,1,0.0974,7.29e-05,0.0,0.149,0.734,150.134,4,186219,False,Papercut,4,Papercuts,A,major,A major
Linkin Park,2024-04-12,0.555,0.831,4,-4.422,0,0.0328,0.0399,0.0,0.153,0.547,99.968,4,197177,False,Breaking the Habit,5,Papercuts,E,minor,E minor
Linkin Park,2024-04-12,0.535,0.856,3,-5.055,0,0.0471,0.00422,0.0,0.0656,0.347,105.066,4,216293,False,In the End,6,Papercuts,D#,minor,D# minor
Linkin Park,2024-04-12,0.515,0.957,4,-4.252,1,0.053,0.0948,0.0,0.599,0.596,139.999,4,164457,True,Bleed It Out,7,Papercuts,E,major,E major
Linkin Park,2024-04-12,0.424,0.929,1,-4.201,1,0.0702,0.000309,0.0,0.272,0.39,161.943,4,214073,False,Somewhere I Belong,8,Papercuts,C#,major,C# major
Linkin Park,2024-04-12,0.488,0.962,4,-4.157,1,0.137,0.0398,1.18e-06,0.445,0.323,170.004,4,231157,False,Waiting for the End,9,Papercuts,E,major,E major
Linkin Park,2024-04-12,0.615,0.913,1,-4.034,0,0.0276,0.0814,0.0015,0.122,0.66,108.012,4,205394,False,CASTLE OF GLASS,10,Papercuts,C#,minor,C# minor
Linkin Park,2024-04-12,0.429,0.207,8,-11.092,1,0.0408,0.889,0.0,0.0891,0.169,168.255,4,255081,False,One More Light,11,Papercuts,G#,major,G# major
Linkin Park,2024-04-12,0.578,0.971,9,-4.978,0,0.0506,0.0127,0.0,0.153,0.562,110.002,4,230258,False,BURN IT DOWN,12,Papercuts,A,minor,A minor
Linkin Park,2024-04-12,0.627,0.915,5,-5.755,1,0.0323,0.0152,0.0,0.143,0.32,120.093,4,207003,False,What I've Done,13,Papercuts,F,major,F major
Linkin Park,2024-04-12,0.561,0.855,6,-4.984,0,0.0449,0.000259,0.000211,0.139,0.461,102.568,4,201341,False,QWERTY,14,Papercuts,F#,minor,F# minor
Linkin Park,2024-04-12,0.468,0.976,9,-4.732,1,0.0528,0.00548,5.88e-06,0.123,0.396,95.118,4,155647,False,One Step Closer,15,Papercuts,A,major,A major
Linkin Park,2024-04-12,0.493,0.792,5,-3.877,0,0.0358,0.000219,1.05e-06,0.0936,0.365,117.968,4,269098,False,New Divide,16,Papercuts,F,minor,F minor
Linkin Park,2024-04-12,0.503,0.626,0,-6.376,1,0.0341,0.278,3.17e-06,0.225,0.225,80.041,4,199204,False,Leave Out All The Rest,17,Papercuts,C,major,C major
Linkin Park,2024-04-12,0.596,0.798,0,-4.63,1,0.0285,0.00412,0.0,0.338,0.459,105.01,4,199342,False,Lost,18,Papercuts,C,major,C major
Linkin Park,2024-04-12,0.456,0.831,9,-4.589,1,0.0417,0.0007,0.0,0.546,0.249,109.976,4,187508,False,Numb,19,Papercuts,A,major,A major
Linkin Park,2024-04-12,0.278,0.68,8,-5.289,0,0.0601,0.00675,0.0,0.258,0.252,185.418,3,176901,False,Friendly Fire,20,Papercuts,G#,minor,G# minor
Linkin Park,2023-04-07,0.383,0.992,7,-3.41,1,0.131,0.000468,0.0,0.911,0.673,179.828,4,188113,False,Don't Stay,2,Meteora 20th Anniversary Edition,G,major,G major
Linkin Park,2023-04-07,0.424,0.929,1,-4.201,1,0.0702,0.000309,0.0,0.272,0.39,161.943,4,214073,False,Somewhere I Belong,3,Meteora 20th Anniversary Edition,C#,major,C# major
Linkin Park,2023-04-07,0.488,0.94,3,-3.671,0,0.161,0.00245,0.0,0.0505,0.678,160.081,4,175195,False,Lying from You,4,Meteora 20th Anniversary Edition,D#,minor,D# minor
Linkin Park,2023-04-07,0.715,0.959,9,-4.042,1,0.218,0.0731,0.0,0.0398,0.867,149.882,4,164310,False,Hit the Floor,5,Meteora 20th Anniversary Edition,A,major,A major
Linkin Park,2023-04-07,0.519,0.828,3,-4.79,0,0.0334,0.0482,0.0,0.13,0.282,104.926,4,204184,False,Easier to Run,6,Meteora 20th Anniversary Edition,D#,minor,D# minor
Linkin Park,2023-04-07,0.532,0.973,4,-4.058,1,0.154,0.0899,0.0,0.0767,0.503,135.063,4,162205,False,Faint,7,Meteora 20th Anniversary Edition,E,major,E major
Linkin Park,2023-04-07,0.487,0.936,9,-4.032,1,0.0494,0.00205,0.0,0.178,0.62,97.948,4,197627,False,Figure.09,8,Meteora 20th Anniversary Edition,A,major,A major
Linkin Park,2023-04-07,0.556,0.839,4,-4.311,0,0.0311,0.0305,0.0,0.103,0.549,99.901,4,196302,False,Breaking the Habit,9,Meteora 20th Anniversary Edition,E,minor,E minor
Linkin Park,2023-04-07,0.431,0.946,1,-3.515,0,0.0628,0.011,0.0,0.587,0.295,94.989,3,175646,False,From the Inside,10,Meteora 20th Anniversary Edition,C#,minor,C# minor
Linkin Park,2023-04-07,0.444,0.81,2,-3.972,1,0.286,0.0644,0.0,0.189,0.376,199.652,3,179041,False,Nobody's Listening,11,Meteora 20th Anniversary Edition,D,major,D major
Linkin Park,2023-04-07,0.58,0.948,10,-5.775,1,0.0491,0.015,0.81,0.389,0.207,97.951,4,144828,False,Session,12,Meteora 20th Anniversary Edition,A#,major,A# major
Linkin Park,2023-04-07,0.456,0.831,9,-4.589,1,0.0417,0.0007,0.0,0.546,0.249,109.976,4,187508,False,Numb,13,Meteora 20th Anniversary Edition,A,major,A major
Linkin Park,2023-04-07,0.459,0.995,4,-3.649,0,0.119,0.0022,1.44e-06,0.855,0.373,89.912,4,199160,False,Don't Stay - Live In Texas,1,Meteora 20th Anniversary Edition,E,minor,E minor
Linkin Park,2023-04-07,0.38,0.98,10,-4.427,0,0.108,0.000475,0.0,0.787,0.375,161.993,4,215386,False,Somewhere I Belong - Live In Texas,2,Meteora 20th Anniversary Edition,A#,minor,A# minor
Linkin Park,2023-04-07,0.406,0.981,6,-4.484,1,0.244,0.0054,0.0,0.923,0.51,160.145,4,186493,False,Lying from You - Live In Texas,3,Meteora 20th Anniversary Edition,F#,major,F# major
Linkin Park,2023-04-07,0.46,0.996,1,-4.377,0,0.195,0.00239,0.0,0.607,0.368,149.889,4,186320,False,Papercut - Live In Texas,4,Meteora 20th Anniversary Edition,C#,minor,C# minor
Linkin Park,2023-04-07,0.55,0.978,11,-4.291,1,0.0806,0.00938,1.4e-06,0.924,0.459,95.441,4,205546,False,Points of Authority - Live In Texas,5,Meteora 20th Anniversary Edition,B,major,B major
Linkin Park,2023-04-07,0.603,0.963,11,-4.361,0,0.0964,0.0133,7.9e-06,0.982,0.501,109.835,4,187466,False,Runaway - Live In Texas,6,Meteora 20th Anniversary Edition,B,minor,B minor
Linkin Park,2023-04-07,0.562,0.982,9,-4.588,1,0.0944,0.0245,3.14e-06,0.943,0.377,134.982,4,166373,False,Faint - Live In Texas,7,Meteora 20th Anniversary Edition,A,major,A major
Linkin Park,2023-04-07,0.453,0.964,1,-5.314,0,0.0882,0.000335,0.673,0.971,0.474,94.87,3,180720,False,From the Inside - Live In Texas,8,Meteora 20th Anniversary Edition,C#,minor,C# minor
Linkin Park,2023-04-07,0.505,0.97,6,-4.712,0,0.12,0.00431,0.0,0.957,0.421,97.893,4,231373,False,Figure.09 - Live In Texas,9,Meteora 20th Anniversary Edition,F#,minor,F# minor
Linkin Park,2023-04-07,0.494,0.992,7,-3.804,1,0.242,0.0168,1.66e-05,0.785,0.264,98.336,4,199920,False,With You - Live In Texas,10,Meteora 20th Anniversary Edition,G,major,G major
Linkin Park,2023-04-07,0.557,0.99,6,-4.142,0,0.133,0.0169,0.00111,0.959,0.235,106.835,4,247373,False,By Myself - Live In Texas,11,Meteora 20th Anniversary Edition,F#,minor,F# minor
Linkin Park,2023-04-07,0.532,0.846,3,-5.887,0,0.04,0.0487,0.00929,0.959,0.324,102.894,4,304946,False,P5hng Me A*Wy - Live In Texas,12,Meteora 20th Anniversary Edition,D#,minor,D# minor
Linkin Park,2023-04-07,0.553,0.839,9,-5.634,1,0.0333,0.000261,0.00155,0.737,0.121,109.849,4,194253,False,Numb - Live In Texas,13,Meteora 20th Anniversary Edition,A,major,A major
Linkin Park,2023-04-07,0.553,0.768,4,-5.151,1,0.0456,0.038,0.000827,0.8,0.153,104.883,4,221693,False,Crawling - Live In Texas,14,Meteora 20th Anniversary Edition,E,major,E major
Linkin Park,2023-04-07,0.484,0.941,3,-6.243,0,0.0844,0.00869,0.0549,0.316,0.162,104.897,4,243866,False,In the End - Live In Texas,15,Meteora 20th Anniversary Edition,D#,minor,D# minor
Linkin Park,2023-04-07,0.539,0.959,11,-5.729,1,0.215,0.0295,0.0,0.698,0.184,129.793,4,236906,False,A Place for My Head - Live In Texas,16,Meteora 20th Anniversary Edition,B,major,B major
Linkin Park,2023-04-07,0.455,0.968,1,-4.569,0,0.22,0.00284,1.5e-06,0.924,0.354,94.975,4,241266,False,One Step Closer - Live In Texas,17,Meteora 20th Anniversary Edition,C#,minor,C# minor
Linkin Park,2023-04-07,0.389,0.881,7,-13.96,0,0.122,0.445,0.887,0.91,0.216,98.076,4,73881,False,Session - Live In Nottingham 2003,1,Meteora 20th Anniversary Edition,G,minor,G minor
Linkin Park,2023-04-07,0.478,0.949,10,-7.09,0,0.141,4.37e-05,0.0,0.753,0.204,90.0,4,195487,False,Don't Stay - Live In Nottingham 2003,2,Meteora 20th Anniversary Edition,A#,minor,A# minor
Linkin Park,2023-04-07,0.406,0.948,10,-7.253,0,0.0607,0.000208,0.0,0.792,0.369,162.085,4,217346,False,Somewhere I Belong - Live In Nottingham 2003,3,Meteora 20th Anniversary Edition,A#,minor,A# minor
Linkin Park,2023-04-07,0.468,0.907,10,-8.027,0,0.142,0.00725,0.0,0.956,0.49,160.074,4,219650,False,Lying from You - Live In Nottingham 2003,4,Meteora 20th Anniversary Edition,A#,minor,A# minor
Linkin Park,2023-04-07,0.486,0.961,1,-7.122,1,0.05,0.000213,0.0,0.908,0.499,150.028,4,186090,True,Papercut - Live In Nottingham 2003,5,Meteora 20th Anniversary Edition,C#,major,C# major
Linkin Park,2023-04-07,0.383,0.926,10,-7.861,0,0.0962,0.000521,0.0,0.871,0.399,190.932,4,205756,True,Points of Authority - Live In Nottingham 2003,6,Meteora 20th Anniversary Edition,A#,minor,A# minor
Linkin Park,2023-04-07,0.367,0.808,1,-8.481,1,0.0705,0.00501,0.0,0.971,0.259,108.728,4,232441,True,Runaway - Live In Nottingham 2003,7,Meteora 20th Anniversary Edition,C#,major,C# major
Linkin Park,2023-04-07,0.557,0.964,9,-7.159,1,0.0861,0.0151,0.0,0.962,0.434,135.189,4,166431,False,Faint - Live In Nottingham 2003,8,Meteora 20th Anniversary Edition,A,major,A major
Linkin Park,2023-04-07,0.46,0.882,1,-7.664,1,0.0408,0.000197,0.000135,0.993,0.264,95.005,3,179667,False,From the Inside - Live In Nottingham 2003,9,Meteora 20th Anniversary Edition,C#,major,C# major
Linkin Park,2023-04-07,0.577,0.812,1,-9.245,1,0.131,0.031,0.0,0.973,0.522,150.034,4,194194,False,Hit the Floor - Live In Nottingham 2003,10,Meteora 20th Anniversary Edition,C#,major,C# major
Linkin Park,2023-04-07,0.526,0.911,0,-8.287,0,0.0784,0.00151,0.0,0.941,0.323,98.475,4,225370,True,With You - Live In Nottingham 2003,11,Meteora 20th Anniversary Edition,C,minor,C minor
Linkin Park,2023-04-07,0.533,0.706,4,-8.587,1,0.0377,0.00546,0.0,0.927,0.138,104.986,4,240183,True,Crawling - Live In Nottingham 2003,12,Meteora 20th Anniversary Edition,E,major,E major
Linkin Park,2023-04-07,0.252,0.875,1,-8.741,1,0.186,0.00316,2.45e-05,0.979,0.191,103.807,4,270731,False,In the End - Live In Nottingham 2003,13,Meteora 20th Anniversary Edition,C#,major,C# major
Linkin Park,2023-04-07,0.461,0.736,1,-8.373,1,0.0333,0.00925,0.0,0.47,0.225,105.001,4,244584,True,Easier to Run - Live In Nottingham 2003,14,Meteora 20th Anniversary Edition,C#,major,C# major
Linkin Park,2023-04-07,0.361,0.877,1,-8.896,1,0.117,0.00185,0.0,0.636,0.27,126.164,4,238406,True,A Place for My Head - Live In Nottingham 2003,15,Meteora 20th Anniversary Edition,C#,major,C# major
Linkin Park,2023-04-07,0.345,0.918,1,-8.192,1,0.116,0.00151,6.4e-06,0.952,0.234,190.066,4,243843,False,One Step Closer - Live In Nottingham 2003,16,Meteora 20th Anniversary Edition,C#,major,C# major
Linkin Park,2023-04-07,0.56,0.914,6,-5.712,0,0.0448,6.48e-05,0.898,0.348,0.527,149.919,4,54186,False,A.06,1,Meteora 20th Anniversary Edition,F#,minor,F# minor
Linkin Park,2023-04-07,0.352,0.954,10,-4.165,0,0.0541,0.000469,0.783,0.135,0.391,162.027,4,245186,False,Pretty Birdy - Somewhere I Belong 2002 Demo,2,Meteora 20th Anniversary Edition,A#,minor,A# minor
Linkin Park,2023-04-07,0.81,0.963,1,-3.908,1,0.0435,0.0428,0.162,0.0639,0.949,135.043,4,118080,False,Sold My Soul to Yo Mama,3,Meteora 20th Anniversary Edition,C#,major,C# major
Linkin Park,2023-04-07,0.741,0.914,2,-3.631,1,0.239,0.037,0.0,0.0736,0.756,99.942,4,201677,False,Standing in the Middle,4,Meteora 20th Anniversary Edition,D,major,D major
Linkin Park,2023-04-07,0.538,0.929,11,-4.273,1,0.0391,8.26e-05,0.807,0.213,0.0885,107.002,4,211706,False,Program - Meteora Demo,5,Meteora 20th Anniversary Edition,B,major,B major
Linkin Park,2023-04-07,0.504,0.958,8,-3.163,0,0.0974,0.0195,0.0143,0.283,0.803,135.061,4,191253,False,Faint - Demo 2002,6,Meteora 20th Anniversary Edition,G#,minor,G# minor
Linkin Park,2023-04-07,0.451,0.907,6,-2.794,1,0.0396,0.000282,2.81e-05,0.686,0.313,98.055,4,203626,False,Figure.09 - Demo 2002,7,Meteora 20th Anniversary Edition,F#,major,F# major
Linkin Park,2023-04-07,0.584,0.929,4,-4.181,0,0.0405,0.00176,0.872,0.333,0.467,99.958,4,211880,False,Drawing - Breaking The Habit Demo 2002,8,Meteora 20th Anniversary Edition,E,minor,E minor
Linkin Park,2023-04-07,0.519,0.865,3,-3.019,1,0.0333,2.44e-05,0.724,0.21,0.389,120.01,4,184240,False,Cumulus - 2002 Demo,9,Meteora 20th Anniversary Edition,D#,major,D# major
Linkin Park,2023-04-07,0.482,0.923,1,-3.184,1,0.045,4.88e-05,0.934,0.0574,0.444,75.004,4,231466,False,A-Six - Original Long Version,10,Meteora 20th Anniversary Edition,C#,major,C# major
Linkin Park,2023-04-07,0.419,0.934,11,-4.053,1,0.0516,0.000611,0.937,0.249,0.213,117.017,4,195866,False,Soundtrack - Meteora Demo,11,Meteora 20th Anniversary Edition,B,major,B major
Linkin Park,2023-04-07,0.551,0.926,1,-2.311,0,0.0686,0.0065,0.251,0.0837,0.702,135.071,4,163320,False,Broken Foot - Meteora Demo,12,Meteora 20th Anniversary Edition,C#,minor,C# minor
Linkin Park,2023-04-07,0.628,0.979,10,-2.986,0,0.118,0.00201,0.898,0.868,0.426,104.958,4,188173,False,Ominous - Meteora Demo,13,Meteora 20th Anniversary Edition,A#,minor,A# minor
Linkin Park,2023-04-07,0.629,0.876,10,-3.385,0,0.0301,0.0586,0.89,0.0762,0.0506,120.023,4,126693,False,Unfortunate - Unreleased Demo 2002,14,Meteora 20th Anniversary Edition,A#,minor,A# minor
Linkin Park,2023-04-07,0.533,0.919,8,-3.707,0,0.0268,0.000442,0.882,0.0907,0.395,102.984,4,176053,False,Pepper - Meteora Demo,15,Meteora 20th Anniversary Edition,G#,minor,G# minor
Linkin Park,2023-04-07,0.6,0.864,4,-5.825,0,0.0297,0.0971,6.91e-05,0.126,0.683,99.994,4,197951,False,Breaking the Habit - Original Mike 2002 Demo,16,Meteora 20th Anniversary Edition,E,minor,E minor
Linkin Park,2023-04-07,0.379,0.848,8,-5.332,1,0.1,0.00506,0.815,0.387,0.31,111.147,3,222000,False,Halo - Unreleased Demo 2002,17,Meteora 20th Anniversary Edition,G#,major,G# major
Linkin Park,2023-04-07,0.541,0.902,8,-4.315,1,0.0445,0.000501,0.824,0.216,0.151,107.019,4,215171,False,Rhinocerous - 2002 Demo,18,Meteora 20th Anniversary Edition,G#,major,G# major
Linkin Park,2023-04-07,0.607,0.881,9,-4.475,0,0.0357,0.00119,0.914,0.114,0.84,116.038,4,208783,False,Attached - 2003 Demo,19,Meteora 20th Anniversary Edition,A,minor,A minor
Linkin Park,2023-04-07,0.407,0.979,6,-2.477,1,0.22,0.00592,0.0,0.974,0.485,80.017,4,184265,False,Lying from You - Live LPU Tour 2003,1,Meteora 20th Anniversary Edition,F#,major,F# major
Linkin Park,2023-04-07,0.215,0.973,1,-2.784,0,0.14,0.000578,4.61e-05,0.398,0.479,95.031,3,175960,False,From the Inside - Live LPU Tour 2003,2,Meteora 20th Anniversary Edition,C#,minor,C# minor
Linkin Park,2023-04-07,0.351,0.91,3,-3.348,0,0.0525,0.00747,2.99e-05,0.143,0.293,104.955,4,200689,False,Easier to Run - Live LPU Tour 2003,3,Meteora 20th Anniversary Edition,D#,minor,D# minor
Linkin Park,2023-04-07,0.531,0.979,1,-2.809,0,0.229,0.289,0.0,0.481,0.691,100.014,4,254813,False,Step Up - Live Projekt Revolution 2002,4,Meteora 20th Anniversary Edition,C#,minor,C# minor
Linkin Park,2023-04-07,0.467,0.942,1,-3.971,1,0.0385,0.19,0.212,0.713,0.437,98.467,4,267280,False,My December - Live Projekt Revolution 2002,5,Meteora 20th Anniversary Edition,C#,major,C# major
Linkin Park,2023-04-07,0.494,0.864,4,-3.125,1,0.0447,0.00115,6e-05,0.954,0.303,104.975,4,215093,False,Crawling - Live Reading Festival 2003,6,Meteora 20th Anniversary Edition,E,major,E major
Linkin Park,2023-04-07,0.46,0.902,4,-4.769,0,0.0418,0.075,0.0322,0.54,0.148,99.996,4,334589,False,Breaking the Habit - Live Rock Am Ring 2004,7,Meteora 20th Anniversary Edition,E,minor,E minor
Linkin Park,2023-04-07,0.459,0.952,1,-2.504,1,0.157,0.0166,0.0,0.452,0.517,104.811,4,297346,False,Step Up/Nobody's Listening/It's Goin' Down - Live,8,Meteora 20th Anniversary Edition,C#,major,C# major
Linkin Park,2023-04-07,0.526,0.996,1,-3.108,1,0.228,0.000247,0.000737,0.407,0.153,135.042,4,268426,False,Wish - Live Projekt Revolution 2004,9,Meteora 20th Anniversary Edition,C#,major,C# major
Linkin Park,2023-04-07,0.384,0.991,1,-1.934,1,0.109,0.00825,0.0,0.843,0.185,94.989,4,237373,False,One Step Closer (feat. Jonathan Davis) - Live Projekt Revolution 2004,10,Meteora 20th Anniversary Edition,C#,major,C# major
Linkin Park,2023-04-07,0.596,0.798,0,-4.63,1,0.0285,0.00412,0.0,0.338,0.459,105.01,4,199342,False,Lost,1,Meteora 20th Anniversary Edition,C,major,C major
Linkin Park,2023-04-07,0.626,0.909,1,-4.419,0,0.131,0.00205,5.19e-06,0.29,0.737,140.027,4,201428,False,Fighting Myself,2,Meteora 20th Anniversary Edition,C#,minor,C# minor
Linkin Park,2023-04-07,0.642,0.954,8,-2.605,1,0.0703,0.00386,4.61e-06,0.102,0.539,120.065,4,161000,False,More the Victim,3,Meteora 20th Anniversary Edition,G#,major,G# major
Linkin Park,2023-04-07,0.389,0.995,6,-3.495,0,0.0931,9.75e-05,3.98e-05,0.197,0.407,80.004,4,188028,False,Massive,4,Meteora 20th Anniversary Edition,F#,minor,F# minor
Linkin Park,2023-04-07,0.41,0.884,6,-2.98,1,0.0577,0.00427,7.71e-05,0.0933,0.142,135.011,4,211402,False,Healing Foot,5,Meteora 20th Anniversary Edition,F#,major,F# major
Linkin Park,2023-04-07,0.508,0.971,2,-3.373,1,0.157,0.000458,0.895,0.288,0.38,149.954,4,234846,False,A6 - Meteora|20 Demo,6,Meteora 20th Anniversary Edition,D,major,D major
Linkin Park,2023-04-07,0.414,0.868,1,-3.883,1,0.0601,0.000221,0.627,0.183,0.38,160.07,4,198273,False,Cuidado - Lying From You Demo,7,Meteora 20th Anniversary Edition,C#,major,C# major
Linkin Park,2023-04-07,0.801,0.764,9,-4.116,1,0.171,0.0135,0.123,0.0726,0.952,149.956,4,193696,False,Husky - Hit The Floor Demo,8,Meteora 20th Anniversary Edition,A,major,A major
Linkin Park,2023-04-07,0.312,0.783,3,-5.403,0,0.0396,0.0147,0.754,0.102,0.0542,104.994,4,220073,False,Interrogation - Easier To Run Demo,9,Meteora 20th Anniversary Edition,D#,minor,D# minor
Linkin Park,2023-04-07,0.464,0.972,8,-3.297,0,0.0625,0.000421,0.227,0.0425,0.531,135.04,4,235687,False,Faint - Meteora|20 Demo,10,Meteora 20th Anniversary Edition,G#,minor,G# minor
Linkin Park,2023-04-07,0.503,0.895,9,-3.853,1,0.0364,3.1e-05,0.275,0.0841,0.333,97.932,4,176504,False,Plaster 2 - Figure.09 Demo,11,Meteora 20th Anniversary Edition,A,major,A major
Linkin Park,2023-04-07,0.314,0.913,6,-3.302,1,0.0911,9.56e-05,0.825,0.0395,0.544,95.046,3,204701,False,Shifter - From The Inside Demo,12,Meteora 20th Anniversary Edition,F#,major,F# major
Linkin Park,2023-04-07,0.578,0.874,10,-2.86,0,0.028,0.023,0.818,0.0899,0.879,90.011,4,194045,False,Wesside,13,Meteora 20th Anniversary Edition,A#,minor,A# minor
Linkin Park,2023-04-07,0.643,0.85,2,-4.868,1,0.032,0.101,0.124,0.131,0.178,105.015,4,277114,False,Resolution,14,Meteora 20th Anniversary Edition,D,major,D major
Linkin Park,2020-10-09,0.524,0.94,9,-3.994,1,0.111,0.000217,0.0,0.623,0.664,150.184,4,184866,False,Papercut,1,Hybrid Theory (20th Anniversary Edition),A,major,A major
Linkin Park,2020-10-09,0.492,0.969,9,-4.419,1,0.0492,0.00144,1.36e-06,0.0789,0.538,95.137,4,157333,False,One Step Closer,2,Hybrid Theory (20th Anniversary Edition),A,major,A major
Linkin Park,2020-10-09,0.423,0.978,6,-4.004,0,0.303,0.0037,0.0,0.111,0.361,196.93,4,203266,False,With You,3,Hybrid Theory (20th Anniversary Edition),F#,minor,F# minor
Linkin Park,2020-10-09,0.569,0.97,8,-3.886,0,0.196,0.03,0.0,0.0993,0.435,95.056,4,200240,False,Points of Authority,4,Hybrid Theory (20th Anniversary Edition),G#,minor,G# minor
Linkin Park,2020-10-09,0.581,0.699,4,-5.564,1,0.0337,0.0455,3.74e-06,0.536,0.282,105.074,4,208960,False,Crawling,5,Hybrid Theory (20th Anniversary Edition),E,major,E major
Linkin Park,2020-10-09,0.631,0.873,7,-4.748,1,0.0653,0.0141,0.0,0.253,0.467,109.117,4,183973,False,Runaway,6,Hybrid Theory (20th Anniversary Edition),G,major,G major
Linkin Park,2020-10-09,0.545,0.935,6,-4.159,0,0.173,0.0175,0.00279,0.297,0.339,103.024,4,189800,False,By Myself,7,Hybrid Theory (20th Anniversary Edition),F#,minor,F# minor
Linkin Park,2020-10-09,0.555,0.844,3,-6.567,0,0.0553,0.00818,0.0,0.0895,0.464,105.193,4,216800,False,In the End,8,Hybrid Theory (20th Anniversary Edition),D#,minor,D# minor
Linkin Park,2020-10-09,0.603,0.908,11,-5.254,1,0.184,0.0143,0.0,0.671,0.458,133.063,4,184640,False,A Place for My Head,9,Hybrid Theory (20th Anniversary Edition),B,major,B major
Linkin Park,2020-10-09,0.616,0.947,8,-3.817,0,0.11,0.0132,0.0,0.366,0.498,108.198,4,194426,False,Forgotten,10,Hybrid Theory (20th Anniversary Edition),G#,minor,G# minor
Linkin Park,2020-10-09,0.752,0.677,0,-7.376,0,0.214,0.163,0.0509,0.234,0.848,99.984,4,157200,False,Cure for the Itch,11,Hybrid Theory (20th Anniversary Edition),C,minor,C minor
Linkin Park,2020-10-09,0.483,0.913,6,-4.305,1,0.0425,0.000391,0.0,0.309,0.279,103.108,4,191440,False,Pushing Me Away,12,Hybrid Theory (20th Anniversary Edition),F#,major,F# major
Linkin Park,2020-10-09,0.181,0.163,4,-16.565,1,0.0384,0.641,0.335,0.0784,0.0352,79.974,4,67560,False,Opening,1,Hybrid Theory (20th Anniversary Edition),E,major,E major
Linkin Park,2020-10-09,0.507,0.973,8,-5.085,0,0.109,0.00172,0.00211,0.354,0.255,95.218,4,225520,False,Pts.Of.Athrty - Jay Gordon Reanimation,2,Hybrid Theory (20th Anniversary Edition),G#,minor,G# minor
Linkin Park,2020-10-09,0.747,0.803,6,-7.388,1,0.0485,0.00386,0.000239,0.407,0.884,105.009,4,239960,False,Enth E Nd (Kutmasta Kurt Reanimation) [feat. Motion Man],3,Hybrid Theory (20th Anniversary Edition),F#,major,F# major
Linkin Park,2020-10-09,0.818,0.514,10,-22.725,1,0.494,0.98,3.03e-06,0.59,0.57,114.901,5,23746,False,[Chali],4,Hybrid Theory (20th Anniversary Edition),A#,major,A# major
Linkin Park,2020-10-09,0.64,0.747,10,-6.957,1,0.06,0.0339,0.00506,0.294,0.615,95.134,4,211520,False,Frgt/10 (Alchemist Reanimation) [feat. Chali 2na],5,Hybrid Theory (20th Anniversary Edition),A#,major,A# major
Linkin Park,2020-10-09,0.543,0.77,3,-6.383,0,0.0419,0.0332,0.0101,0.0548,0.577,103.179,4,277973,False,P5hng Me A*wy (Mike Shinoda Reanimation) [feat. Stephen Richards],6,Hybrid Theory (20th Anniversary Edition),D#,minor,D# minor
Linkin Park,2020-10-09,0.64,0.902,1,-7.068,1,0.18,0.18,0.0,0.654,0.523,133.275,4,260746,False,Plc.4 Mie Hæd (Amp Live Reanimation) [feat. Zion],7,Hybrid Theory (20th Anniversary Edition),C#,major,C# major
Linkin Park,2020-10-09,0.757,0.978,5,-3.749,0,0.215,0.0441,0.000821,0.0355,0.539,93.646,4,109493,True,X-Ecutioner Style (feat. Black Thought),8,Hybrid Theory (20th Anniversary Edition),F,minor,F minor
Linkin Park,2020-10-09,0.667,0.942,1,-4.166,0,0.238,0.13,0.0,0.557,0.605,93.676,4,210733,False,H! Vltg3 (Evidence Reanimation) [feat. Pharoahe Monch and DJ Babu],9,Hybrid Theory (20th Anniversary Edition),C#,minor,C# minor
Linkin Park,2020-10-09,0.474,0.295,5,-20.233,1,0.108,0.993,1.14e-05,0.545,0.961,130.985,4,21906,False,[Riff Raff],10,Hybrid Theory (20th Anniversary Edition),F,major,F major
Linkin Park,2020-10-09,0.58,0.982,4,-3.428,0,0.0731,0.00696,4.57e-06,0.165,0.511,98.19,4,252306,False,Wth>You (Chairman Hahn Reanimation) [feat. Aceyalone],11,Hybrid Theory (20th Anniversary Edition),E,minor,E minor
Linkin Park,2020-10-09,0.451,0.0585,4,-25.115,1,0.155,0.994,0.969,0.669,0.0,206.551,4,29400,False,Ntr\mssion,12,Hybrid Theory (20th Anniversary Edition),E,major,E major
Linkin Park,2020-10-09,0.562,0.897,1,-6.319,1,0.113,0.000588,0.000864,0.646,0.599,150.345,4,206346,False,Ppr:kut (Cheapshot and Jubacca Reanimation) [feat. Rasco and Planet Asia],13,Hybrid Theory (20th Anniversary Edition),C#,major,C# major
Linkin Park,2020-10-09,0.603,0.921,7,-4.633,1,0.0604,0.000414,0.000288,0.0983,0.545,108.691,4,193400,False,Rnw@y (Backyard Bangers Reanimation) [feat. Phoenix Orion],14,Hybrid Theory (20th Anniversary Edition),G,major,G major
Linkin Park,2020-10-09,0.658,0.81,7,-8.048,1,0.0344,0.16,0.487,0.0637,0.225,104.732,4,257586,False,My<Dsmbr (Mickey P. Reanimation) [feat. Kelli Ali],15,Hybrid Theory (20th Anniversary Edition),G,major,G major
Linkin Park,2020-10-09,0.0,0.305,11,-21.081,0,0.0,0.992,0.0,0.589,0.0,0.0,0,10026,False,[Stef],16,Hybrid Theory (20th Anniversary Edition),B,minor,B minor
Linkin Park,2020-10-09,0.553,0.968,8,-4.915,0,0.102,0.000569,0.184,0.128,0.256,103.206,4,222440,False,By_Myslf (Josh Abraham and Mike Shinoda Reanimation),17,Hybrid Theory (20th Anniversary Edition),G#,minor,G# minor
Linkin Park,2020-10-09,0.672,0.974,10,-5.604,0,0.113,0.044,0.656,0.828,0.297,102.136,4,152533,False,Kyur4 Th Ich (Chairman Hahn Reanimation),18,Hybrid Theory (20th Anniversary Edition),A#,minor,A# minor
Linkin Park,2020-10-09,0.472,0.929,1,-5.81,1,0.0455,0.00268,0.414,0.131,0.247,96.194,4,346040,False,1Stp Klosr (The Humble Brothers Reanimation) [feat. Jonathan Davis],19,Hybrid Theory (20th Anniversary Edition),C#,major,C# major
Linkin Park,2020-10-09,0.429,0.528,4,-7.567,1,0.0293,0.0879,0.00648,0.0746,0.0468,105.217,4,340253,False,Krwlng (Mike Shinoda Reanimation) [feat. Aaron Lewis],20,Hybrid Theory (20th Anniversary Edition),E,major,E major
Linkin Park,2020-10-09,0.603,0.87,8,-6.479,1,0.0643,0.00745,0.0299,0.159,0.282,115.122,4,182653,False,Carousel - Hybrid Theory EP,1,Hybrid Theory (20th Anniversary Edition),G#,major,G# major
Linkin Park,2020-10-09,0.673,0.921,6,-7.882,0,0.183,0.0828,0.00978,0.189,0.269,94.991,4,39031,False,Technique (Short) - Hybrid Theory EP,2,Hybrid Theory (20th Anniversary Edition),F#,minor,F# minor
Linkin Park,2020-10-09,0.706,0.944,1,-4.856,0,0.156,0.0651,0.0,0.681,0.448,100.005,4,234642,False,Step Up - Hybrid Theory EP,3,Hybrid Theory (20th Anniversary Edition),C#,minor,C# minor
Linkin Park,2020-10-09,0.389,0.881,9,-5.037,1,0.0993,0.00319,0.153,0.317,0.332,109.762,4,269882,False,And One - Hybrid Theory EP,4,Hybrid Theory (20th Anniversary Edition),A,major,A major
Linkin Park,2020-10-09,0.754,0.785,9,-3.598,0,0.0737,0.316,7.9e-05,0.449,0.771,94.025,4,209834,False,High Voltage - Hybrid Theory EP,5,Hybrid Theory (20th Anniversary Edition),A,minor,A minor
Linkin Park,2020-10-09,0.535,0.646,1,-10.128,1,0.135,0.102,0.0852,0.199,0.0919,101.115,4,764503,False,Part of Me - Hybrid Theory EP,6,Hybrid Theory (20th Anniversary Edition),C#,major,C# major
Linkin Park,2020-10-09,0.507,0.979,9,-3.2,1,0.0504,0.00293,4.97e-06,0.0438,0.509,95.178,4,157245,False,One Step Closer (Rock Mix) - B-Side Rarities,1,Hybrid Theory (20th Anniversary Edition),A,major,A major
Linkin Park,2020-10-09,0.677,0.905,8,-2.955,0,0.264,0.00152,0.0148,0.0432,0.867,104.869,4,249689,False,It's Goin' Down (feat. Mike Shinoda and Mr. Hahn) - B-Side Rarities,2,Hybrid Theory (20th Anniversary Edition),G#,minor,G# minor
Linkin Park,2020-10-09,0.465,0.976,1,-2.532,0,0.167,0.000222,0.000567,0.13,0.651,150.021,4,187425,False,Papercut (Live from the BBC) - B-Side Rarities,3,Hybrid Theory (20th Anniversary Edition),C#,minor,C# minor
Linkin Park,2020-10-09,0.579,0.903,3,-3.398,0,0.0466,0.00578,2.51e-06,0.248,0.607,104.937,4,205566,False,In The End (Live BBC Radio One) - B-Side Rarities,4,Hybrid Theory (20th Anniversary Edition),D#,minor,D# minor
Linkin Park,2020-10-09,0.267,0.971,11,-3.516,1,0.174,0.00909,0.00171,0.0519,0.557,95.013,4,204741,False,Points of Authority (Live BBC Radio One) - B-Side Rarities,5,Hybrid Theory (20th Anniversary Edition),B,major,B major
Linkin Park,2020-10-09,0.589,0.985,10,-2.295,1,0.241,0.119,2.29e-06,0.294,0.239,93.962,4,224685,False,High Voltage - B-Side Rarities,6,Hybrid Theory (20th Anniversary Edition),A#,major,A# major
Linkin Park,2020-10-09,0.698,0.965,1,-3.018,0,0.182,0.0814,0.0,0.665,0.475,100.033,4,234537,False,Step Up (1999 Demo) - B-Side Rarities,7,Hybrid Theory (20th Anniversary Edition),C#,minor,C# minor
Linkin Park,2020-10-09,0.731,0.702,0,-5.997,1,0.0238,0.226,0.0155,0.145,0.669,100.02,4,261053,False,My December - B-Side Rarities,8,Hybrid Theory (20th Anniversary Edition),C,major,C major
Linkin Park,2020-10-09,0.241,0.984,8,-2.875,0,0.126,0.0384,0.000534,0.835,0.21,132.175,4,190480,False,"A Place for My Head (Live at Docklands Arena, London) - B-Side Rarities",9,Hybrid Theory (20th Anniversary Edition),G#,minor,G# minor
Linkin Park,2020-10-09,0.358,0.972,4,-2.617,1,0.0547,0.00167,1.94e-06,0.85,0.361,95.507,4,209330,False,"Points of Authority (Live at Docklands Arena, London) - B-Side Rarities",10,Hybrid Theory (20th Anniversary Edition),E,major,E major
Linkin Park,2020-10-09,0.33,0.986,9,-2.864,1,0.209,0.000783,0.000615,0.756,0.247,149.994,4,192083,False,"Papercut (Live at Docklands Arena, London) - B-Side Rarities",11,Hybrid Theory (20th Anniversary Edition),A,major,A major
Linkin Park,2020-10-09,0.626,0.941,1,-4.668,1,0.118,0.0122,0.00343,0.778,0.365,102.987,4,267551,False,Buy Myself (Marilyn Manson Remix) - B-Side Rarities,12,Hybrid Theory (20th Anniversary Edition),C#,major,C# major
Linkin Park,2020-10-09,0.605,0.933,3,-4.202,0,0.0967,0.0157,0.0,0.181,0.311,104.986,4,228539,False,In the End (Demo) - LPU Rarities,1,Hybrid Theory (20th Anniversary Edition),D#,minor,D# minor
Linkin Park,2020-10-09,0.621,0.843,8,-3.203,1,0.125,0.0913,1.02e-05,0.34,0.676,102.974,4,191893,False,Dedicated (1999 Demo) - LPU Rarities,2,Hybrid Theory (20th Anniversary Edition),G#,major,G# major
Linkin Park,2020-10-09,0.215,0.995,7,-3.161,1,0.368,0.03,0.00145,0.943,0.223,196.908,4,202507,False,"With You (Live at Docklands Arena, London) - LPU Rarities",3,Hybrid Theory (20th Anniversary Edition),G,major,G major
Linkin Park,2020-10-09,0.428,0.982,7,-3.199,0,0.128,0.0268,1.01e-06,0.934,0.375,94.024,4,242246,False,"High Voltage (Live at Docklands Arena, London) - LPU Rarities",4,Hybrid Theory (20th Anniversary Edition),G,minor,G minor
Linkin Park,2020-10-09,0.604,0.939,11,-4.198,1,0.142,0.0178,0.000737,0.0311,0.696,94.997,4,180498,False,Points of Authority (Demo) - LPU Rarities,5,Hybrid Theory (20th Anniversary Edition),B,major,B major
Linkin Park,2020-10-09,0.662,0.824,1,-3.686,0,0.031,0.187,0.931,0.0861,0.96,107.967,4,55160,False,"Stick and Move (""Runaway"" Demo 1998) - LPU Rarities",6,Hybrid Theory (20th Anniversary Edition),C#,minor,C# minor
Linkin Park,2020-10-09,0.58,0.926,1,-6.243,0,0.493,0.239,0.0,0.687,0.358,133.043,4,186471,False,"Esaul (""A Place for My Head"" Demo) - LPU Rarities",7,Hybrid Theory (20th Anniversary Edition),C#,minor,C# minor
Linkin Park,2020-10-09,0.742,0.987,8,-1.995,1,0.15,0.00246,0.938,0.324,0.329,94.981,4,124459,False,"Oh No (""Points of Authority"" Demo) - LPU Rarities",8,Hybrid Theory (20th Anniversary Edition),G#,major,G# major
Linkin Park,2020-10-09,0.657,0.726,6,-5.32,1,0.0638,0.000184,5.82e-06,0.0765,0.71,125.027,4,208892,False,Slip (1998 Unreleased Hybrid Theory Demo) - LPU Rarities,9,Hybrid Theory (20th Anniversary Edition),F#,major,F# major
Linkin Park,2020-10-09,0.783,0.907,10,-2.271,0,0.0884,0.253,0.968,0.119,0.292,100.006,4,26987,False,Grr (1999 Demo) - LPU Rarities,10,Hybrid Theory (20th Anniversary Edition),A#,minor,A# minor
Linkin Park,2020-10-09,0.535,0.99,8,-3.394,1,0.191,0.0178,0.00674,0.699,0.288,116.994,4,170175,False,So Far Away (Unreleased 1998) - LPU Rarities,11,Hybrid Theory (20th Anniversary Edition),G#,major,G# major
Linkin Park,2020-10-09,0.796,0.812,4,-3.544,0,0.199,0.0478,0.0022,0.13,0.349,99.998,4,217572,False,Coal (Unreleased Demo 1997) - LPU Rarities,12,Hybrid Theory (20th Anniversary Edition),E,minor,E minor
Linkin Park,2020-10-09,0.592,0.944,8,-3.534,0,0.196,0.00585,1.31e-05,0.391,0.561,108.09,4,224729,False,Forgotten (Demo) - LPU Rarities,13,Hybrid Theory (20th Anniversary Edition),G#,minor,G# minor
Linkin Park,2020-10-09,0.784,0.951,8,-3.533,1,0.0539,0.0923,0.821,0.046,0.303,102.965,4,68421,False,"Sad (""By Myself"" Demo 1999) - LPU Rarities",14,Hybrid Theory (20th Anniversary Edition),G#,major,G# major
Linkin Park,2020-10-09,0.745,0.992,4,-4.33,1,0.086,0.0945,0.785,0.114,0.407,116.965,4,154546,False,Hurry (1999 Demo) - LPU Rarities,15,Hybrid Theory (20th Anniversary Edition),E,major,E major
Linkin Park,2020-10-09,0.659,0.836,1,-2.884,1,0.046,0.02,1.72e-05,0.239,0.691,103.01,4,207527,False,Blue (1998 Unreleased Hybrid Theory Demo) - LPU Rarities,16,Hybrid Theory (20th Anniversary Edition),C#,major,C# major
Linkin Park,2020-10-09,0.769,0.876,1,-5.982,0,0.0792,0.000134,0.924,0.0388,0.679,141.95,4,116496,False,"Chair (1999 ""Part of Me"" Demo) - LPU Rarities",17,Hybrid Theory (20th Anniversary Edition),C#,minor,C# minor
Linkin Park,2020-10-09,0.6,0.998,10,-1.855,0,0.132,0.00798,0.00877,0.0674,0.501,107.989,4,298225,False,Pts.Of.Athrty (Crystal Method Remix) - LPU Rarities,18,Hybrid Theory (20th Anniversary Edition),A#,minor,A# minor
Linkin Park,2020-10-09,0.661,0.593,11,-4.927,1,0.0261,0.0333,1.5e-05,0.12,0.571,105.695,4,204933,False,Dialate - Xero Demo,1,Hybrid Theory (20th Anniversary Edition),B,major,B major
Linkin Park,2020-10-09,0.654,0.883,1,-6.454,1,0.0534,0.0142,0.000624,0.349,0.636,105.125,4,241214,False,Pictureboard,2,Hybrid Theory (20th Anniversary Edition),C#,major,C# major
Linkin Park,2020-10-09,0.664,0.734,6,-5.848,1,0.0462,0.0614,0.725,0.126,0.864,97.997,4,305847,False,She Couldn't,3,Hybrid Theory (20th Anniversary Edition),F#,major,F# major
Linkin Park,2020-10-09,0.543,0.85,1,-6.76,0,0.0815,0.0532,0.0615,0.121,0.467,155.139,4,277025,False,Could Have Been,4,Hybrid Theory (20th Anniversary Edition),C#,minor,C# minor
Linkin Park,2020-10-09,0.72,0.929,9,-5.44,1,0.228,0.0105,0.000141,0.29,0.403,136.678,4,179520,False,Reading My Eyes - Xero Demo,5,Hybrid Theory (20th Anniversary Edition),A,major,A major
Linkin Park,2020-10-09,0.72,0.908,11,-4.189,1,0.203,0.00333,3.43e-05,0.741,0.588,108.048,4,220671,False,Rhinestone - Xero Demo,6,Hybrid Theory (20th Anniversary Edition),B,major,B major
Linkin Park,2020-10-09,0.358,0.925,11,-5.633,1,0.454,0.00521,0.0,0.579,0.541,88.464,5,187150,False,Esaul - Xero Demo,7,Hybrid Theory (20th Anniversary Edition),B,major,B major
Linkin Park,2020-10-09,0.666,0.811,11,-5.626,0,0.0829,0.00746,0.0,0.11,0.394,107.945,4,197305,False,Stick N Move - Demo,8,Hybrid Theory (20th Anniversary Edition),B,minor,B minor
Linkin Park,2020-10-09,0.333,0.804,11,-4.612,1,0.102,0.00997,4.29e-06,0.122,0.127,114.725,4,178968,False,Carousel - Demo,9,Hybrid Theory (20th Anniversary Edition),B,major,B major
Linkin Park,2020-10-09,0.415,0.916,11,-4.218,1,0.138,0.00092,2.08e-06,0.0598,0.819,94.453,4,200950,False,Points of Authority - Demo,10,Hybrid Theory (20th Anniversary Edition),B,major,B major
Linkin Park,2020-10-09,0.638,0.658,4,-5.264,1,0.0293,0.00222,0.00233,0.272,0.297,104.994,4,229531,False,Crawling - Demo,11,Hybrid Theory (20th Anniversary Edition),E,major,E major
Linkin Park,2020-10-09,0.52,0.794,6,-5.288,0,0.12,0.00367,0.000597,0.244,0.371,102.751,4,198106,False,SuperXero - By Myself Demo,12,Hybrid Theory (20th Anniversary Edition),F#,minor,F# minor
Linkin Park,2017-12-15,0.466,0.725,2,-7.79,0,0.0568,0.00739,0.00728,0.722,0.342,124.013,4,316533,False,Talking to Myself - One More Light Live,1,One More Light Live,D,minor,D minor
Linkin Park,2017-12-15,0.658,0.781,9,-6.472,0,0.0509,0.0639,0.0,0.485,0.542,110.008,4,253573,True,Burn It Down - One More Light Live,2,One More Light Live,A,minor,A minor
Linkin Park,2017-12-15,0.577,0.915,10,-4.964,1,0.0465,0.0843,2.03e-05,0.38,0.656,74.506,4,225133,False,Battle Symphony - One More Light Live,3,One More Light Live,A#,major,A# major
Linkin Park,2017-12-15,0.463,0.87,5,-5.955,0,0.0473,0.00029,1.66e-06,0.701,0.26,117.945,4,270560,False,New Divide - One More Light Live,4,One More Light Live,F,minor,F minor
Linkin Park,2017-12-15,0.535,0.657,1,-9.407,0,0.105,0.168,2.09e-06,0.906,0.3,84.918,4,270186,False,Invisible - One More Light Live,5,One More Light Live,C#,minor,C# minor
Linkin Park,2017-12-15,0.544,0.678,11,-7.962,1,0.0618,0.461,1.32e-06,0.994,0.487,69.981,4,239986,False,Nobody Can Save Me - One More Light Live,6,One More Light Live,B,major,B major
Linkin Park,2017-12-15,0.254,0.298,8,-12.873,1,0.0334,0.644,4.33e-05,0.985,0.0883,168.253,4,259386,False,One More Light - One More Light Live,7,One More Light Live,G#,major,G# major
Linkin Park,2017-12-15,0.289,0.303,1,-12.032,1,0.0382,0.832,0.0,0.866,0.208,146.651,1,209493,False,Crawling - One More Light Live,8,One More Light Live,C#,major,C# major
Linkin Park,2017-12-15,0.413,0.694,0,-7.984,1,0.0562,0.00286,0.00172,0.845,0.276,159.982,4,290720,False,Leave Out All The Rest - One More Light Live,9,One More Light Live,C,major,C major
Linkin Park,2017-12-15,0.676,0.865,9,-7.685,0,0.123,0.229,0.0,0.714,0.271,127.98,4,248880,True,Good Goodbye (feat. Stormzy) - One More Light Live,10,One More Light Live,A,minor,A minor
Linkin Park,2017-12-15,0.531,0.859,5,-6.138,1,0.0383,0.000509,0.00265,0.963,0.29,119.994,4,273440,False,What I've Done - One More Light Live,11,One More Light Live,F,major,F major
Linkin Park,2017-12-15,0.355,0.89,3,-6.637,0,0.15,0.0131,0.0,0.912,0.287,104.838,4,228186,False,In the End - One More Light Live,12,One More Light Live,D#,minor,D# minor
Linkin Park,2017-12-15,0.425,0.453,5,-8.354,1,0.0671,0.64,1.16e-06,0.856,0.191,108.113,4,287546,False,Sharp Edges - One More Light Live,13,One More Light Live,F,major,F major
Linkin Park,2017-12-15,0.326,0.796,6,-6.507,0,0.109,0.0857,0.0,0.0919,0.32,100.963,1,230573,False,Numb - One More Light Live,14,One More Light Live,F#,minor,F# minor
Linkin Park,2017-12-15,0.461,0.862,6,-7.135,0,0.0965,0.0582,0.0,0.953,0.306,150.028,4,176413,True,Heavy - One More Light Live,15,One More Light Live,F#,minor,F# minor
Linkin Park,2017-12-15,0.372,0.966,11,-6.049,1,0.134,0.0016,0.0,0.858,0.214,140.092,4,297240,True,Bleed It Out - One More Light Live,16,One More Light Live,B,major,B major
Linkin Park,2017-05-19,0.645,0.688,11,-4.749,1,0.0341,0.0107,0.0,0.186,0.433,139.957,4,225546,False,Nobody Can Save Me,1,One More Light,B,major,B major
Linkin Park,2017-05-19,0.697,0.84,9,-4.602,0,0.054,0.106,0.0,0.748,0.452,128.034,4,211413,False,Good Goodbye (feat. Pusha T and Stormzy),2,One More Light,A,minor,A minor
Linkin Park,2017-05-19,0.593,0.712,2,-6.325,0,0.0286,0.00184,0.0,0.128,0.473,124.013,4,231306,False,Talking to Myself,3,One More Light,D,minor,D minor
Linkin Park,2017-05-19,0.653,0.839,10,-5.077,1,0.0685,0.0369,0.0,0.068,0.669,149.034,4,216281,False,Battle Symphony,4,One More Light,A#,major,A# major
Linkin Park,2017-05-19,0.47,0.74,11,-6.093,1,0.07,0.0455,0.0,0.091,0.562,84.841,4,214346,False,Invisible,5,One More Light,B,major,B major
Linkin Park,2017-05-19,0.59,0.671,9,-6.098,1,0.0706,0.0484,0.0,0.0604,0.438,149.982,4,169800,True,Heavy (feat. Kiiara),6,One More Light,A,major,A major
Linkin Park,2017-05-19,0.608,0.584,1,-6.652,1,0.0352,0.00995,0.0,0.203,0.251,94.956,4,203653,False,Sorry for Now,7,One More Light,C#,major,C# major
Linkin Park,2017-05-19,0.655,0.626,6,-7.155,0,0.045,0.0134,0.0,0.349,0.498,134.028,4,217066,False,Halfway Right,8,One More Light,F#,minor,F# minor
Linkin Park,2017-05-19,0.593,0.2,8,-11.063,1,0.0311,0.904,0.0,0.0897,0.17,83.966,4,255066,False,One More Light,9,One More Light,G#,major,G# major
Linkin Park,2017-05-19,0.652,0.714,0,-5.678,1,0.0562,0.145,0.0,0.154,0.624,112.029,4,178200,False,Sharp Edges,10,One More Light,C,major,C major
Linkin Park,2014-06-09,0.563,0.442,11,-5.755,1,0.881,0.899,0.0,0.88,0.451,183.723,3,218555,True,Keys to the Kingdom - Acapella,1,The Hunting Party: Acapellas + Instrumentals,B,major,B major
Linkin Park,2014-06-09,0.708,0.573,4,-6.727,1,0.571,0.759,0.0,0.124,0.312,159.792,4,213662,True,All for Nothing (feat. Page Hamilton) - Acapella,2,The Hunting Party: Acapellas + Instrumentals,E,major,E major
Linkin Park,2014-06-09,0.586,0.226,11,-8.807,0,0.915,0.684,0.0,0.105,0.201,199.618,4,353595,False,Guilty All the Same (feat. Rakim) - Acapella,3,The Hunting Party: Acapellas + Instrumentals,B,minor,B minor
Linkin Park,2014-06-09,0.447,0.683,9,-10.594,1,0.425,0.711,0.00125,0.274,0.0735,141.124,1,131168,False,War - Acapella,4,The Hunting Party: Acapellas + Instrumentals,A,major,A major
Linkin Park,2014-06-09,0.611,0.741,9,-4.657,0,0.862,0.766,0.0,0.166,0.358,83.584,4,195902,False,Wastelands - Acapella,5,The Hunting Party: Acapellas + Instrumentals,A,minor,A minor
Linkin Park,2014-06-09,0.547,0.394,7,-9.029,1,0.0681,0.857,0.0,0.495,0.338,114.725,4,233248,False,Until It's Gone - Acapella,6,The Hunting Party: Acapellas + Instrumentals,G,major,G major
Linkin Park,2014-06-09,0.584,0.681,10,-5.547,1,0.322,0.727,0.0,0.282,0.303,65.227,4,224168,False,Rebellion (feat. Daron Malakian) - Acapella,7,The Hunting Party: Acapellas + Instrumentals,A#,major,A# major
Linkin Park,2014-06-09,0.457,0.0671,11,-9.572,1,0.249,0.898,0.0,0.651,0.286,134.364,4,305022,False,Mark the Graves - Acapella,8,The Hunting Party: Acapellas + Instrumentals,B,major,B major
Linkin Park,2014-06-09,0.67,0.464,3,-7.273,1,0.0947,0.789,0.0,0.0589,0.234,81.968,4,217622,False,Final Masquerade - Acapella,9,The Hunting Party: Acapellas + Instrumentals,D#,major,D# major
Linkin Park,2014-06-09,0.751,0.0491,2,-8.541,1,0.249,0.935,0.0,0.102,0.254,100.249,4,395062,False,A Line in the Sand - Acapella,10,The Hunting Party: Acapellas + Instrumentals,D,major,D major
Linkin Park,2014-06-09,0.34,0.98,6,-4.867,0,0.0756,0.000468,0.741,0.23,0.234,184.049,4,208560,False,Keys to the Kingdom - Instrumental,11,The Hunting Party: Acapellas + Instrumentals,F#,minor,F# minor
Linkin Park,2014-06-09,0.409,0.96,4,-4.109,0,0.0592,5.52e-06,0.857,0.36,0.334,160.035,4,194160,False,All for Nothing - Instrumental,12,The Hunting Party: Acapellas + Instrumentals,E,minor,E minor
Linkin Park,2014-06-09,0.474,0.962,2,-4.859,0,0.037,0.00217,0.737,0.288,0.541,100.005,4,354453,False,Guilty All the Same - Instrumental,13,The Hunting Party: Acapellas + Instrumentals,D,minor,D minor
Linkin Park,2014-06-09,0.281,0.907,9,-8.658,0,0.782,0.923,0.273,0.698,0.0739,145.049,3,62080,False,The Summoning - Instrumental,14,The Hunting Party: Acapellas + Instrumentals,A,minor,A minor
Linkin Park,2014-06-09,0.372,0.985,4,-3.342,0,0.17,0.000313,0.873,0.526,0.155,142.428,4,125080,False,War - Instrumental,15,The Hunting Party: Acapellas + Instrumentals,E,minor,E minor
Linkin Park,2014-06-09,0.412,0.992,5,-4.919,1,0.0862,0.000263,0.889,0.278,0.64,170.106,4,198000,False,Wastelands - Instrumental,16,The Hunting Party: Acapellas + Instrumentals,F,major,F major
Linkin Park,2014-06-09,0.496,0.874,4,-4.475,0,0.0369,0.00284,0.643,0.11,0.318,115.007,4,221040,False,Until It's Gone - Instrumental,17,The Hunting Party: Acapellas + Instrumentals,E,minor,E minor
Linkin Park,2014-06-09,0.485,0.977,8,-3.571,1,0.0551,0.000166,0.826,0.128,0.352,130.046,4,225133,False,Rebellion - Instrumental,18,The Hunting Party: Acapellas + Instrumentals,G#,major,G# major
Linkin Park,2014-06-09,0.436,0.938,9,-3.894,1,0.0804,0.00055,0.713,0.123,0.149,134.965,4,302093,False,Mark the Graves - Instrumental,19,The Hunting Party: Acapellas + Instrumentals,A,major,A major
Linkin Park,2014-06-09,0.39,0.535,4,-12.24,0,0.0296,0.744,0.955,0.0722,0.0521,134.5,4,191546,False,Drawbar - Instrumental,20,The Hunting Party: Acapellas + Instrumentals,E,minor,E minor
Linkin Park,2014-06-09,0.503,0.832,3,-5.681,1,0.0408,0.000219,0.749,0.604,0.393,81.969,4,220293,False,Final Masquerade - Instrumental,21,The Hunting Party: Acapellas + Instrumentals,D#,major,D# major
Linkin Park,2014-06-09,0.533,0.952,7,-5.343,1,0.0596,0.00333,0.828,0.127,0.0367,100.041,4,397773,False,A Line in the Sand - Instrumental,22,The Hunting Party: Acapellas + Instrumentals,G,major,G major
Linkin Park,2014-06-09,0.395,0.976,7,-4.553,1,0.137,0.00735,0.000222,0.379,0.334,184.011,4,218546,True,Keys to the Kingdom,1,The Hunting Party,G,major,G major
Linkin Park,2014-06-09,0.461,0.958,4,-3.852,0,0.124,0.000203,9.33e-06,0.459,0.264,159.974,4,213653,True,All for Nothing (feat. Page Hamilton),2,The Hunting Party,E,minor,E minor
Linkin Park,2014-06-09,0.566,0.969,2,-3.369,0,0.046,0.0287,0.000442,0.281,0.641,100.012,4,355120,False,Guilty All the Same (feat. Rakim),3,The Hunting Party,D,minor,D minor
Linkin Park,2014-06-09,0.294,0.926,9,-8.833,0,0.769,0.914,0.0992,0.713,0.0397,143.747,3,60440,False,The Summoning,4,The Hunting Party,A,minor,A minor
Linkin Park,2014-06-09,0.371,0.991,0,-3.237,1,0.254,0.00748,0.651,0.929,0.0757,142.309,4,131160,False,War,5,The Hunting Party,C,major,C major
Linkin Park,2014-06-09,0.44,0.993,2,-3.481,0,0.184,0.0104,0.0,0.964,0.614,169.77,4,195893,False,Wastelands,6,The Hunting Party,D,minor,D minor
Linkin Park,2014-06-09,0.47,0.878,4,-3.391,0,0.0429,0.0172,0.054,0.235,0.322,114.986,4,233240,False,Until It's Gone,7,The Hunting Party,E,minor,E minor
Linkin Park,2014-06-09,0.508,0.971,8,-3.027,1,0.0788,0.00145,0.0,0.62,0.325,130.023,4,224160,False,Rebellion (feat. Daron Malakian),8,The Hunting Party,G#,major,G# major
Linkin Park,2014-06-09,0.442,0.925,9,-3.781,1,0.0648,0.00195,0.496,0.0851,0.196,134.94,4,305013,False,Mark the Graves,9,The Hunting Party,A,major,A major
Linkin Park,2014-06-09,0.389,0.532,4,-10.796,0,0.028,0.749,0.923,0.108,0.0637,68.462,4,166933,False,Drawbar (feat. Tom Morello),10,The Hunting Party,E,minor,E minor
Linkin Park,2014-06-09,0.466,0.852,3,-4.487,1,0.0585,0.00774,2.6e-06,0.0989,0.428,164.032,4,217613,False,Final Masquerade,11,The Hunting Party,D#,major,D# major
Linkin Park,2014-06-09,0.291,0.922,2,-4.968,1,0.0885,0.037,0.0198,0.101,0.0404,99.706,4,395066,False,A Line in the Sand,12,The Hunting Party,D,major,D major
Linkin Park,2013-10-25,0.687,0.871,0,-5.531,1,0.0689,0.00225,0.00708,0.134,0.539,115.0,4,229439,False,A LIGHT THAT NEVER COMES,1,RECHARGED,C,major,C major
Linkin Park,2013-10-25,0.473,0.858,1,-4.982,0,0.0533,0.00156,0.242,0.115,0.0439,124.987,4,380306,False,CASTLE OF GLASS - M. Shinoda Remix,2,RECHARGED,C#,minor,C# minor
Linkin Park,2013-10-25,0.456,0.839,9,-4.615,0,0.0555,0.0345,0.00189,0.11,0.0584,139.655,4,309040,False,LOST IN THE ECHO - KillSonik Remix,3,RECHARGED,A,minor,A minor
Linkin Park,2013-10-25,0.535,0.982,7,-2.003,1,0.107,0.00131,0.0483,0.101,0.576,99.996,4,179706,False,VICTIMIZED - M. Shinoda Remix,4,RECHARGED,G,major,G major
Linkin Park,2013-10-25,0.557,0.963,7,-3.015,1,0.0544,0.0142,1.69e-05,0.192,0.437,139.986,4,240680,False,I'LL BE GONE (feat. Pusha T) - Vice Remix,5,RECHARGED,G,major,G major
Linkin Park,2013-10-25,0.457,0.909,11,-4.458,0,0.171,0.000212,0.037,0.332,0.333,174.91,4,290573,False,LIES GREED MISERY - Dirtyphonics Remix,6,RECHARGED,B,minor,B minor
Linkin Park,2013-10-25,0.544,0.612,8,-6.966,0,0.0524,0.0104,2.47e-06,0.289,0.315,133.039,4,328093,False,ROADS UNTRAVELED (feat. Bun B) - Rad Omen Remix,7,RECHARGED,G#,minor,G# minor
Linkin Park,2013-10-25,0.589,0.736,8,-4.106,1,0.141,0.000108,0.00312,0.332,0.457,128.037,4,367706,False,POWERLESS - Enferno Remix,8,RECHARGED,G#,major,G# major
Linkin Park,2013-10-25,0.501,0.924,9,-2.644,0,0.108,0.0276,0.0103,0.181,0.176,127.997,4,286453,False,BURN IT DOWN - Tom Swoon Remix,9,RECHARGED,A,minor,A minor
Linkin Park,2013-10-25,0.49,0.923,1,-2.366,1,0.0437,0.000404,0.00478,0.0958,0.378,174.059,4,360560,False,UNTIL IT BREAKS - Datsik Remix,10,RECHARGED,C#,major,C# major
Linkin Park,2013-10-25,0.433,0.827,9,-3.816,1,0.282,0.062,0.0,0.369,0.655,166.154,4,234186,False,SKIN TO BONE (feat. Cody B. Ware and Ryu) - Nick Catchdubs Remix,11,RECHARGED,A,major,A major
Linkin Park,2013-10-25,0.629,0.902,7,-1.084,1,0.0344,0.000318,0.00881,0.14,0.18,129.999,4,371653,False,I'LL BE GONE - Schoolboy Remix,12,RECHARGED,G,major,G major
Linkin Park,2013-10-25,0.32,0.885,2,-3.984,1,0.321,0.0368,0.000265,0.119,0.29,170.036,4,269773,False,UNTIL IT BREAKS - Money Mark Headphone Remix,13,RECHARGED,D,major,D major
Linkin Park,2013-10-25,0.756,0.751,0,-5.636,1,0.0401,0.118,0.0495,0.0955,0.586,115.0,4,280026,False,A LIGHT THAT NEVER COMES - Rick Rubin Reboot,14,RECHARGED,C,major,C major
Linkin Park,2012-06-19,0.514,0.982,9,-4.246,0,0.0408,0.000473,0.957,0.264,0.702,119.993,4,205720,False,LOST IN THE ECHO - Instrumental,1,LIVING THINGS: Acapellas and Instrumentals,A,minor,A minor
Linkin Park,2012-06-19,0.492,0.957,9,-7.359,0,0.04,0.000307,0.79,0.323,0.0973,101.01,4,202610,False,IN MY REMAINS - Instrumental,2,LIVING THINGS: Acapellas and Instrumentals,A,minor,A minor
Linkin Park,2012-06-19,0.524,0.987,9,-6.461,0,0.0543,0.000344,0.946,0.125,0.566,110.013,4,230442,False,BURN IT DOWN - Instrumental,3,LIVING THINGS: Acapellas and Instrumentals,A,minor,A minor
Linkin Park,2012-06-19,0.497,0.958,11,-6.497,0,0.0538,0.00185,0.787,0.0727,0.605,160.011,4,146080,False,LIES GREED MISERY - Instrumental,4,LIVING THINGS: Acapellas and Instrumentals,B,minor,B minor
Linkin Park,2012-06-19,0.506,0.931,4,-5.653,0,0.032,0.000163,0.924,0.122,0.423,140.025,4,212137,False,I'LL BE GONE - Instrumental,5,LIVING THINGS: Acapellas and Instrumentals,E,minor,E minor
Linkin Park,2012-06-19,0.673,0.9,1,-6.504,0,0.0268,0.0467,0.882,0.097,0.667,108.009,4,205669,False,CASTLE OF GLASS - Instrumental,6,LIVING THINGS: Acapellas and Instrumentals,C#,minor,C# minor
Linkin Park,2012-06-19,0.426,0.988,2,-4.839,1,0.133,0.0302,0.792,0.282,0.138,189.923,4,108534,False,VICTIMIZED - Instrumental,7,LIVING THINGS: Acapellas and Instrumentals,D,major,D major
Linkin Park,2012-06-19,0.581,0.768,8,-7.464,0,0.0288,0.173,0.911,0.126,0.246,100.004,3,230459,False,ROADS UNTRAVELED - Instrumental,8,LIVING THINGS: Acapellas and Instrumentals,G#,minor,G# minor
Linkin Park,2012-06-19,0.554,0.98,2,-4.954,0,0.0421,0.0064,0.814,0.342,0.777,159.93,4,168233,False,SKIN TO BONE - Instrumental,9,LIVING THINGS: Acapellas and Instrumentals,D,minor,D minor
Linkin Park,2012-06-19,0.465,0.684,4,-8.556,0,0.263,0.125,0.809,0.332,0.319,170.036,4,235760,False,UNTIL IT BREAKS - Instrumental,10,LIVING THINGS: Acapellas and Instrumentals,E,minor,E minor
Linkin Park,2012-06-19,0.596,0.755,5,-8.407,0,0.031,0.0209,0.95,0.0775,0.468,140.009,1,303872,False,TINFOIL / POWERLESS - Instrumental,11,LIVING THINGS: Acapellas and Instrumentals,F,minor,F minor
Linkin Park,2012-06-19,0.742,0.791,7,-7.651,1,0.283,0.675,0.0,0.15,0.643,120.023,4,176844,False,LOST IN THE ECHO - Acapella,12,LIVING THINGS: Acapellas and Instrumentals,G,major,G major
Linkin Park,2012-06-19,0.656,0.4,4,-8.821,0,0.0787,0.753,0.0,0.348,0.325,101.09,4,163957,False,IN MY REMAINS - Acapella,13,LIVING THINGS: Acapellas and Instrumentals,E,minor,E minor
Linkin Park,2012-06-19,0.387,0.484,9,-7.625,0,0.0769,0.81,0.0,0.137,0.631,71.116,4,176217,False,BURN IT DOWN - Acapella,14,LIVING THINGS: Acapellas and Instrumentals,A,minor,A minor
Linkin Park,2012-06-19,0.66,0.871,9,-7.166,1,0.521,0.65,0.0,0.629,0.481,80.154,4,134841,False,LIES GREED MISERY - Acapella,15,LIVING THINGS: Acapellas and Instrumentals,A,major,A major
Linkin Park,2012-06-19,0.482,0.533,7,-7.431,1,0.0789,0.762,0.0,0.0917,0.43,141.601,4,179755,False,I'LL BE GONE - Acapella,16,LIVING THINGS: Acapellas and Instrumentals,G,major,G major
Linkin Park,2012-06-19,0.293,0.386,1,-7.754,0,0.054,0.637,0.0,0.0813,0.0645,76.171,3,169073,False,CASTLE OF GLASS - Acapella,17,LIVING THINGS: Acapellas and Instrumentals,C#,minor,C# minor
Linkin Park,2012-06-19,0.73,0.824,9,-6.951,0,0.432,0.872,0.0,0.798,0.519,95.104,4,74895,False,VICTIMIZED - Acapella,18,LIVING THINGS: Acapellas and Instrumentals,A,minor,A minor
Linkin Park,2012-06-19,0.459,0.175,3,-15.68,0,0.0468,0.853,0.0,0.356,0.196,99.964,3,191062,False,ROADS UNTRAVELED - Acapella,19,LIVING THINGS: Acapellas and Instrumentals,D#,minor,D# minor
Linkin Park,2012-06-19,0.365,0.509,4,-7.934,0,0.0849,0.785,0.0,0.393,0.194,81.685,4,157631,False,SKIN TO BONE - Acapella,20,LIVING THINGS: Acapellas and Instrumentals,E,minor,E minor
Linkin Park,2012-06-19,0.42,0.534,9,-7.843,1,0.131,0.858,0.0,0.362,0.334,81.183,4,223362,False,UNTIL IT BREAKS - Acapella,21,LIVING THINGS: Acapellas and Instrumentals,A,major,A major
Linkin Park,2012-06-19,0.308,0.235,3,-9.559,1,0.0504,0.871,0.0,0.103,0.17,87.999,4,206953,False,POWERLESS - Acapella,22,LIVING THINGS: Acapellas and Instrumentals,D#,major,D# major
Linkin Park,2012-06-19,0.546,0.98,9,-3.02,0,0.0619,0.0154,0.0,0.31,0.478,120.037,4,205120,False,LOST IN THE ECHO,1,LIVING THINGS,A,minor,A minor
Linkin Park,2012-06-19,0.553,0.907,9,-5.623,0,0.0484,0.00401,0.0,0.266,0.451,100.967,4,200693,False,IN MY REMAINS,2,LIVING THINGS,A,minor,A minor
Linkin Park,2012-06-19,0.585,0.972,9,-4.45,0,0.0534,0.0143,0.0,0.0707,0.585,110.006,4,230253,False,BURN IT DOWN,3,LIVING THINGS,A,minor,A minor
Linkin Park,2012-06-19,0.545,0.962,7,-4.552,1,0.14,0.0133,0.0,0.059,0.539,160.017,4,146493,False,LIES GREED MISERY,4,LIVING THINGS,G,major,G major
Linkin Park,2012-06-19,0.501,0.927,7,-4.58,1,0.0292,0.00686,0.0,0.131,0.611,139.961,4,211093,False,I'LL BE GONE,5,LIVING THINGS,G,major,G major
Linkin Park,2012-06-19,0.615,0.911,1,-3.584,0,0.0278,0.0686,0.00188,0.0908,0.685,108.0,4,205400,False,CASTLE OF GLASS,6,LIVING THINGS,C#,minor,C# minor
Linkin Park,2012-06-19,0.557,0.99,2,-3.902,1,0.194,0.0818,3.14e-05,0.373,0.128,95.055,4,106360,False,VICTIMIZED,7,LIVING THINGS,D,major,D major
Linkin Park,2012-06-19,0.599,0.788,8,-6.25,0,0.0294,0.263,0.00525,0.155,0.581,100.001,3,229933,False,ROADS UNTRAVELED,8,LIVING THINGS,G#,minor,G# minor
Linkin Park,2012-06-19,0.471,0.977,9,-3.593,0,0.054,0.0435,0.0777,0.433,0.762,159.992,4,168346,False,SKIN TO BONE,9,LIVING THINGS,A,minor,A minor
Linkin Park,2012-06-19,0.316,0.835,2,-6.67,1,0.321,0.0489,0.000774,0.287,0.415,170.061,4,223400,False,UNTIL IT BREAKS,10,LIVING THINGS,D,major,D major
Linkin Park,2012-06-19,0.519,0.557,5,-15.587,0,0.0356,0.617,0.929,0.235,0.734,140.003,4,71893,False,TINFOIL,11,LIVING THINGS,F,minor,F minor
Linkin Park,2012-06-19,0.508,0.88,5,-6.441,0,0.0448,0.0621,9.43e-05,0.15,0.337,140.065,1,224466,False,POWERLESS,12,LIVING THINGS,F,minor,F minor
Linkin Park,2012-06-19,0.224,0.92,1,-8.013,1,0.822,0.247,0.941,0.88,0.212,170.089,4,150373,False,"The Requiem - Live from London, 2010",1,A Thousand Suns Live Around the World,C#,major,C# major
Linkin Park,2012-06-19,0.549,0.822,7,-5.256,1,0.0296,0.104,0.000169,0.962,0.423,120.015,3,252346,False,"Burning in the Skies - Live from Hamburg, 2011",2,A Thousand Suns Live Around the World,G,major,G major
Linkin Park,2012-06-19,0.527,0.894,1,-5.442,1,0.0691,0.0181,0.000493,0.694,0.373,92.007,4,306653,True,"When They Come for Me - Live from Paris, 2010",3,A Thousand Suns Live Around the World,C#,major,C# major
Linkin Park,2012-06-19,0.348,0.887,9,-6.016,0,0.0596,0.0652,0.415,0.36,0.142,120.116,4,110586,False,"Jornada Del Muerto - Live from Hamburg, 2011",4,A Thousand Suns Live Around the World,A,minor,A minor
Linkin Park,2012-06-19,0.46,0.953,4,-3.786,1,0.0765,0.0589,0.0,0.974,0.47,85.018,4,236493,False,"Waiting for the End - Live from Berlin, 2010",5,A Thousand Suns Live Around the World,E,major,E major
Linkin Park,2012-06-19,0.486,0.922,6,-4.152,0,0.119,0.121,0.000227,0.98,0.492,135.022,4,274466,True,"Blackout - Live from Hamburg, 2011",6,A Thousand Suns Live Around the World,F#,minor,F# minor
Linkin Park,2012-06-19,0.336,0.988,2,-3.098,1,0.313,0.0349,0.0,0.946,0.323,88.807,4,234653,True,"Wretches and Kings - Live from Las Vegas, 2011",7,A Thousand Suns Live Around the World,D,major,D major
Linkin Park,2012-06-19,0.448,0.775,0,-5.278,1,0.0364,0.232,0.00614,0.0915,0.226,120.055,4,298893,False,"Iridescent - Live from Paris, 2010",8,A Thousand Suns Live Around the World,C,major,C major
Linkin Park,2012-06-19,0.531,0.941,9,-4.756,0,0.0376,0.0301,0.0,0.0993,0.206,135.021,4,354186,False,"The Catalyst - Live from Paris, 2010",9,A Thousand Suns Live Around the World,A,minor,A minor
Linkin Park,2012-06-19,0.325,0.409,3,-5.711,1,0.0295,0.726,1.3e-05,0.188,0.187,109.001,4,233280,False,"The Messenger - Live from Las Vegas, 2011",10,A Thousand Suns Live Around the World,D#,major,D# major
Linkin Park,2012-06-12,0.0742,0.385,0,-6.932,1,0.0456,0.123,0.696,0.303,0.0396,175.025,5,108133,False,"Wake - Live from Taipei, 2007",1,Minutes to Midnight Live Around the World,C,major,C major
Linkin Park,2012-06-12,0.429,0.99,4,-2.976,0,0.107,0.000197,0.00011,0.507,0.175,100.066,4,198386,True,"Given Up - Live from Taipei, 2009",2,Minutes to Midnight Live Around the World,E,minor,E minor
Linkin Park,2012-06-12,0.369,0.796,0,-4.761,1,0.0386,0.0426,1.38e-05,0.866,0.332,79.944,4,202253,False,"Leave Out All The Rest - Live from Frankfurt, 2008",3,Minutes to Midnight Live Around the World,C,major,C major
Linkin Park,2012-06-12,0.327,0.984,6,-2.625,0,0.0903,0.00512,1.26e-05,0.383,0.246,139.942,4,333613,True,"Bleed It Out - Live from Melbourne, 2010",4,Minutes to Midnight Live Around the World,F#,minor,F# minor
Linkin Park,2012-06-12,0.401,0.686,11,-4.109,1,0.0431,0.0117,4.05e-06,0.931,0.282,109.985,4,272666,False,"Shadow of the Day - Live from Melbourne, 2010",5,Minutes to Midnight Live Around the World,B,major,B major
Linkin Park,2012-06-12,0.392,0.905,5,-3.845,1,0.0529,0.000497,1.58e-05,0.958,0.116,120.064,4,297986,False,"What I've Done - Live from New York, 2008",6,Minutes to Midnight Live Around the World,F,major,F major
Linkin Park,2012-06-12,0.422,0.876,9,-5.719,1,0.0544,0.00618,1.44e-05,0.741,0.249,103.575,4,239040,True,"Hands Held High - Live from Osaka, 2007",7,Minutes to Midnight Live Around the World,A,major,A major
Linkin Park,2012-06-12,0.386,0.99,5,-3.359,0,0.103,0.00171,0.000237,0.956,0.108,132.661,4,297160,False,"No More Sorrow - Live from Taipei, 2009",8,Minutes to Midnight Live Around the World,F,minor,F minor
Linkin Park,2012-06-12,0.402,0.788,0,-4.849,1,0.0405,1.43e-05,0.237,0.988,0.246,108.014,4,201333,False,"Valentine's Day - Live from Amnéville, 2008",9,Minutes to Midnight Live Around the World,C,major,C major
Linkin Park,2012-06-12,0.364,0.802,1,-7.386,1,0.0469,0.00168,0.000119,0.979,0.19,193.896,4,197813,False,"In Between - Live from Paris, 2008",10,Minutes to Midnight Live Around the World,C#,major,C# major
Linkin Park,2012-06-12,0.411,0.869,5,-4.77,0,0.0589,0.00511,0.0,0.705,0.506,160.008,4,222920,False,"In Pieces - Live from Koln, 2008",11,Minutes to Midnight Live Around the World,F,minor,F minor
Linkin Park,2012-06-12,0.317,0.545,7,-6.121,1,0.0327,0.00254,0.000444,0.746,0.0771,139.955,3,463160,False,"The Little Things Give You Away - Live from Shanghai, 2007",12,Minutes to Midnight Live Around the World,G,major,G major
Linkin Park,2012-06-05,0.279,0.957,7,-3.298,1,0.0934,2.18e-05,0.000346,0.469,0.412,90.193,4,196893,False,"Don't Stay - Live in Shanghai, 2007",1,Meteora Live Around the World,G,major,G major
Linkin Park,2012-06-05,0.298,0.967,10,-3.722,0,0.103,7.73e-06,0.0,0.971,0.384,162.133,4,249160,False,"Somewhere I Belong - Live in Koln, 2008",2,Meteora Live Around the World,A#,minor,A# minor
Linkin Park,2012-06-05,0.245,0.967,3,-3.401,0,0.197,0.000797,0.0,0.411,0.483,160.3,4,177600,False,"Lying from You - Live in New York, 2008",3,Meteora Live Around the World,D#,minor,D# minor
Linkin Park,2012-06-05,0.406,0.986,9,-3.393,1,0.155,0.00237,0.0,0.421,0.184,67.466,4,221533,False,"Faint - Live in Hamburg, 2011",4,Meteora Live Around the World,A,major,A major
Linkin Park,2012-06-05,0.419,0.946,4,-3.955,0,0.0421,0.0113,0.0,0.926,0.441,99.977,4,255986,False,"Breaking the Habit - Live in Hamburg, 2011",5,Meteora Live Around the World,E,minor,E minor
Linkin Park,2012-06-05,0.374,0.936,1,-3.309,1,0.0579,0.00999,1.96e-05,0.224,0.345,94.99,3,208866,False,"From the Inside - Live in Sydney, 2010",6,Meteora Live Around the World,C#,major,C# major
Linkin Park,2012-06-05,0.418,0.863,9,-4.766,1,0.0411,5.56e-05,0.0,0.936,0.133,110.039,4,221693,False,"Numb - Live in New York, 2008",7,Meteora Live Around the World,A,major,A major
Linkin Park,2012-05-31,0.337,0.994,9,-3.787,1,0.145,0.0628,0.0,0.964,0.205,149.825,4,188146,False,"Papercut - Live from Paris, 2010",1,Hybrid Theory Live Around the World,A,major,A major
Linkin Park,2012-05-31,0.339,0.977,1,-3.852,1,0.0815,0.000273,0.00428,0.376,0.173,94.971,4,253013,False,"One Step Closer - Live from Frankfurt, 2008",2,Hybrid Theory Live Around the World,C#,major,C# major
Linkin Park,2012-05-31,0.276,0.989,11,-2.937,1,0.168,0.00295,0.0,0.983,0.212,94.253,4,247360,True,"Points of Authority - Live from Sidney, 2007",3,Hybrid Theory Live Around the World,B,major,B major
Linkin Park,2012-05-31,0.49,0.738,4,-5.345,1,0.0424,0.0127,1.21e-06,0.352,0.286,105.032,4,281093,True,"Crawling - Live from Athens, 2009",4,Hybrid Theory Live Around the World,E,major,E major
Linkin Park,2012-05-31,0.213,0.874,3,-3.719,0,0.0505,0.00123,0.0,0.364,0.398,105.025,4,213386,True,"In the End - Live from Melbourne, 2010",5,Hybrid Theory Live Around the World,D#,minor,D# minor
Linkin Park,2012-05-31,0.363,0.995,11,-4.451,1,0.368,0.00284,7.27e-06,0.353,0.121,129.807,4,237253,False,"A Place for My Head - Live from Koln, 2008",6,Hybrid Theory Live Around the World,B,major,B major
Linkin Park,2012-05-31,0.56,0.976,10,-4.808,0,0.187,0.0773,0.917,0.81,0.365,99.982,4,103293,False,"Cure for the Itch - Live from Perth, 2007",7,Hybrid Theory Live Around the World,A#,minor,A# minor
Linkin Park,2012-05-31,0.291,0.46,6,-8.924,1,0.0459,0.763,0.0,0.955,0.368,91.27,4,221053,False,"Pushing Me Away - Live from Dallas, 2007",8,Hybrid Theory Live Around the World,F#,major,F# major
Linkin Park,2010-09-08,0.37,0.55,11,-11.393,0,0.304,0.838,0.264,0.674,0.031,170.097,4,121120,False,The Requiem,1,A Thousand Suns (Bonus Edition),B,minor,B minor
Linkin Park,2010-09-08,0.348,0.925,6,-10.886,0,0.546,0.573,0.000363,0.363,0.0381,87.71,4,57800,False,The Radiance,2,A Thousand Suns (Bonus Edition),F#,minor,F# minor
Linkin Park,2010-09-08,0.607,0.891,9,-4.56,0,0.0387,0.0417,0.00521,0.314,0.462,120.012,3,253160,False,Burning in the Skies,3,A Thousand Suns (Bonus Edition),A,minor,A minor
Linkin Park,2010-09-08,0.333,0.78,6,-16.711,0,0.0701,0.0174,0.9,0.878,0.038,80.293,5,18333,False,Empty Spaces,4,A Thousand Suns (Bonus Edition),F#,minor,F# minor
Linkin Park,2010-09-08,0.547,0.936,1,-4.232,1,0.049,0.00306,0.27,0.278,0.445,91.997,4,293453,True,When They Come for Me,5,A Thousand Suns (Bonus Edition),C#,major,C# major
Linkin Park,2010-09-08,0.58,0.784,7,-5.739,1,0.0289,0.0153,0.00912,0.142,0.214,129.993,4,268986,False,Robot Boy,6,A Thousand Suns (Bonus Edition),G,major,G major
Linkin Park,2010-09-08,0.336,0.854,9,-9.195,0,0.125,0.367,0.81,0.362,0.111,120.095,3,94906,False,Jornada Del Muerto,7,A Thousand Suns (Bonus Edition),A,minor,A minor
Linkin Park,2010-09-08,0.487,0.961,4,-4.139,1,0.132,0.0415,1.15e-06,0.553,0.323,170.005,4,231680,False,Waiting for the End,8,A Thousand Suns (Bonus Edition),E,major,E major
Linkin Park,2010-09-08,0.543,0.923,9,-3.992,1,0.0768,0.194,0.00446,0.43,0.366,134.997,4,279453,True,Blackout,9,A Thousand Suns (Bonus Edition),A,major,A major
Linkin Park,2010-09-08,0.595,0.961,4,-4.342,0,0.153,0.00931,1.2e-06,0.803,0.588,90.011,4,250586,False,Wretches and Kings,10,A Thousand Suns (Bonus Edition),E,minor,E minor
Linkin Park,2010-09-08,0.37,0.796,9,-13.52,0,0.43,0.981,0.647,0.43,0.0459,88.671,4,98773,False,"Wisdom, Justice, and Love",11,A Thousand Suns (Bonus Edition),A,minor,A minor
Linkin Park,2010-09-08,0.484,0.727,0,-6.107,1,0.0358,0.198,0.00204,0.107,0.216,120.066,4,296560,False,Iridescent,12,A Thousand Suns (Bonus Edition),C,major,C major
Linkin Park,2010-09-08,0.108,0.151,7,-19.382,1,0.0388,0.861,0.464,0.111,0.0333,168.514,3,83053,False,Fallout,13,A Thousand Suns (Bonus Edition),G,major,G major
Linkin Park,2010-09-08,0.56,0.925,0,-5.48,1,0.0362,0.0372,0.0,0.104,0.178,135.009,4,339853,False,The Catalyst,14,A Thousand Suns (Bonus Edition),C,major,C major
Linkin Park,2010-09-08,0.527,0.209,7,-12.113,1,0.0283,0.72,0.0,0.116,0.362,62.663,4,181893,False,The Messenger,15,A Thousand Suns (Bonus Edition),G,major,G major
Linkin Park,2010-09-08,0.51,0.938,5,-3.02,0,0.0466,8.8e-05,0.0,0.22,0.297,117.998,4,275653,False,"New Divide - Live from La Caja Mágica, Madrid, Spain, 11/7/2010",16,A Thousand Suns (Bonus Edition),F,minor,F minor
Linkin Park,2010-09-08,0.228,0.942,6,-4.992,0,0.153,0.000333,5.33e-06,0.991,0.374,85.016,4,244813,False,"Waiting for the End - Live from La Caja Mágica, Madrid, Spain, 11/7/2010",17,A Thousand Suns (Bonus Edition),F#,minor,F# minor
Linkin Park,2010-09-08,0.448,0.915,4,-3.542,0,0.0587,0.136,0.0,0.253,0.316,99.969,4,240760,False,"Breaking the Habit - Live from La Caja Mágica, Madrid, Spain, 11/7/2010",18,A Thousand Suns (Bonus Edition),E,minor,E minor
Linkin Park,2010-09-08,0.512,0.949,0,-3.883,1,0.0444,0.00459,0.0,0.23,0.0645,134.935,4,357440,False,"The Catalyst - Live from La Caja Mágica, Madrid, Spain, 11/7/2010",19,A Thousand Suns (Bonus Edition),C,major,C major
Linkin Park,2010-09-08,0.245,0.949,6,-3.68,1,0.0917,0.00205,0.0,0.981,0.362,104.976,4,228026,False,"In the End - Live from La Caja Mágica, Madrid, Spain, 11/7/2010",20,A Thousand Suns (Bonus Edition),F#,major,F# major
Linkin Park,2010-09-08,0.562,0.924,5,-3.288,1,0.0331,0.00146,0.0,0.39,0.34,120.046,4,212506,False,"What I've Done - Live from La Caja Mágica, Madrid, Spain, 11/7/2010",21,A Thousand Suns (Bonus Edition),F,major,F major
Linkin Park,2010-09-08,0.37,0.55,11,-11.393,0,0.304,0.838,0.264,0.674,0.031,170.097,4,121120,False,The Requiem,1,A Thousand Suns,B,minor,B minor
Linkin Park,2010-09-08,0.348,0.925,6,-10.886,0,0.546,0.573,0.000363,0.363,0.0381,87.71,4,57800,False,The Radiance,2,A Thousand Suns,F#,minor,F# minor
Linkin Park,2010-09-08,0.607,0.891,9,-4.56,0,0.0387,0.0417,0.00521,0.314,0.462,120.012,3,253160,False,Burning in the Skies,3,A Thousand Suns,A,minor,A minor
Linkin Park,2010-09-08,0.333,0.78,6,-16.711,0,0.0701,0.0174,0.9,0.878,0.038,80.293,5,18333,False,Empty Spaces,4,A Thousand Suns,F#,minor,F# minor
Linkin Park,2010-09-08,0.547,0.936,1,-4.232,1,0.049,0.00306,0.27,0.278,0.445,91.997,4,293453,True,When They Come for Me,5,A Thousand Suns,C#,major,C# major
Linkin Park,2010-09-08,0.58,0.784,7,-5.739,1,0.0289,0.0153,0.00912,0.142,0.214,129.993,4,268986,False,Robot Boy,6,A Thousand Suns,G,major,G major
Linkin Park,2010-09-08,0.336,0.854,9,-9.195,0,0.125,0.367,0.81,0.362,0.111,120.095,3,94906,False,Jornada Del Muerto,7,A Thousand Suns,A,minor,A minor
Linkin Park,2010-09-08,0.487,0.961,4,-4.139,1,0.132,0.0415,1.15e-06,0.553,0.323,170.005,4,231680,False,Waiting for the End,8,A Thousand Suns,E,major,E major
Linkin Park,2010-09-08,0.543,0.923,9,-3.992,1,0.0768,0.194,0.00446,0.43,0.366,134.997,4,279453,True,Blackout,9,A Thousand Suns,A,major,A major
Linkin Park,2010-09-08,0.595,0.961,4,-4.342,0,0.153,0.00931,1.2e-06,0.803,0.588,90.011,4,250586,False,Wretches and Kings,10,A Thousand Suns,E,minor,E minor
Linkin Park,2010-09-08,0.37,0.796,9,-13.52,0,0.43,0.981,0.647,0.43,0.0459,88.671,4,98773,False,"Wisdom, Justice, and Love",11,A Thousand Suns,A,minor,A minor
Linkin Park,2010-09-08,0.484,0.727,0,-6.107,1,0.0358,0.198,0.00204,0.107,0.216,120.066,4,296560,False,Iridescent,12,A Thousand Suns,C,major,C major
Linkin Park,2010-09-08,0.108,0.151,7,-19.382,1,0.0388,0.861,0.464,0.111,0.0333,168.514,3,83053,False,Fallout,13,A Thousand Suns,G,major,G major
Linkin Park,2010-09-08,0.56,0.925,0,-5.48,1,0.0362,0.0372,0.0,0.104,0.178,135.009,4,339853,False,The Catalyst,14,A Thousand Suns,C,major,C major
Linkin Park,2010-09-08,0.527,0.209,7,-12.113,1,0.0283,0.72,0.0,0.116,0.362,62.663,4,181893,False,The Messenger,15,A Thousand Suns,G,major,G major
Linkin Park,2008-11-21,0.353,0.979,9,-4.464,1,0.0942,4.97e-05,0.000125,0.41,0.242,94.995,4,247066,False,One Step Closer - Live,1,Road to Revolution (Live at Milton Keynes),A,major,A major
Linkin Park,2008-11-21,0.334,0.859,1,-4.157,1,0.0428,4.62e-06,0.00241,0.693,0.189,95.101,3,204693,False,From the Inside - Live,2,Road to Revolution (Live at Milton Keynes),C#,major,C# major
Linkin Park,2008-11-21,0.405,0.972,1,-4.874,0,0.118,5.97e-05,3.72e-05,0.811,0.186,132.659,4,306440,False,No More Sorrow - Live,3,Road to Revolution (Live at Milton Keynes),C#,minor,C# minor
Linkin Park,2008-11-21,0.533,0.957,2,-4.421,1,0.0752,3e-05,2.61e-06,0.589,0.312,100.008,4,195586,True,Given Up - Live,4,Road to Revolution (Live at Milton Keynes),D,major,D major
Linkin Park,2008-11-21,0.296,0.949,1,-5.208,1,0.149,8.29e-05,7.48e-05,0.722,0.431,160.001,4,199413,False,Lying from You - Live,5,Road to Revolution (Live at Milton Keynes),C#,major,C# major
Linkin Park,2008-11-21,0.5,0.936,4,-10.052,0,0.838,0.513,0.0,0.99,0.519,89.09,4,86573,True,Hands Held High - Live,6,Road to Revolution (Live at Milton Keynes),E,minor,E minor
Linkin Park,2008-11-21,0.444,0.733,0,-6.829,1,0.0382,0.00451,3.07e-06,0.981,0.233,79.999,4,203893,False,Leave Out All The Rest - Live,7,Road to Revolution (Live at Milton Keynes),C,major,C major
Linkin Park,2008-11-21,0.473,0.776,9,-5.957,1,0.0387,2.61e-05,0.0,0.965,0.0945,110.023,4,226120,False,Numb - Live,8,Road to Revolution (Live at Milton Keynes),A,major,A major
Linkin Park,2008-11-21,0.432,0.477,7,-8.082,1,0.0286,0.00108,0.00156,0.92,0.0605,139.98,3,439573,False,The Little Things Give You Away - Live,9,Road to Revolution (Live at Milton Keynes),G,major,G major
Linkin Park,2008-11-21,0.479,0.875,4,-6.774,0,0.0451,0.000907,0.0,0.971,0.223,99.97,4,264626,False,Breaking the Habit - Live,10,Road to Revolution (Live at Milton Keynes),E,minor,E minor
Linkin Park,2008-11-21,0.292,0.559,11,-7.806,1,0.0297,0.000138,0.00683,0.854,0.115,110.093,4,256853,False,Shadow of the Day - Live,11,Road to Revolution (Live at Milton Keynes),B,major,B major
Linkin Park,2008-11-21,0.273,0.47,4,-6.653,1,0.0301,0.00104,0.00264,0.117,0.0451,104.931,4,297840,False,Crawling - Live,12,Road to Revolution (Live at Milton Keynes),E,major,E major
Linkin Park,2008-11-21,0.487,0.854,3,-6.132,0,0.0519,0.000159,0.0,0.685,0.252,104.943,4,230413,False,In the End - Live,13,Road to Revolution (Live at Milton Keynes),D#,minor,D# minor
Linkin Park,2008-11-21,0.292,0.471,6,-7.694,1,0.0334,0.728,0.0,0.951,0.372,95.389,4,198786,False,Pushing Me Away - Live,14,Road to Revolution (Live at Milton Keynes),F#,major,F# major
Linkin Park,2008-11-21,0.3,0.918,7,-5.418,0,0.0903,0.00203,1.13e-05,0.99,0.22,119.978,4,301760,False,What I've Done - Live,15,Road to Revolution (Live at Milton Keynes),G,minor,G minor
Linkin Park,2008-11-21,0.47,0.954,6,-4.943,0,0.262,0.00494,1.04e-05,0.556,0.185,106.615,4,181866,True,Numb / Encore - Live,16,Road to Revolution (Live at Milton Keynes),F#,minor,F# minor
Linkin Park,2008-11-21,0.434,0.975,6,-4.878,0,0.19,0.00232,0.0,0.437,0.203,135.113,4,310520,True,Jigga What / Faint - Live,17,Road to Revolution (Live at Milton Keynes),F#,minor,F# minor
Linkin Park,2008-11-21,0.252,0.955,1,-5.06,0,0.0731,3.07e-05,0.000648,0.865,0.141,139.835,4,495000,False,Bleed It Out - Live,18,Road to Revolution (Live at Milton Keynes),C#,minor,C# minor
Linkin Park,2007-05-14,0.291,0.133,0,-11.381,1,0.0441,0.066,0.838,0.425,0.151,125.25,4,100625,False,Wake,1,Minutes to Midnight (Deluxe Edition),C,major,C major
Linkin Park,2007-05-14,0.642,0.873,4,-4.68,0,0.0449,0.00119,0.000142,0.0432,0.923,100.056,4,189338,True,Given Up,2,Minutes to Midnight (Deluxe Edition),E,minor,E minor
Linkin Park,2007-05-14,0.505,0.626,0,-6.835,1,0.0354,0.278,3.17e-06,0.295,0.216,80.022,4,209390,False,Leave Out All The Rest,3,Minutes to Midnight (Deluxe Edition),C,major,C major
Linkin Park,2007-05-14,0.515,0.957,4,-4.252,1,0.053,0.0948,0.0,0.599,0.596,139.999,4,164457,True,Bleed It Out,4,Minutes to Midnight (Deluxe Edition),E,major,E major
Linkin Park,2007-05-14,0.503,0.373,11,-8.367,1,0.0304,0.0148,0.0289,0.109,0.044,109.74,4,289633,False,Shadow of the Day,5,Minutes to Midnight (Deluxe Edition),B,major,B major
Linkin Park,2007-05-14,0.625,0.917,5,-5.576,1,0.0313,0.0135,0.0,0.16,0.305,120.093,4,205447,False,What I've Done,6,Minutes to Midnight (Deluxe Edition),F,major,F major
Linkin Park,2007-05-14,0.335,0.567,9,-9.699,1,0.0416,0.276,0.000354,0.197,0.126,103.987,4,233194,True,Hands Held High,7,Minutes to Midnight (Deluxe Edition),A,major,A major
Linkin Park,2007-05-14,0.558,0.933,11,-4.877,1,0.047,0.00445,4.88e-06,0.225,0.461,132.585,4,221764,False,No More Sorrow,8,Minutes to Midnight (Deluxe Edition),B,major,B major
Linkin Park,2007-05-14,0.64,0.64,5,-5.995,1,0.0291,0.0333,0.0275,0.241,0.437,108.018,4,196884,False,Valentine's Day,9,Minutes to Midnight (Deluxe Edition),F,major,F major
Linkin Park,2007-05-14,0.454,0.498,10,-10.585,0,0.0417,0.347,0.00686,0.108,0.318,193.928,4,196803,False,In Between,10,Minutes to Midnight (Deluxe Edition),A#,minor,A# minor
Linkin Park,2007-05-14,0.512,0.874,8,-6.507,1,0.0415,0.00871,7.08e-06,0.132,0.824,160.054,4,217987,False,In Pieces,11,Minutes to Midnight (Deluxe Edition),G#,major,G# major
Linkin Park,2007-05-14,0.556,0.491,7,-7.363,1,0.0286,0.0656,9.9e-05,0.0528,0.107,139.983,3,383507,False,The Little Things Give You Away,12,Minutes to Midnight (Deluxe Edition),G,major,G major
Linkin Park,2007-05-14,0.242,0.561,9,-4.833,0,0.0374,0.000338,0.0,0.405,0.224,120.019,4,228725,False,No Roads Left,13,Minutes to Midnight (Deluxe Edition),A,minor,A minor
Linkin Park,2007-05-14,0.494,0.905,1,-4.662,0,0.044,0.0367,1.41e-05,0.109,0.383,180.035,4,190186,False,Across the Line,14,Minutes to Midnight (Deluxe Edition),C#,minor,C# minor
Linkin Park,2007-05-14,0.718,0.889,4,-3.099,0,0.0762,0.000379,0.0463,0.0448,0.797,100.048,4,188760,False,Given Up - Third Encore Session,15,Minutes to Midnight (Deluxe Edition),E,minor,E minor
Linkin Park,2007-05-14,0.565,0.894,7,-4.349,0,0.0433,6.71e-05,0.0739,0.0802,0.595,120.025,4,227573,False,What I've Done - Distorted Remix,16,Minutes to Midnight (Deluxe Edition),G,minor,G minor
Linkin Park,2007-05-14,0.297,0.176,0,-11.93,1,0.0483,0.0645,0.798,0.416,0.185,124.851,3,100920,False,Wake,1,Minutes to Midnight,C,major,C major
Linkin Park,2007-05-14,0.655,0.886,7,-4.116,1,0.0435,0.00113,0.000409,0.0448,0.938,100.088,4,189293,True,Given Up,2,Minutes to Midnight,G,major,G major
Linkin Park,2007-05-14,0.514,0.637,0,-6.418,1,0.0363,0.213,2.27e-06,0.389,0.18,80.401,4,209306,False,Leave Out All The Rest,3,Minutes to Midnight,C,major,C major
Linkin Park,2007-05-14,0.544,0.932,4,-4.897,1,0.0472,0.0743,0.0,0.613,0.702,140.15,4,164760,True,Bleed It Out,4,Minutes to Midnight,E,major,E major
Linkin Park,2007-05-14,0.535,0.393,11,-7.813,1,0.0292,0.00479,0.0107,0.107,0.0666,110.017,4,290360,False,Shadow of the Day,5,Minutes to Midnight,B,major,B major
Linkin Park,2007-05-14,0.623,0.93,5,-5.285,1,0.0324,0.0141,1.64e-06,0.138,0.287,120.117,4,205613,False,What I've Done,6,Minutes to Midnight,F,major,F major
Linkin Park,2007-05-14,0.564,0.601,9,-8.597,1,0.0331,0.324,5.08e-05,0.195,0.132,104.0,4,233133,True,Hands Held High,7,Minutes to Midnight,A,major,A major
Linkin Park,2007-05-14,0.571,0.938,3,-4.206,0,0.0509,0.00333,1e-05,0.203,0.412,132.632,4,221693,False,No More Sorrow,8,Minutes to Midnight,D#,minor,D# minor
Linkin Park,2007-05-14,0.646,0.662,0,-5.579,1,0.0283,0.0244,0.0376,0.241,0.4,108.043,4,196840,False,Valentine's Day,9,Minutes to Midnight,C,major,C major
Linkin Park,2007-05-14,0.405,0.516,10,-10.356,0,0.0409,0.359,0.00513,0.106,0.284,193.98,4,196746,False,In Between,10,Minutes to Midnight,A#,minor,A# minor
Linkin Park,2007-05-14,0.511,0.885,8,-6.083,1,0.0411,0.00798,3.42e-06,0.134,0.8,160.1,4,218013,False,In Pieces,11,Minutes to Midnight,G#,major,G# major
Linkin Park,2007-05-14,0.566,0.479,7,-7.271,1,0.0288,0.0443,9.08e-05,0.0562,0.113,140.036,3,383506,False,The Little Things Give You Away,12,Minutes to Midnight,G,major,G major
Linkin Park,2007-05-14,0.497,0.936,9,-4.64,1,0.0853,0.00891,0.00964,0.0468,0.532,135.101,4,164280,False,"Faint - Live from Third Encore Studio, North Hollywood, CA, 3/14/2007",13,Minutes to Midnight,A,major,A major
Linkin Park,2007-05-14,0.617,0.839,5,-5.18,1,0.0303,0.00236,2.49e-05,0.141,0.528,120.071,4,204533,False,"What I've Done - Live from Third Encore Studio, North Hollywood, CA, 3/14/2007",14,Minutes to Midnight,F,major,F major
Linkin Park,2003-11-18,0.343,0.963,10,-4.953,0,0.143,0.000282,1.76e-06,0.963,0.407,162.183,4,217773,False,Somewhere I Belong - Live,1,Live in Texas,A#,minor,A# minor
Linkin Park,2003-11-18,0.4,0.986,6,-4.255,1,0.307,0.00462,0.0,0.935,0.511,160.302,4,187493,False,Lying from You - Live,2,Live in Texas,F#,major,F# major
Linkin Park,2003-11-18,0.445,0.997,1,-3.907,0,0.346,0.00148,0.0,0.791,0.318,149.956,4,186160,False,Papercut - Live,3,Live in Texas,C#,minor,C# minor
Linkin Park,2003-11-18,0.544,0.982,11,-3.985,1,0.0785,0.00691,1.14e-06,0.47,0.401,95.639,4,205133,False,Points of Authority - Live,4,Live in Texas,B,major,B major
Linkin Park,2003-11-18,0.604,0.97,11,-3.461,0,0.0959,0.0099,4.16e-06,0.969,0.486,109.944,4,191666,False,Runaway - Live,5,Live in Texas,B,minor,B minor
Linkin Park,2003-11-18,0.544,0.986,9,-3.334,1,0.192,0.0193,0.0,0.963,0.345,135.122,4,167040,False,Faint - Live,6,Live in Texas,A,major,A major
Linkin Park,2003-11-18,0.457,0.965,1,-5.049,0,0.0815,0.00026,0.413,0.977,0.444,95.0,3,185066,False,From the Inside - Live,7,Live in Texas,C#,minor,C# minor
Linkin Park,2003-11-18,0.527,0.858,8,-5.495,1,0.0429,0.0271,0.0106,0.959,0.291,102.995,4,305253,False,P5hng Me A*wy - Live,8,Live in Texas,G#,major,G# major
Linkin Park,2003-11-18,0.54,0.874,6,-5.442,0,0.0335,0.000128,0.00786,0.973,0.178,109.957,4,186773,False,Numb - Live,9,Live in Texas,F#,minor,F# minor
Linkin Park,2003-11-18,0.329,0.789,4,-5.47,1,0.0645,0.0314,0.00241,0.985,0.199,209.998,4,213853,False,Crawling - Live,10,Live in Texas,E,major,E major
Linkin Park,2003-11-18,0.479,0.968,3,-5.562,0,0.103,0.00175,0.0139,0.537,0.281,105.033,4,211760,False,In the End - Live,11,Live in Texas,D#,minor,D# minor
Linkin Park,2003-11-18,0.281,0.972,1,-5.653,0,0.263,0.00189,2.55e-06,0.973,0.39,94.901,4,253120,False,One Step Closer - Live,12,Live in Texas,C#,minor,C# minor
Linkin Park,2003-09-16,0.488,0.995,1,-3.096,0,0.109,0.00153,0.0,0.911,0.679,90.055,4,187933,False,Don't Stay,2,Meteora (Bonus Edition),C#,minor,C# minor
Linkin Park,2003-09-16,0.451,0.951,1,-3.754,1,0.0645,0.000386,2.56e-06,0.261,0.441,162.041,4,213933,False,Somewhere I Belong,3,Meteora (Bonus Edition),C#,major,C# major
Linkin Park,2003-09-16,0.531,0.952,3,-3.361,0,0.205,0.007,0.0,0.0672,0.76,160.125,4,175053,False,Lying from You,4,Meteora (Bonus Edition),D#,minor,D# minor
Linkin Park,2003-09-16,0.74,0.96,9,-3.692,1,0.193,0.063,0.0,0.0444,0.868,150.006,4,164213,False,Hit the Floor,5,Meteora (Bonus Edition),A,major,A major
Linkin Park,2003-09-16,0.546,0.861,3,-4.819,0,0.0341,0.0625,0.0,0.131,0.279,105.024,4,204173,False,Easier to Run,6,Meteora (Bonus Edition),D#,minor,D# minor
Linkin Park,2003-09-16,0.554,0.98,4,-3.514,1,0.108,0.127,0.0,0.0833,0.611,135.12,4,162106,False,Faint,7,Meteora (Bonus Edition),E,major,E major
Linkin Park,2003-09-16,0.499,0.95,9,-3.198,1,0.0639,0.00903,0.0,0.148,0.53,98.019,4,197506,False,Figure.09,8,Meteora (Bonus Edition),A,major,A major
Linkin Park,2003-09-16,0.58,0.865,4,-4.359,0,0.0313,0.105,0.0,0.106,0.587,100.016,4,196133,False,Breaking the Habit,9,Meteora (Bonus Edition),E,minor,E minor
Linkin Park,2003-09-16,0.448,0.967,1,-2.852,0,0.0804,0.045,0.0,0.575,0.361,94.984,3,175506,False,From the Inside,10,Meteora (Bonus Edition),C#,minor,C# minor
Linkin Park,2003-09-16,0.502,0.832,6,-3.723,0,0.296,0.105,1.15e-06,0.174,0.452,199.958,3,178866,False,Nobody's Listening,11,Meteora (Bonus Edition),F#,minor,F# minor
Linkin Park,2003-09-16,0.573,0.961,10,-5.66,1,0.0507,0.0533,0.91,0.353,0.188,98.006,4,144733,False,Session,12,Meteora (Bonus Edition),A#,major,A# major
Linkin Park,2003-09-16,0.488,0.87,6,-4.185,0,0.0421,0.00353,0.0,0.484,0.211,110.072,4,187520,False,Numb,13,Meteora (Bonus Edition),F#,minor,F# minor
Linkin Park,2003-09-16,0.396,0.974,6,-3.708,1,0.142,0.00853,0.0,0.968,0.65,160.048,4,184493,False,Lying from You - Live LP Underground Tour 2003,14,Meteora (Bonus Edition),F#,major,F# major
Linkin Park,2003-09-16,0.45,0.96,1,-4.467,0,0.0743,0.000983,0.000107,0.409,0.548,95.059,3,175960,False,From the Inside - Live LP Underground Tour 2003,15,Meteora (Bonus Edition),C#,minor,C# minor
Linkin Park,2003-09-16,0.496,0.92,3,-4.723,0,0.059,0.0707,0.0,0.116,0.314,105.02,4,202466,False,Easier to Run - Live LP Underground Tour 2003,16,Meteora (Bonus Edition),D#,minor,D# minor
Linkin Park,2002-07-29,0.16,0.163,1,-16.565,0,0.0382,0.641,0.335,0.0784,0.0352,80.726,4,67560,False,Opening,1,Reanimation,C#,minor,C# minor
Linkin Park,2002-07-29,0.506,0.976,8,-5.066,0,0.155,0.00185,0.00204,0.338,0.267,95.16,4,225520,False,Pts.Of.Athrty - Jay Gordon Reanimation,2,Reanimation,G#,minor,G# minor
Linkin Park,2002-07-29,0.752,0.796,6,-7.536,1,0.0503,0.00498,0.000245,0.471,0.887,104.992,4,243613,False,Enth E Nd (Kutmasta Kurt Reanimation) [feat. Motion Man],3,Reanimation,F#,major,F# major
Linkin Park,2002-07-29,0.818,0.514,10,-22.725,1,0.494,0.98,3.03e-06,0.59,0.57,114.901,5,23746,False,[Chali],4,Reanimation,A#,major,A# major
Linkin Park,2002-07-29,0.631,0.736,7,-6.96,0,0.0682,0.0336,0.0124,0.3,0.645,95.091,4,212293,False,Frgt/10 (Alchemist Reanimation) [feat. Chali 2na],5,Reanimation,G,minor,G minor
Linkin Park,2002-07-29,0.556,0.774,3,-6.342,0,0.0419,0.0376,0.00315,0.0538,0.614,103.188,4,277973,False,P5hng Me A*wy (Mike Shinoda Reanimation) [feat. Stephen Richards],6,Reanimation,D#,minor,D# minor
Linkin Park,2002-07-29,0.641,0.902,1,-7.068,1,0.18,0.181,0.0,0.654,0.524,133.273,4,260746,False,Plc.4 Mie Hæd (Amp Live Reanimation) [feat. Zion],7,Reanimation,C#,major,C# major
Linkin Park,2002-07-29,0.757,0.978,5,-3.749,0,0.215,0.0446,0.000796,0.0355,0.539,93.646,4,109493,True,X-Ecutioner Style (feat. Black Thought),8,Reanimation,F,minor,F minor
Linkin Park,2002-07-29,0.66,0.943,1,-4.166,0,0.277,0.129,0.0,0.557,0.599,93.696,4,210733,False,H! Vltg3 (Evidence Reanimation) [feat. Pharoahe Monch and DJ Babu],9,Reanimation,C#,minor,C# minor
Linkin Park,2002-07-29,0.474,0.301,5,-20.233,1,0.0973,0.993,1.14e-05,0.545,0.962,130.985,4,21906,False,[Riff Raff],10,Reanimation,F,major,F major
Linkin Park,2002-07-29,0.58,0.982,4,-3.428,0,0.0729,0.00696,4.82e-06,0.165,0.51,98.189,4,252306,False,Wth>You (Chairman Hahn Reanimation) [feat. Aceyalone],11,Reanimation,E,minor,E minor
Linkin Park,2002-07-29,0.45,0.0585,4,-25.115,1,0.154,0.994,0.969,0.669,0.0,206.529,4,29400,False,Ntr\mssion,12,Reanimation,E,major,E major
Linkin Park,2002-07-29,0.565,0.897,1,-6.319,1,0.111,0.000571,0.000879,0.646,0.601,150.356,4,206346,False,Ppr:kut (Cheapshot and Jubacca Reanimation) [feat. Rasco and Planet Asia],13,Reanimation,C#,major,C# major
Linkin Park,2002-07-29,0.602,0.921,7,-4.633,1,0.0604,0.00042,0.000272,0.0983,0.545,108.692,4,193400,False,Rnw@y (Backyard Bangers Reanimation) [feat. Phoenix Orion],14,Reanimation,G,major,G major
Linkin Park,2002-07-29,0.649,0.794,7,-8.597,1,0.0352,0.153,0.533,0.0724,0.253,104.7,4,258133,False,My<Dsmbr (Mickey P. Reanimation) [feat. Kelli Ali],15,Reanimation,G,major,G major
Linkin Park,2002-07-29,0.0,0.305,11,-21.081,0,0.0,0.992,0.0,0.589,0.0,0.0,0,10026,False,[Stef],16,Reanimation,B,minor,B minor
Linkin Park,2002-07-29,0.552,0.965,8,-4.873,0,0.102,0.000636,0.0924,0.119,0.258,103.212,4,222440,False,By_Myslf (Josh Abraham and Mike Shinoda Reanimation),17,Reanimation,G#,minor,G# minor
Linkin Park,2002-07-29,0.672,0.974,10,-5.604,0,0.113,0.0436,0.654,0.828,0.296,102.129,4,152533,False,Kyur4 Th Ich (Chairman Hahn Reanimation),18,Reanimation,A#,minor,A# minor
Linkin Park,2002-07-29,0.471,0.927,1,-5.76,1,0.0495,0.00272,0.537,0.115,0.232,96.149,4,346040,False,1Stp Klosr (The Humble Brothers Reanimation) [feat. Jonathan Davis],19,Reanimation,C#,major,C# major
Linkin Park,2002-07-29,0.415,0.528,4,-7.564,1,0.0293,0.088,0.00595,0.0746,0.0479,105.217,4,340253,False,Krwlng (Mike Shinoda Reanimation) [feat. Aaron Lewis],20,Reanimation,E,major,E major
Linkin Park,2000,0.524,0.939,9,-3.994,1,0.113,0.00022,0.0,0.623,0.661,150.184,4,184866,False,Papercut,1,Hybrid Theory (Bonus Edition),A,major,A major
Linkin Park,2000,0.492,0.969,9,-4.419,1,0.0491,0.0014,1.32e-06,0.0787,0.538,95.136,4,157333,False,One Step Closer,2,Hybrid Theory (Bonus Edition),A,major,A major
Linkin Park,2000,0.421,0.978,6,-4.004,0,0.302,0.0037,0.0,0.111,0.359,196.921,4,203266,False,With You,3,Hybrid Theory (Bonus Edition),F#,minor,F# minor
Linkin Park,2000,0.512,0.97,8,-3.886,0,0.212,0.03,0.0,0.0994,0.427,94.952,4,200240,False,Points of Authority,4,Hybrid Theory (Bonus Edition),G#,minor,G# minor
Linkin Park,2000,0.58,0.702,4,-5.565,1,0.0337,0.0466,3.2e-06,0.536,0.299,105.076,4,208960,False,Crawling,5,Hybrid Theory (Bonus Edition),E,major,E major
Linkin Park,2000,0.636,0.884,7,-4.743,1,0.0584,0.0142,0.0,0.253,0.446,109.16,4,183973,False,Runaway,6,Hybrid Theory (Bonus Edition),G,major,G major
Linkin Park,2000,0.544,0.935,6,-4.159,0,0.173,0.0171,0.00301,0.297,0.339,103.026,4,189800,False,By Myself,7,Hybrid Theory (Bonus Edition),F#,minor,F# minor
Linkin Park,2000,0.556,0.864,3,-5.87,0,0.0584,0.00958,0.0,0.209,0.4,105.143,4,216880,False,In the End,8,Hybrid Theory (Bonus Edition),D#,minor,D# minor
Linkin Park,2000,0.603,0.908,11,-5.254,1,0.184,0.0144,0.0,0.671,0.457,133.063,4,184640,False,A Place for My Head,9,Hybrid Theory (Bonus Edition),B,major,B major
Linkin Park,2000,0.615,0.947,8,-3.817,0,0.11,0.0132,0.0,0.366,0.498,108.193,4,194426,False,Forgotten,10,Hybrid Theory (Bonus Edition),G#,minor,G# minor
Linkin Park,2000,0.75,0.677,8,-7.395,1,0.221,0.163,0.0509,0.247,0.851,99.99,4,157200,False,Cure for the Itch,11,Hybrid Theory (Bonus Edition),G#,major,G# major
Linkin Park,2000,0.484,0.913,6,-4.305,1,0.0425,0.000391,0.0,0.309,0.279,103.103,4,191440,False,Pushing Me Away,12,Hybrid Theory (Bonus Edition),F#,major,F# major
Linkin Park,2000,0.73,0.585,0,-9.274,1,0.0238,0.375,0.0101,0.147,0.721,100.021,4,260560,False,My December,13,Hybrid Theory (Bonus Edition),C,major,C major
Linkin Park,2000,0.593,0.967,7,-4.26,0,0.182,0.105,2.77e-06,0.314,0.287,93.916,4,225106,False,High Voltage,14,Hybrid Theory (Bonus Edition),G,minor,G minor
Linkin Park,2000,0.474,0.966,1,-4.104,0,0.135,0.000291,0.00025,0.178,0.742,150.051,4,189973,False,Papercut - Live at BBC1,15,Hybrid Theory (Bonus Edition),C#,minor,C# minor
Cruz Cafuné,2023-05-25,0.675,0.464,5,-11.669,0,0.126,0.309,0.0057,0.13,0.195,156.998,4,164374,True,TURBO // Epifanía,1,Me Muevo Con Dios,F,minor,F minor
Cruz Cafuné,2023-05-25,0.814,0.503,7,-10.528,0,0.137,0.267,0.000457,0.124,0.379,121.98,4,200125,True,Dios #1,2,Me Muevo Con Dios,G,minor,G minor
Cruz Cafuné,2023-05-25,0.703,0.444,0,-7.518,1,0.275,0.0571,0.0572,0.286,0.551,80.055,4,135224,True,s3_e07_theboondocks_dvdrip.mpeg,3,Me Muevo Con Dios,C,major,C major
Cruz Cafuné,2023-05-25,0.743,0.456,0,-11.11,1,0.106,0.106,0.00013,0.12,0.436,86.5,4,213525,True,BABI BOI,4,Me Muevo Con Dios,C,major,C major
Cruz Cafuné,2023-05-25,0.781,0.418,9,-11.803,1,0.0547,0.431,0.000295,0.125,0.453,149.974,4,149484,True,4 PREZ,5,Me Muevo Con Dios,A,major,A major
Cruz Cafuné,2023-05-25,0.723,0.403,8,-8.672,0,0.0554,0.314,4.65e-05,0.198,0.524,137.797,4,211765,True,Cangrinaje,6,Me Muevo Con Dios,G#,minor,G# minor
Cruz Cafuné,2023-05-25,0.857,0.615,10,-8.693,0,0.1,0.0815,0.0104,0.0785,0.797,157.967,4,193165,True,Ja Morant,7,Me Muevo Con Dios,A#,minor,A# minor
Cruz Cafuné,2023-05-25,0.862,0.525,1,-8.267,1,0.292,0.0252,0.000471,0.215,0.573,119.99,4,143584,True,FAXXXxxx,8,Me Muevo Con Dios,C#,major,C# major
Cruz Cafuné,2023-05-25,0.704,0.533,6,-7.376,1,0.0678,0.302,0.000219,0.215,0.465,139.947,4,165250,True,ABAMA Jr. Suite,9,Me Muevo Con Dios,F#,major,F# major
Cruz Cafuné,2023-05-25,0.592,0.575,5,-9.681,0,0.098,0.023,0.119,0.0714,0.829,113.078,4,228000,True,Folelé,10,Me Muevo Con Dios,F,minor,F minor
Cruz Cafuné,2023-05-25,0.886,0.336,11,-9.827,0,0.0671,0.133,0.00543,0.123,0.249,98.974,4,205500,True,RE-UP,11,Me Muevo Con Dios,B,minor,B minor
Cruz Cafuné,2023-05-25,0.644,0.173,2,-14.498,0,0.0613,0.765,5.19e-06,0.0874,0.658,129.599,4,126124,True,Close friends ☆,12,Me Muevo Con Dios,D,minor,D minor
Cruz Cafuné,2023-05-25,0.747,0.485,8,-8.62,0,0.262,0.369,1.71e-05,0.171,0.724,165.049,3,258875,True,1€ cada vez,13,Me Muevo Con Dios,G#,minor,G# minor
Cruz Cafuné,2023-05-25,0.671,0.56,11,-8.29,0,0.0783,0.17,0.00077,0.367,0.243,139.948,4,231500,True,Sangre y Fe,14,Me Muevo Con Dios,B,minor,B minor
Cruz Cafuné,2023-05-25,0.912,0.39,2,-11.246,0,0.0808,0.0315,0.00132,0.0793,0.293,129.96,4,179624,True,goofy ahh luv joint,15,Me Muevo Con Dios,D,minor,D minor
Cruz Cafuné,2023-05-25,0.846,0.545,2,-8.866,1,0.0937,0.0978,0.0005,0.0614,0.601,120.042,4,193000,True,LUISAViAROMA,16,Me Muevo Con Dios,D,major,D major
Cruz Cafuné,2023-05-25,0.737,0.376,10,-9.812,0,0.201,0.0593,0.00025,0.11,0.48,159.986,4,194875,True,Retro 11s,17,Me Muevo Con Dios,A#,minor,A# minor
Cruz Cafuné,2023-05-25,0.485,0.597,9,-9.335,1,0.193,0.32,0.0,0.555,0.716,77.576,4,188000,True,Corintios 13:12,18,Me Muevo Con Dios,A,major,A major
Cruz Cafuné,2023-05-25,0.795,0.314,11,-15.571,1,0.321,0.634,1.36e-05,0.0964,0.279,111.049,4,180374,True,Movezz en silencio,19,Me Muevo Con Dios,B,major,B major
Cruz Cafuné,2023-05-25,0.75,0.622,1,-8.409,1,0.167,0.0421,0.000383,0.153,0.488,173.916,4,157791,True,G WAGON,20,Me Muevo Con Dios,C#,major,C# major
Cruz Cafuné,2023-05-25,0.55,0.668,2,-6.095,1,0.145,0.0759,9.3e-06,0.346,0.304,94.998,4,227708,True,Practice,21,Me Muevo Con Dios,D,major,D major
Cruz Cafuné,2023-05-25,0.397,0.362,9,-9.47,0,0.0425,0.34,0.0112,0.122,0.263,80.872,3,238007,False,Fabiola,22,Me Muevo Con Dios,A,minor,A minor
Cruz Cafuné,2023-05-25,0.694,0.517,1,-8.362,0,0.313,0.443,1.07e-05,0.0994,0.523,88.903,4,387367,True,Me Muevo Con Dios,23,Me Muevo Con Dios,C#,minor,C# minor
Cruz Cafuné,2020-01-10,0.398,0.152,5,-14.407,0,0.0462,0.837,7.22e-05,0.222,0.565,105.248,3,51857,False,922 928,1,Moonlight922,F,minor,F minor
Cruz Cafuné,2020-01-10,0.845,0.495,8,-7.942,1,0.189,0.288,0.0,0.124,0.624,140.01,4,178900,True,Mi Isla / 10k,2,Moonlight922,G#,major,G# major
Cruz Cafuné,2020-01-10,0.828,0.459,11,-9.979,1,0.14,0.238,0.0,0.121,0.271,104.96,4,168452,True,Vvs,3,Moonlight922,B,major,B major
Cruz Cafuné,2020-01-10,0.807,0.489,3,-10.848,0,0.15,0.132,0.0,0.0817,0.608,160.912,4,198467,False,Ojitos Aguaos,4,Moonlight922,D#,minor,D# minor
Cruz Cafuné,2020-01-10,0.905,0.373,5,-11.038,0,0.234,0.592,0.0,0.119,0.749,107.972,4,199948,True,Lo Pues Intentar,5,Moonlight922,F,minor,F minor
Cruz Cafuné,2020-01-10,0.844,0.425,9,-5.703,0,0.209,0.327,0.0,0.118,0.562,126.111,4,202386,True,Balaperdida,6,Moonlight922,A,minor,A minor
Cruz Cafuné,2020-01-10,0.851,0.476,11,-10.8,0,0.288,0.162,1.05e-05,0.168,0.223,124.992,4,197033,True,Mina el Hammani,7,Moonlight922,B,minor,B minor
Cruz Cafuné,2020-01-10,0.758,0.533,2,-8.411,1,0.107,0.17,0.0,0.149,0.222,144.976,4,194592,True,Slow Mo,8,Moonlight922,D,major,D major
Cruz Cafuné,2020-01-10,0.819,0.633,1,-6.978,1,0.0484,0.338,0.00291,0.0725,0.5,123.956,4,238276,False,Tentaciones,9,Moonlight922,C#,major,C# major
Cruz Cafuné,2020-01-10,0.914,0.526,0,-7.868,0,0.171,0.0278,0.0,0.155,0.544,133.001,4,152492,False,Cuando Estoy Mal,10,Moonlight922,C,minor,C minor
Cruz Cafuné,2020-01-10,0.806,0.718,6,-7.419,0,0.0821,0.0481,1.27e-06,0.119,0.598,129.946,4,193005,True,Moonlight,11,Moonlight922,F#,minor,F# minor
Cruz Cafuné,2020-01-10,0.501,0.461,11,-10.381,0,0.337,0.228,0.0,0.153,0.257,95.278,4,253311,True,En Bajo Perfil,12,Moonlight922,B,minor,B minor
Cruz Cafuné,2020-01-10,0.906,0.281,9,-10.002,0,0.111,0.149,2.56e-06,0.068,0.338,116.027,4,223798,False,Doble Tick Azul,13,Moonlight922,A,minor,A minor
Cruz Cafuné,2018-03-16,0.55,0.473,1,-7.963,1,0.424,0.0862,0.0,0.153,0.307,139.412,4,258360,True,Maracucho Bueno / Muere Chiquito,1,Maracucho Bueno Muere Chiquito,C#,major,C# major
Cruz Cafuné,2018-03-16,0.648,0.646,2,-7.179,0,0.151,0.0881,3.25e-06,0.696,0.439,89.999,4,286803,False,Te Enamoraste de un G,2,Maracucho Bueno Muere Chiquito,D,minor,D minor
Cruz Cafuné,2018-03-16,0.626,0.561,10,-7.73,0,0.287,0.0553,0.0,0.635,0.431,142.01,4,178935,True,Forbes,3,Maracucho Bueno Muere Chiquito,A#,minor,A# minor
Cruz Cafuné,2018-03-16,0.807,0.451,6,-7.177,0,0.0416,0.155,0.0,0.107,0.364,120.06,4,212863,True,Cuenta Conmigo,4,Maracucho Bueno Muere Chiquito,F#,minor,F# minor
Cruz Cafuné,2018-03-16,0.757,0.789,7,-6.207,0,0.132,0.0734,0.0,0.236,0.513,90.004,4,188351,True,Coquito la Pieza,5,Maracucho Bueno Muere Chiquito,G,minor,G minor
Cruz Cafuné,2018-03-16,0.625,0.54,8,-8.358,0,0.426,0.175,5.48e-05,0.134,0.335,175.975,4,283983,True,De Ayer para Hoy,6,Maracucho Bueno Muere Chiquito,G#,minor,G# minor
Cruz Cafuné,2018-03-16,0.54,0.691,9,-5.775,0,0.412,0.51,0.0,0.693,0.659,79.616,4,232555,True,Majalulo,7,Maracucho Bueno Muere Chiquito,A,minor,A minor
Cruz Cafuné,2018-03-16,0.864,0.699,9,-5.41,0,0.184,0.00856,0.000276,0.116,0.591,99.983,4,167466,True,Tokyo Drift,8,Maracucho Bueno Muere Chiquito,A,minor,A minor
Cruz Cafuné,2018-03-16,0.664,0.822,8,-5.459,1,0.451,0.0508,0.000541,0.468,0.535,152.117,4,97456,True,Un Fleje - Wayne Chiquitito Skit,9,Maracucho Bueno Muere Chiquito,G#,major,G# major
Cruz Cafuné,2018-03-16,0.512,0.583,5,-4.312,0,0.261,0.0324,1.94e-06,0.352,0.744,90.055,4,167769,True,Chivatos,10,Maracucho Bueno Muere Chiquito,F,minor,F minor
Cruz Cafuné,2018-03-16,0.681,0.62,9,-5.255,0,0.382,0.169,1.6e-05,0.0597,0.634,159.965,4,249549,True,Todos Esos Golfos,11,Maracucho Bueno Muere Chiquito,A,minor,A minor
Cruz Cafuné,2018-03-16,0.672,0.662,1,-5.975,1,0.111,0.00924,0.00539,0.0773,0.67,81.841,4,238521,True,Ahí Fuera (No Hay Reglas),12,Maracucho Bueno Muere Chiquito,C#,major,C# major
Cruz Cafuné,2018-03-16,0.625,0.595,10,-8.944,0,0.535,0.307,5.06e-05,0.669,0.583,100.024,4,356317,True,Único,13,Maracucho Bueno Muere Chiquito,A#,minor,A# minor
Cruz Cafuné,2018-03-16,0.832,0.567,7,-6.265,0,0.0525,0.00316,0.000219,0.0299,0.759,96.048,4,182738,True,Bandida,14,Maracucho Bueno Muere Chiquito,G,minor,G minor
Cruz Cafuné,2018-03-16,0.364,0.217,11,-12.016,0,0.0347,0.517,5.75e-06,0.674,0.47,107.599,4,256773,True,No Hay Perdón,15,Maracucho Bueno Muere Chiquito,B,minor,B minor
Imagine Dragons,2024-06-28,0.772,0.724,1,-3.965,1,0.0391,0.0115,0.000253,0.122,0.69,108.982,4,166706,False,Wake Up,1,LOOM,C#,major,C# major
Imagine Dragons,2024-06-28,0.676,0.799,0,-6.899,1,0.0918,0.00892,1.64e-05,0.355,0.713,105.064,4,190773,False,Nice to Meet You,2,LOOM,C,major,C major
Imagine Dragons,2024-06-28,0.718,0.68,10,-7.234,0,0.0682,0.0401,0.000344,0.0742,0.496,86.997,4,200026,False,Eyes Closed,3,LOOM,A#,minor,A# minor
Imagine Dragons,2024-06-28,0.822,0.673,8,-5.242,1,0.0762,0.0182,0.0,0.208,0.883,104.995,4,167080,False,Take Me to the Beach,4,LOOM,G#,major,G# major
Imagine Dragons,2024-06-28,0.568,0.626,8,-6.677,0,0.0334,0.0179,6.86e-06,0.0991,0.322,96.517,4,239893,False,In Your Corner,5,LOOM,G#,minor,G# minor
Imagine Dragons,2024-06-28,0.659,0.639,0,-7.158,0,0.0991,0.0162,0.0,0.0712,0.639,166.004,4,169893,False,Gods Don’t Pray,6,LOOM,C,minor,C minor
Imagine Dragons,2024-06-28,0.585,0.499,8,-7.139,1,0.0272,0.00746,0.0,0.117,0.336,100.005,3,178480,False,Don’t Forget Me,7,LOOM,G#,major,G# major
Imagine Dragons,2024-06-28,0.708,0.933,2,-5.101,0,0.0586,0.0401,1.95e-06,0.395,0.865,140.026,4,159786,False,Kid,8,LOOM,D,minor,D minor
Imagine Dragons,2024-06-28,0.659,0.523,1,-7.585,1,0.0368,0.154,0.0,0.117,0.274,125.013,4,219280,False,Fire in These Hills,9,LOOM,C#,major,C# major
Imagine Dragons,2024-06-28,0.616,0.686,10,-7.111,0,0.116,0.06,0.000185,0.0704,0.557,173.941,4,200013,False,Eyes Closed (feat. J Balvin),10,LOOM,A#,minor,A# minor
Imagine Dragons,2023-07-28,0.444,0.768,4,-6.301,1,0.0464,0.00929,0.000104,0.673,0.457,130.06,4,188471,False,My Life - Live in Vegas,1,Imagine Dragons Live in Vegas,E,major,E major
Imagine Dragons,2023-07-28,0.414,0.924,8,-4.979,1,0.24,0.0255,0.0,0.454,0.153,124.999,4,275207,False,Believer - Live in Vegas,2,Imagine Dragons Live in Vegas,G#,major,G# major
Imagine Dragons,2023-07-28,0.437,0.412,0,-10.998,1,0.0383,0.611,0.0,0.114,0.0379,105.795,4,75983,False,"Las Vegas, Our Home - Live in Vegas",3,Imagine Dragons Live in Vegas,C,major,C major
Imagine Dragons,2023-07-28,0.675,0.881,0,-4.743,1,0.0474,0.0137,1.37e-05,0.504,0.244,104.993,4,301084,False,It's Time - Live in Vegas,4,Imagine Dragons Live in Vegas,C,major,C major
Imagine Dragons,2023-07-28,0.273,0.905,7,-4.654,1,0.136,0.0194,2.61e-06,0.908,0.334,141.384,4,282208,False,I'm So Sorry - Live in Vegas,5,Imagine Dragons Live in Vegas,G,major,G major
Imagine Dragons,2023-07-28,0.235,0.775,0,-4.965,1,0.0428,0.0132,2.99e-05,0.621,0.251,168.019,4,276972,False,Thunder - Live in Vegas,6,Imagine Dragons Live in Vegas,C,major,C major
Imagine Dragons,2023-07-28,0.644,0.723,1,-5.323,0,0.0334,0.237,0.0,0.132,0.367,120.01,4,218834,False,Birds - Live in Vegas,7,Imagine Dragons Live in Vegas,C#,minor,C# minor
Imagine Dragons,2023-07-28,0.53,0.853,9,-6.05,1,0.0777,0.0386,0.0,0.941,0.257,124.863,4,219554,False,Follow You - Live in Vegas,8,Imagine Dragons Live in Vegas,A,major,A major
Imagine Dragons,2023-07-28,0.609,0.865,0,-5.927,1,0.0329,0.0358,0.0,0.649,0.641,98.055,4,298326,False,Lonely - Live in Vegas,9,Imagine Dragons Live in Vegas,C,major,C major
Imagine Dragons,2023-07-28,0.589,0.671,2,-5.09,1,0.042,0.23,0.0,0.888,0.244,100.055,4,256036,False,Natural - Live in Vegas,10,Imagine Dragons Live in Vegas,D,major,D major
Imagine Dragons,2023-07-28,0.62,0.393,2,-8.043,1,0.0316,0.636,0.0,0.85,0.29,111.954,4,234171,False,Next to Me (Acoustic) - Live in Vegas,11,Imagine Dragons Live in Vegas,D,major,D major
Imagine Dragons,2023-07-28,0.354,0.595,1,-7.154,1,0.0332,0.231,0.000189,0.668,0.284,118.239,4,225660,False,I Bet My Life (Acoustic) - Live in Vegas,12,Imagine Dragons Live in Vegas,C#,major,C# major
Imagine Dragons,2023-07-28,0.621,0.514,11,-10.508,0,0.0372,0.333,6.32e-05,0.363,0.453,89.909,4,244884,False,One Day (Acoustic) - Live in Vegas,13,Imagine Dragons Live in Vegas,B,minor,B minor
Imagine Dragons,2023-07-28,0.528,0.866,10,-5.252,0,0.0666,0.0943,0.0,0.952,0.356,135.035,4,323653,False,Whatever It Takes - Live in Vegas,14,Imagine Dragons Live in Vegas,A#,minor,A# minor
Imagine Dragons,2023-07-28,0.594,0.808,0,-5.957,1,0.0438,0.133,0.0,0.984,0.482,111.014,4,223397,False,Younger - Live in Vegas,15,Imagine Dragons Live in Vegas,C,major,C major
Imagine Dragons,2023-07-28,0.757,0.809,10,-6.558,0,0.0363,0.035,4.88e-06,0.694,0.792,124.01,4,233125,False,Sharks - Live in Vegas,16,Imagine Dragons Live in Vegas,A#,minor,A# minor
Imagine Dragons,2023-07-28,0.583,0.857,11,-5.039,0,0.0595,0.124,0.0,0.693,0.38,77.015,4,233806,False,Enemy - Live in Vegas,17,Imagine Dragons Live in Vegas,B,minor,B minor
Imagine Dragons,2023-07-28,0.563,0.663,2,-5.295,1,0.0353,0.00919,0.0,0.933,0.303,105.901,4,217509,False,I'm Happy - Live in Vegas,18,Imagine Dragons Live in Vegas,D,major,D major
Imagine Dragons,2023-07-28,0.541,0.618,1,-5.678,1,0.0269,0.188,0.0,0.391,0.442,89.917,4,263569,False,Demons - Live in Vegas,19,Imagine Dragons Live in Vegas,C#,major,C# major
Imagine Dragons,2023-07-28,0.571,0.93,0,-4.488,1,0.057,0.0229,0.0,0.806,0.592,101.978,4,227851,False,On Top of the World - Live in Vegas,20,Imagine Dragons Live in Vegas,C,major,C major
Imagine Dragons,2023-07-28,0.656,0.789,8,-5.196,1,0.0446,0.0243,0.0,0.75,0.496,114.058,4,243923,False,Bones - Live in Vegas,21,Imagine Dragons Live in Vegas,G#,major,G# major
Imagine Dragons,2023-07-28,0.408,0.802,10,-4.647,0,0.0578,0.00914,4.06e-05,0.83,0.103,136.59,4,327895,False,Radioactive - Live in Vegas,22,Imagine Dragons Live in Vegas,A#,minor,A# minor
Imagine Dragons,2023-07-28,0.29,0.723,0,-4.894,1,0.0523,0.00245,0.0,0.966,0.229,129.978,4,392099,False,Walking the Wire / My Life - Live in Vegas,23,Imagine Dragons Live in Vegas,C,major,C major
Imagine Dragons,2022-09-09,0.461,0.78,9,-3.809,1,0.0618,0.102,7.22e-05,0.667,0.23,136.26,4,186813,False,Radioactive,1,Night Visions (Expanded Edition / Super Deluxe),A,major,A major
Imagine Dragons,2022-09-09,0.505,0.818,6,-5.925,1,0.0346,0.00169,1.66e-05,0.0826,0.236,120.104,4,194200,False,Tiptoe,2,Night Visions (Expanded Edition / Super Deluxe),F#,major,F# major
Imagine Dragons,2022-09-09,0.657,0.884,2,-4.845,1,0.0368,0.0156,0.0,0.142,0.87,105.007,4,240306,False,It's Time,3,Night Visions (Expanded Edition / Super Deluxe),D,major,D major
Imagine Dragons,2022-09-09,0.488,0.706,3,-3.127,1,0.0363,0.197,0.00035,0.297,0.367,90.009,4,177506,False,Demons,4,Night Visions (Expanded Edition / Super Deluxe),D#,major,D# major
Imagine Dragons,2022-09-09,0.636,0.924,0,-5.692,1,0.129,0.0801,4.61e-06,0.0918,0.768,99.999,4,192280,False,On Top Of The World,5,Night Visions (Expanded Edition / Super Deluxe),C,major,C major
Imagine Dragons,2022-09-09,0.514,0.759,9,-5.087,1,0.0357,0.00824,6.51e-06,0.124,0.204,115.017,4,241426,False,Amsterdam,6,Night Visions (Expanded Edition / Super Deluxe),A,major,A major
Imagine Dragons,2022-09-09,0.613,0.828,4,-4.808,1,0.0367,0.000343,0.000869,0.0702,0.524,125.026,4,235386,False,Hear Me,7,Night Visions (Expanded Edition / Super Deluxe),E,major,E major
Imagine Dragons,2022-09-09,0.382,0.582,0,-6.922,1,0.0299,0.0477,3.4e-05,0.172,0.422,139.763,4,217346,False,Every Night,8,Night Visions (Expanded Edition / Super Deluxe),C,major,C major
Imagine Dragons,2022-09-09,0.207,0.753,5,-4.192,0,0.0767,0.0189,0.0,0.102,0.325,76.072,4,223106,False,Bleeding Out,9,Night Visions (Expanded Edition / Super Deluxe),F,minor,F minor
Imagine Dragons,2022-09-09,0.685,0.828,7,-4.658,1,0.0427,0.00371,5.91e-05,0.114,0.564,100.007,4,209440,False,Underdog,10,Night Visions (Expanded Edition / Super Deluxe),G,major,G major
Imagine Dragons,2022-09-09,0.266,0.786,0,-7.332,1,0.047,0.117,6.08e-05,0.109,0.0621,107.97,4,539506,False,Nothing Left To Say / Rocks - Medley,11,Night Visions (Expanded Edition / Super Deluxe),C,major,C major
Imagine Dragons,2022-09-09,0.516,0.856,7,-6.203,1,0.0375,0.00394,5.71e-06,0.0708,0.112,129.981,4,248693,False,Cha-Ching (Till We Grow Older),1,Night Visions (Expanded Edition / Super Deluxe),G,major,G major
Imagine Dragons,2022-09-09,0.643,0.858,0,-6.478,1,0.038,0.0224,0.0,0.0895,0.642,101.019,4,235453,False,Working Man,2,Night Visions (Expanded Edition / Super Deluxe),C,major,C major
Imagine Dragons,2022-09-09,0.592,0.802,7,-6.298,1,0.038,0.0996,0.029,0.112,0.503,108.477,4,177213,False,My Fault,3,Night Visions (Expanded Edition / Super Deluxe),G,major,G major
Imagine Dragons,2022-09-09,0.449,0.865,0,-4.318,0,0.0488,0.00232,0.0,0.181,0.431,141.963,4,198146,False,Round And Round,4,Night Visions (Expanded Edition / Super Deluxe),C,minor,C minor
Imagine Dragons,2022-09-09,0.397,0.651,1,-5.795,1,0.0309,0.0108,0.0038,0.269,0.335,170.076,4,205133,False,The River,5,Night Visions (Expanded Edition / Super Deluxe),C#,major,C# major
Imagine Dragons,2022-09-09,0.566,0.552,0,-7.84,1,0.0309,0.00316,0.0723,0.143,0.103,113.037,4,274013,False,America,6,Night Visions (Expanded Edition / Super Deluxe),C,major,C major
Imagine Dragons,2022-09-09,0.571,0.682,0,-4.917,1,0.0253,0.000978,9.1e-06,0.109,0.55,95.022,4,241226,False,Selene,7,Night Visions (Expanded Edition / Super Deluxe),C,major,C major
Imagine Dragons,2022-09-09,0.627,0.774,9,-6.434,1,0.0418,0.000982,0.000465,0.0823,0.513,120.017,4,179360,False,Fallen,8,Night Visions (Expanded Edition / Super Deluxe),A,major,A major
Imagine Dragons,2022-09-09,0.557,0.711,0,-4.651,1,0.0336,0.000514,9.2e-06,0.104,0.186,135.202,4,260640,False,Cover Up,9,Night Visions (Expanded Edition / Super Deluxe),C,major,C major
Imagine Dragons,2022-09-09,0.425,0.856,0,-4.753,1,0.0495,0.00146,0.0,0.272,0.0749,117.878,4,197693,False,I Don't Mind,10,Night Visions (Expanded Edition / Super Deluxe),C,major,C major
Imagine Dragons,2022-09-09,0.659,0.679,0,-6.772,1,0.0299,0.00152,3.04e-05,0.172,0.703,120.032,4,195251,False,Tokyo,11,Night Visions (Expanded Edition / Super Deluxe),C,major,C major
Imagine Dragons,2022-09-09,0.446,0.829,0,-6.665,1,0.0439,0.000343,0.0261,0.073,0.207,75.01,4,249995,False,Love Of Mine - Night Visions Demo,12,Night Visions (Expanded Edition / Super Deluxe),C,major,C major
Imagine Dragons,2022-09-09,0.639,0.864,8,-6.395,1,0.0402,0.151,0.0,0.137,0.737,114.928,4,202698,False,Bubble - Night Visions Demo,13,Night Visions (Expanded Edition / Super Deluxe),G#,major,G# major
Imagine Dragons,2022-09-09,0.524,0.925,10,-5.981,0,0.144,0.065,0.0139,0.667,0.263,136.618,4,403693,False,Radioactive - Live From Red Rocks / 2014,1,Night Visions (Expanded Edition / Super Deluxe),A#,minor,A# minor
Imagine Dragons,2022-09-09,0.62,0.927,8,-6.173,0,0.0567,0.00613,0.00143,0.955,0.551,124.846,4,293520,False,Hear Me - Live From Red Rocks / 2014,2,Night Visions (Expanded Edition / Super Deluxe),G#,minor,G# minor
Imagine Dragons,2022-09-09,0.653,0.918,0,-6.298,1,0.0671,0.00978,0.0122,0.955,0.533,102.099,4,201453,False,On Top Of The World - Live From Red Rocks / 2014,3,Night Visions (Expanded Edition / Super Deluxe),C,major,C major
Imagine Dragons,2022-09-09,0.496,0.939,8,-5.374,1,0.0457,0.00699,6.89e-06,0.378,0.403,141.9,4,218013,False,Round And Round - Live From Red Rocks / 2014,4,Night Visions (Expanded Edition / Super Deluxe),G#,major,G# major
Imagine Dragons,2022-09-09,0.596,0.937,3,-5.737,1,0.0457,0.0093,4.49e-05,0.939,0.342,114.978,4,250493,False,Amsterdam - Live From Red Rocks / 2014,5,Night Visions (Expanded Edition / Super Deluxe),D#,major,D# major
Imagine Dragons,2022-09-09,0.501,0.937,1,-6.784,0,0.0448,0.0239,0.000793,0.949,0.138,120.003,4,334853,False,Tiptoe - Live From Red Rocks / 2014,6,Night Visions (Expanded Edition / Super Deluxe),C#,minor,C# minor
Imagine Dragons,2022-09-09,0.51,0.915,7,-7.464,1,0.0501,0.00473,0.000413,0.955,0.342,130.061,4,282760,False,Cha-Ching (Till We Grow Older) - Live From Red Rocks / 2014,7,Night Visions (Expanded Edition / Super Deluxe),G,major,G major
Imagine Dragons,2022-09-09,0.54,0.898,2,-8.463,1,0.0646,0.0123,0.0602,0.659,0.546,139.928,4,223346,False,Rocks - Live From Red Rocks / 2014,8,Night Visions (Expanded Edition / Super Deluxe),D,major,D major
Imagine Dragons,2022-09-09,0.511,0.741,1,-6.667,1,0.0423,0.324,0.0,0.951,0.287,89.928,4,196160,False,Demons - Live From Red Rocks / 2014,9,Night Visions (Expanded Edition / Super Deluxe),C#,major,C# major
Imagine Dragons,2022-09-09,0.392,0.942,7,-6.766,1,0.0434,0.0293,0.000234,0.923,0.582,99.97,4,257600,False,Underdog - Live From Red Rocks / 2014,10,Night Visions (Expanded Edition / Super Deluxe),G,major,G major
Imagine Dragons,2022-09-09,0.644,0.936,0,-7.094,1,0.0627,0.105,7.58e-05,0.779,0.355,104.995,4,324453,False,It's Time - Live From Red Rocks / 2014,11,Night Visions (Expanded Edition / Super Deluxe),C,major,C major
Imagine Dragons,2022-09-09,0.503,0.454,8,-9.377,1,0.0293,0.106,0.0,0.0986,0.417,102.144,4,249880,False,It's Time - Live London Sessions / 2013,12,Night Visions (Expanded Edition / Super Deluxe),G#,major,G# major
Imagine Dragons,2022-09-09,0.538,0.499,6,-8.374,1,0.0411,0.0862,0.0,0.42,0.386,138.871,4,270080,False,Radioactive - Live London Sessions / 2013,13,Night Visions (Expanded Edition / Super Deluxe),F#,major,F# major
Imagine Dragons,2022-09-09,0.607,0.328,10,-9.212,1,0.0287,0.347,0.0,0.111,0.267,90.369,4,187426,False,Demons - Live London Sessions / 2013,14,Night Visions (Expanded Edition / Super Deluxe),A#,major,A# major
Imagine Dragons,2022-09-09,0.788,0.571,7,-8.845,1,0.105,0.0091,0.0923,0.132,0.427,127.968,4,240666,False,Radioactive - Grouplove & Captain Cuts Remix,1,Night Visions (Expanded Edition / Super Deluxe),G,major,G major
Imagine Dragons,2022-09-09,0.667,0.911,2,-5.045,1,0.116,0.00144,0.158,0.0947,0.652,112.065,4,271373,False,It's Time - Passion Pit Remix,2,Night Visions (Expanded Edition / Super Deluxe),D,major,D major
Imagine Dragons,2022-09-09,0.674,0.726,5,-6.472,0,0.0528,0.057,0.0,0.268,0.382,124.04,4,176128,False,Demons - TELYKast Remix,3,Night Visions (Expanded Edition / Super Deluxe),F,minor,F minor
Imagine Dragons,2022-09-09,0.641,0.748,0,-6.069,1,0.025,0.335,0.0197,0.0965,0.46,99.957,4,217493,False,On Top Of The World - RAC Remix,4,Night Visions (Expanded Edition / Super Deluxe),C,major,C major
Imagine Dragons,2022-09-09,0.319,0.742,4,-5.767,1,0.0761,0.076,5.94e-06,0.102,0.0813,122.562,3,258733,False,Hear Me - Spector Remix,5,Night Visions (Expanded Edition / Super Deluxe),E,major,E major
Imagine Dragons,2022-09-09,0.648,0.685,4,-6.699,1,0.0561,0.00637,0.000163,0.103,0.415,128.0,4,328440,False,Radioactive - The Dirty Tees Mix,6,Night Visions (Expanded Edition / Super Deluxe),E,major,E major
Imagine Dragons,2022-09-09,0.521,0.727,3,-5.893,1,0.0304,0.285,5.43e-05,0.277,0.285,101.985,4,196533,False,Demons - Imagine Dragons Remix,7,Night Visions (Expanded Edition / Super Deluxe),D#,major,D# major
Imagine Dragons,2022-09-09,0.67,0.856,11,-4.245,0,0.0357,0.00101,0.000164,0.0622,0.528,104.994,4,315666,False,It's Time - Cherry Cherry Boom Boom Remix,8,Night Visions (Expanded Edition / Super Deluxe),B,minor,B minor
Imagine Dragons,2022-09-09,0.639,0.702,0,-4.101,0,0.0447,0.000173,0.000906,0.0248,0.301,126.009,4,263520,False,Demons - Politik Remix,9,Night Visions (Expanded Edition / Super Deluxe),C,minor,C minor
Imagine Dragons,2022-09-09,0.707,0.734,8,-6.076,1,0.0754,0.00289,0.000643,0.0892,0.27,90.005,4,200946,False,Demons - KIDinaKORNER Remix,10,Night Visions (Expanded Edition / Super Deluxe),G#,major,G# major
Imagine Dragons,2022-09-09,0.764,0.787,2,-5.788,1,0.0538,0.000521,0.146,0.0542,0.913,109.993,4,263440,False,It's Time - Penguin Prison Remix,11,Night Visions (Expanded Edition / Super Deluxe),D,major,D major
Imagine Dragons,2022-09-09,0.696,0.908,2,-3.926,1,0.0605,0.0452,0.0,0.521,0.93,123.986,4,208013,False,It's Time - Kat Krazy Remix,12,Night Visions (Expanded Edition / Super Deluxe),D,major,D major
Imagine Dragons,2022-09-09,0.745,0.852,2,-5.005,1,0.0956,0.0102,6.96e-05,0.155,0.522,105.004,4,265920,False,It's Time - JailBreaks Remix,13,Night Visions (Expanded Edition / Super Deluxe),D,major,D major
Imagine Dragons,2022-09-09,0.646,0.939,2,-6.565,1,0.0492,0.00711,0.0596,0.381,0.6,105.01,4,306160,False,It's Time - StunGun & JailBreaks Remix,14,Night Visions (Expanded Edition / Super Deluxe),D,major,D major
Imagine Dragons,2022-09-09,0.659,0.752,7,-7.031,1,0.0396,0.0366,7.26e-05,0.11,0.36,139.975,4,210266,False,It's Time - Bastille Remix,15,Night Visions (Expanded Edition / Super Deluxe),G,major,G major
Imagine Dragons,2022-09-09,0.625,0.747,7,-7.7,1,0.0332,0.148,0.0136,0.112,0.179,104.993,4,280280,False,It's Time - White Sea Remix,16,Night Visions (Expanded Edition / Super Deluxe),G,major,G major
Imagine Dragons,2022-07-01,0.728,0.783,11,-4.424,0,0.266,0.237,0.0,0.434,0.555,77.011,4,173381,False,Enemy (with JID) - from the series Arcane League of Legends,1,Mercury - Acts 1 & 2,B,minor,B minor
Imagine Dragons,2022-07-01,0.525,0.427,4,-7.282,1,0.032,0.0828,0.0,0.144,0.305,129.982,4,224512,False,My Life,2,Mercury - Acts 1 & 2,E,major,E major
Imagine Dragons,2022-07-01,0.714,0.73,0,-5.564,1,0.0438,0.0256,0.0,0.177,0.873,97.983,4,159851,False,Lonely,3,Mercury - Acts 1 & 2,C,major,C major
Imagine Dragons,2022-07-01,0.625,0.562,0,-5.828,0,0.0289,0.149,1.67e-05,0.109,0.229,93.998,4,244004,False,Wrecked,4,Mercury - Acts 1 & 2,C,minor,C minor
Imagine Dragons,2022-07-01,0.803,0.649,6,-5.842,1,0.219,0.127,6.49e-05,0.0894,0.797,90.006,4,187896,False,Monday,5,Mercury - Acts 1 & 2,F#,major,F# major
Imagine Dragons,2022-07-01,0.692,0.695,1,-4.448,1,0.109,0.0897,0.0,0.155,0.634,92.98,4,205040,False,#1,6,Mercury - Acts 1 & 2,C#,major,C# major
Imagine Dragons,2022-07-01,0.673,0.459,3,-7.274,0,0.0515,0.294,0.0,0.0942,0.477,139.817,4,179872,False,Easy Come Easy Go,7,Mercury - Acts 1 & 2,D#,minor,D# minor
Imagine Dragons,2022-07-01,0.487,0.603,11,-7.96,0,0.0666,0.029,0.0,0.243,0.44,62.385,4,210402,False,Giants,8,Mercury - Acts 1 & 2,B,minor,B minor
Imagine Dragons,2022-07-01,0.502,0.322,0,-7.59,1,0.039,0.0146,0.0,0.0597,0.168,185.655,4,202497,False,It's Ok,9,Mercury - Acts 1 & 2,C,major,C major
Imagine Dragons,2022-07-01,0.51,0.616,6,-6.997,1,0.0473,0.00255,6.38e-06,0.0523,0.32,110.346,4,213481,False,Dull Knives,10,Mercury - Acts 1 & 2,F#,major,F# major
Imagine Dragons,2022-07-01,0.544,0.732,9,-5.984,1,0.0524,0.00197,5.06e-05,0.486,0.45,124.875,4,175643,False,Follow You,11,Mercury - Acts 1 & 2,A,major,A major
Imagine Dragons,2022-07-01,0.668,0.626,7,-5.278,1,0.315,0.0833,0.0116,0.0782,0.679,165.926,4,169741,False,Cutthroat,12,Mercury - Acts 1 & 2,G,major,G major
Imagine Dragons,2022-07-01,0.584,0.742,0,-5.201,1,0.0373,0.00248,1.78e-05,0.0813,0.585,75.986,4,207870,False,No Time For Toxic People,13,Mercury - Acts 1 & 2,C,major,C major
Imagine Dragons,2022-07-01,0.68,0.414,4,-7.955,0,0.0377,0.668,0.0,0.343,0.639,89.945,4,151337,False,One Day,14,Mercury - Acts 1 & 2,E,minor,E minor
Imagine Dragons,2022-07-01,0.772,0.75,5,-3.67,0,0.0455,0.0201,0.0,0.074,0.587,114.061,4,165264,False,Bones,1,Mercury - Acts 1 & 2,F,minor,F minor
Imagine Dragons,2022-07-01,0.662,0.64,7,-5.223,1,0.0742,0.0227,0.0,0.142,0.921,90.002,4,175833,False,Symphony,2,Mercury - Acts 1 & 2,G,major,G major
Imagine Dragons,2022-07-01,0.927,0.642,10,-4.466,0,0.0657,0.00791,3.62e-05,0.279,0.901,123.969,4,190883,False,Sharks,3,Mercury - Acts 1 & 2,A#,minor,A# minor
Imagine Dragons,2022-07-01,0.574,0.71,11,-4.84,0,0.0361,0.177,0.0,0.0867,0.6,172.88,4,185495,False,I Don't Like Myself,4,Mercury - Acts 1 & 2,B,minor,B minor
Imagine Dragons,2022-07-01,0.684,0.785,2,-3.219,1,0.0422,0.00416,3.4e-06,0.0574,0.639,129.988,4,175663,False,Blur,5,Mercury - Acts 1 & 2,D,major,D major
Imagine Dragons,2022-07-01,0.694,0.657,5,-6.278,0,0.0994,0.0411,0.0,0.146,0.61,122.208,4,161842,False,Higher Ground,6,Mercury - Acts 1 & 2,F,minor,F minor
Imagine Dragons,2022-07-01,0.624,0.734,7,-4.876,0,0.0338,0.0245,0.0,0.113,0.219,116.949,4,188942,False,Crushed,7,Mercury - Acts 1 & 2,G,minor,G minor
Imagine Dragons,2022-07-01,0.391,0.65,5,-4.974,0,0.038,0.0345,0.0,0.0739,0.296,171.859,4,158270,False,Take It Easy,8,Mercury - Acts 1 & 2,F,minor,F minor
Imagine Dragons,2022-07-01,0.468,0.618,9,-6.353,1,0.0835,0.0741,0.0,0.493,0.261,120.123,4,225431,False,Waves,9,Mercury - Acts 1 & 2,A,major,A major
Imagine Dragons,2022-07-01,0.678,0.576,2,-4.767,1,0.0335,0.108,0.0,0.0401,0.364,106.041,4,185219,False,I'm Happy,10,Mercury - Acts 1 & 2,D,major,D major
Imagine Dragons,2022-07-01,0.392,0.355,0,-8.316,1,0.0322,0.781,0.0,0.108,0.208,118.451,4,203875,False,Ferris Wheel,11,Mercury - Acts 1 & 2,C,major,C major
Imagine Dragons,2022-07-01,0.61,0.626,0,-4.784,1,0.0333,0.0103,1.37e-05,0.0875,0.606,73.536,4,173928,False,Peace Of Mind,12,Mercury - Acts 1 & 2,C,major,C major
Imagine Dragons,2022-07-01,0.67,0.671,11,-6.488,0,0.0363,0.0557,0.00844,0.11,0.363,98.965,4,155312,False,Sirens,13,Mercury - Acts 1 & 2,B,minor,B minor
Imagine Dragons,2022-07-01,0.427,0.298,0,-8.344,1,0.0278,0.265,0.0,0.107,0.117,110.599,4,241806,False,Tied,14,Mercury - Acts 1 & 2,C,major,C major
Imagine Dragons,2022-07-01,0.661,0.562,0,-8.114,1,0.0344,0.07,1.71e-06,0.132,0.512,111.03,4,191936,False,Younger,15,Mercury - Acts 1 & 2,C,major,C major
Imagine Dragons,2022-07-01,0.224,0.291,7,-9.109,1,0.031,0.209,0.0,0.1,0.146,71.948,3,207300,False,I Wish,16,Mercury - Acts 1 & 2,G,major,G major
Imagine Dragons,2022-07-01,0.519,0.289,0,-7.366,1,0.0266,0.863,0.0,0.128,0.12,110.851,4,229507,False,Continual (feat. Cory Henry),17,Mercury - Acts 1 & 2,C,major,C major
Imagine Dragons,2022-07-01,0.356,0.167,9,-9.355,1,0.0353,0.192,0.0,0.108,0.164,149.675,4,257875,False,They Don't Know You Like I Do,18,Mercury - Acts 1 & 2,A,major,A major
Imagine Dragons,2018-11-09,0.704,0.611,2,-6.112,1,0.041,0.217,0.0,0.0812,0.22,99.994,4,189466,False,Natural,1,Origins (Deluxe),D,major,D major
Imagine Dragons,2018-11-09,0.429,0.559,2,-7.492,1,0.149,0.137,0.00843,0.121,0.343,100.081,4,187800,False,Boomerang,2,Origins (Deluxe),D,major,D major
Imagine Dragons,2018-11-09,0.638,0.677,4,-5.28,1,0.0424,0.00157,0.00683,0.121,0.585,81.045,4,181880,False,Machine,3,Origins (Deluxe),E,major,E major
Imagine Dragons,2018-11-09,0.636,0.718,1,-4.833,0,0.0313,0.00475,6.99e-06,0.292,0.438,143.929,4,217866,False,Cool Out,4,Origins (Deluxe),C#,minor,C# minor
Imagine Dragons,2018-11-09,0.307,0.637,3,-6.993,1,0.0569,0.0732,0.0,0.368,0.0805,88.693,4,260773,False,Bad Liar,5,Origins (Deluxe),D#,major,D# major
Imagine Dragons,2018-11-09,0.67,0.715,0,-6.18,1,0.0268,0.581,2.14e-06,0.101,0.677,104.969,4,217173,False,West Coast,6,Origins (Deluxe),C,major,C major
Imagine Dragons,2018-11-09,0.635,0.661,6,-7.543,1,0.0326,0.000479,0.00142,0.111,0.251,90.018,4,210933,False,"Zero - From the Original Motion Picture ""Ralph Breaks The Internet""",7,Origins (Deluxe),F#,major,F# major
Imagine Dragons,2018-11-09,0.816,0.736,8,-5.495,1,0.0535,0.16,0.000108,0.0665,0.476,130.028,4,204853,False,Bullet In A Gun,8,Origins (Deluxe),G#,major,G# major
Imagine Dragons,2018-11-09,0.49,0.889,7,-5.179,1,0.17,0.00155,2.77e-06,0.162,0.383,166.784,4,201040,False,Digital,9,Origins (Deluxe),G,major,G major
Imagine Dragons,2018-11-09,0.691,0.804,9,-5.029,1,0.0354,0.0153,0.0,0.0861,0.423,104.996,4,180733,False,Only,10,Origins (Deluxe),A,major,A major
Imagine Dragons,2018-11-09,0.621,0.478,5,-8.246,1,0.0352,0.263,0.0,0.257,0.248,115.036,4,190853,False,Stuck,11,Origins (Deluxe),F,major,F major
Imagine Dragons,2018-11-09,0.697,0.507,8,-6.178,1,0.04,0.0535,1.17e-06,0.0469,0.382,82.483,4,166360,False,Love,12,Origins (Deluxe),G#,major,G# major
Imagine Dragons,2018-11-09,0.649,0.516,1,-7.428,0,0.0297,0.0146,1.56e-06,0.145,0.35,119.997,4,219440,False,Birds,13,Origins (Deluxe),C#,minor,C# minor
Imagine Dragons,2018-11-09,0.588,0.494,10,-8.831,0,0.0538,0.0213,7.2e-05,0.0966,0.291,135.015,4,273880,False,Burn Out,14,Origins (Deluxe),A#,minor,A# minor
Imagine Dragons,2018-11-09,0.262,0.562,0,-7.987,1,0.0456,0.0144,0.00643,0.103,0.123,195.556,4,247546,False,Real Life,15,Origins (Deluxe),C,major,C major
Imagine Dragons,2017-06-23,0.301,0.672,2,-4.497,1,0.0625,0.28,3.1e-05,0.0609,0.384,169.512,3,230288,False,Next To Me,1,Evolve,D,major,D major
Imagine Dragons,2017-06-23,0.716,0.641,2,-7.423,1,0.053,0.0066,9.91e-06,0.185,0.0735,121.064,4,190120,False,I Don’t Know Why,2,Evolve,D,major,D major
Imagine Dragons,2017-06-23,0.672,0.655,10,-5.021,0,0.031,0.0362,0.0,0.117,0.555,134.948,4,201240,False,Whatever It Takes,3,Evolve,A#,minor,A# minor
Imagine Dragons,2017-06-23,0.776,0.78,10,-4.374,0,0.128,0.0622,0.0,0.081,0.666,124.949,4,204346,False,Believer,4,Evolve,A#,minor,A# minor
Imagine Dragons,2017-06-23,0.54,0.763,4,-5.337,1,0.0373,0.0161,0.0,0.0941,0.151,99.929,4,232906,False,Walking The Wire,5,Evolve,E,major,E major
Imagine Dragons,2017-06-23,0.447,0.74,3,-6.606,1,0.0475,0.0122,0.000242,0.0958,0.103,93.763,4,231720,False,Rise Up,6,Evolve,D#,major,D# major
Imagine Dragons,2017-06-23,0.328,0.674,7,-7.492,1,0.105,0.00767,0.0397,0.297,0.13,176.99,3,262600,False,I’ll Make It Up To You,7,Evolve,G,major,G major
Imagine Dragons,2017-06-23,0.567,0.645,4,-6.169,1,0.0451,0.253,0.0,0.413,0.539,156.025,3,205113,False,Yesterday,8,Evolve,E,major,E major
Imagine Dragons,2017-06-23,0.482,0.907,8,-7.014,1,0.0414,0.00181,0.0534,0.152,0.292,96.006,4,221560,False,Mouth Of The River,9,Evolve,G#,major,G# major
Imagine Dragons,2017-06-23,0.604,0.822,0,-4.833,1,0.0438,0.00672,0.134,0.147,0.288,167.997,4,187146,False,Thunder,10,Evolve,C,major,C major
Imagine Dragons,2017-06-23,0.698,0.928,1,-5.051,0,0.0705,0.00534,0.0001,0.153,0.759,98.042,3,186080,False,Start Over,11,Evolve,C#,minor,C# minor
Imagine Dragons,2017-06-23,0.687,0.31,9,-10.026,1,0.179,0.787,0.00088,0.102,0.626,134.005,4,233933,False,Dancing In The Dark,12,Evolve,A,major,A major
Imagine Dragons,2016-06-03,0.303,0.25,11,-14.717,1,0.0318,0.793,0.96,0.545,0.0327,105.028,4,125680,False,Intro - Live,1,Smoke + Mirrors Live (Live At The Air Canada Centre),B,major,B major
Imagine Dragons,2016-06-03,0.524,0.923,11,-6.206,1,0.0451,0.0624,1.85e-06,0.926,0.515,104.971,4,288920,False,Shots - Live,2,Smoke + Mirrors Live (Live At The Air Canada Centre),B,major,B major
Imagine Dragons,2016-06-03,0.41,0.805,3,-6.678,1,0.0881,0.451,0.000989,0.751,0.179,159.968,4,293413,False,Trouble - Live,3,Smoke + Mirrors Live (Live At The Air Canada Centre),D#,major,D# major
Imagine Dragons,2016-06-03,0.678,0.907,0,-5.649,1,0.0757,0.0854,0.0,0.959,0.389,104.962,4,344920,False,It's Time - Live,4,Smoke + Mirrors Live (Live At The Air Canada Centre),C,major,C major
Imagine Dragons,2016-06-03,0.339,0.49,7,-8.544,1,0.0321,0.143,3.58e-05,0.927,0.0676,109.934,4,503333,False,Forever Young / Smoke And Mirrors - Live,5,Smoke + Mirrors Live (Live At The Air Canada Centre),G,major,G major
Imagine Dragons,2016-06-03,0.585,0.582,1,-8.098,1,0.0379,0.244,0.0,0.763,0.381,77.01,4,305826,False,Polaroid - Live,6,Smoke + Mirrors Live (Live At The Air Canada Centre),C#,major,C# major
Imagine Dragons,2016-06-03,0.408,0.741,7,-5.56,1,0.0571,0.419,0.0,0.972,0.364,142.875,4,308040,False,I'm So Sorry - Live,7,Smoke + Mirrors Live (Live At The Air Canada Centre),G,major,G major
Imagine Dragons,2016-06-03,0.322,0.218,5,-12.148,1,0.0337,0.559,0.0,0.725,0.17,140.758,4,241613,False,Thief - Live,8,Smoke + Mirrors Live (Live At The Air Canada Centre),F,major,F major
Imagine Dragons,2016-06-03,0.352,0.707,9,-5.549,0,0.115,0.105,1.56e-06,0.859,0.377,109.997,4,275506,False,Gold - Live,9,Smoke + Mirrors Live (Live At The Air Canada Centre),A,minor,A minor
Imagine Dragons,2016-06-03,0.312,0.403,1,-7.555,1,0.0426,0.464,0.0,0.699,0.226,90.025,4,299266,False,Demons / Bleeding Out / Warriors - Live,10,Smoke + Mirrors Live (Live At The Air Canada Centre),C#,major,C# major
Imagine Dragons,2016-06-03,0.457,0.289,2,-12.771,1,0.0437,0.488,0.0,0.943,0.256,104.397,4,230413,False,Amsterdam - Live,11,Smoke + Mirrors Live (Live At The Air Canada Centre),D,major,D major
Imagine Dragons,2016-06-03,0.52,0.658,0,-8.575,1,0.0355,0.00806,0.00026,0.967,0.529,139.962,4,344573,False,Hopeless Opus - Live,12,Smoke + Mirrors Live (Live At The Air Canada Centre),C,major,C major
Imagine Dragons,2016-06-03,0.643,0.826,0,-7.557,1,0.0766,0.0171,7.6e-05,0.688,0.314,102.045,4,291893,False,On Top Of The World - Live,13,Smoke + Mirrors Live (Live At The Air Canada Centre),C,major,C major
Imagine Dragons,2016-06-03,0.411,0.71,7,-8.052,1,0.0965,0.261,0.000618,0.957,0.3,103.86,4,265160,False,Friction - Live,14,Smoke + Mirrors Live (Live At The Air Canada Centre),G,major,G major
Imagine Dragons,2016-06-03,0.431,0.0962,2,-17.547,0,0.0479,0.878,0.0,0.826,0.196,71.419,3,188973,False,Release - Live,15,Smoke + Mirrors Live (Live At The Air Canada Centre),D,minor,D minor
Imagine Dragons,2016-06-03,0.523,0.726,1,-7.614,1,0.0453,0.335,0.000101,0.928,0.404,107.986,4,220386,False,I Bet My Life - Live,16,Smoke + Mirrors Live (Live At The Air Canada Centre),C#,major,C# major
Imagine Dragons,2016-06-03,0.437,0.775,10,-6.482,0,0.106,0.0706,0.00254,0.946,0.0986,136.608,4,461106,False,Radioactive - Live,17,Smoke + Mirrors Live (Live At The Air Canada Centre),A#,minor,A# minor
Imagine Dragons,2016-06-03,0.293,0.607,0,-6.902,1,0.0449,0.336,1.94e-05,0.919,0.18,119.994,4,343666,False,The Fall - Live,18,Smoke + Mirrors Live (Live At The Air Canada Centre),C,major,C major
Imagine Dragons,2015-10-23,0.553,0.76,2,-6.861,1,0.0369,0.00708,0.0106,0.313,0.338,104.953,4,232333,False,Shots,1,Smoke + Mirrors (Deluxe),D,major,D major
Imagine Dragons,2015-10-23,0.243,0.459,9,-6.814,0,0.0404,0.0808,0.00631,0.0551,0.256,164.907,3,216813,False,Gold,2,Smoke + Mirrors (Deluxe),A,minor,A minor
Imagine Dragons,2015-10-23,0.602,0.637,7,-7.283,1,0.0284,0.0648,0.0222,0.446,0.0871,109.99,4,260906,False,Smoke And Mirrors,3,Smoke + Mirrors (Deluxe),G,major,G major
Imagine Dragons,2015-10-23,0.528,0.686,2,-5.948,0,0.0561,0.143,0.0,0.251,0.423,142.694,4,230226,False,I’m So Sorry,4,Smoke + Mirrors (Deluxe),D,minor,D minor
Imagine Dragons,2015-10-23,0.546,0.659,1,-8.18,1,0.0394,0.367,0.00108,0.415,0.599,108.04,4,192706,False,I Bet My Life,5,Smoke + Mirrors (Deluxe),C#,major,C# major
Imagine Dragons,2015-10-23,0.423,0.603,1,-6.832,1,0.0494,0.516,1.86e-06,0.238,0.258,155.207,4,230013,False,Polaroid,6,Smoke + Mirrors (Deluxe),C#,major,C# major
Imagine Dragons,2015-10-23,0.65,0.548,8,-8.767,1,0.0357,0.0406,0.0426,0.292,0.289,103.949,4,201813,False,Friction,7,Smoke + Mirrors (Deluxe),G#,major,G# major
Imagine Dragons,2015-10-23,0.634,0.749,0,-7.895,1,0.0289,0.0789,0.0172,0.0698,0.49,99.997,4,217400,False,It Comes Back To You,8,Smoke + Mirrors (Deluxe),C,major,C major
Imagine Dragons,2015-10-23,0.364,0.513,1,-7.724,0,0.0497,0.641,3.47e-05,0.069,0.108,141.614,4,258000,False,Dream,9,Smoke + Mirrors (Deluxe),C#,minor,C# minor
Imagine Dragons,2015-10-23,0.386,0.889,3,-5.281,1,0.116,0.307,0.00486,0.142,0.327,159.96,4,191400,False,Trouble,10,Smoke + Mirrors (Deluxe),D#,major,D# major
Imagine Dragons,2015-10-23,0.538,0.823,9,-7.402,1,0.0292,0.00544,0.0981,0.102,0.621,108.982,3,218280,False,Summer,11,Smoke + Mirrors (Deluxe),A,major,A major
Imagine Dragons,2015-10-23,0.633,0.657,3,-6.166,1,0.0349,0.00543,8.77e-05,0.215,0.591,140.041,4,238800,False,Hopeless Opus,12,Smoke + Mirrors (Deluxe),D#,major,D# major
Imagine Dragons,2015-10-23,0.301,0.413,0,-9.693,1,0.0417,0.494,0.0442,0.112,0.0464,120.046,4,362466,False,The Fall,13,Smoke + Mirrors (Deluxe),C,major,C major
Imagine Dragons,2015-10-23,0.418,0.715,0,-5.75,1,0.042,0.00277,2.23e-05,0.106,0.129,149.954,4,227493,False,Thief,14,Smoke + Mirrors (Deluxe),C,major,C major
Imagine Dragons,2015-10-23,0.426,0.766,0,-8.13,1,0.0893,0.0255,0.000788,0.0931,0.346,120.186,4,204720,False,The Unknown,15,Smoke + Mirrors (Deluxe),C,major,C major
Imagine Dragons,2015-10-23,0.402,0.567,10,-9.131,1,0.0355,0.171,0.00797,0.103,0.362,171.06,3,217973,False,Second Chances,16,Smoke + Mirrors (Deluxe),A#,major,A# major
Imagine Dragons,2015-10-23,0.379,0.397,2,-11.247,0,0.0292,0.86,1.21e-05,0.118,0.408,138.356,5,148200,False,Release,17,Smoke + Mirrors (Deluxe),D,minor,D minor
Imagine Dragons,2015-10-23,0.372,0.851,4,-6.238,0,0.0661,0.0964,0.00288,0.238,0.307,78.094,4,170106,False,Warriors,18,Smoke + Mirrors (Deluxe),E,minor,E minor
Imagine Dragons,2015-10-23,0.274,0.902,0,-6.843,0,0.107,0.0414,0.00561,0.123,0.0391,130.056,4,272852,False,Battle Cry,19,Smoke + Mirrors (Deluxe),C,minor,C minor
Imagine Dragons,2015-10-23,0.483,0.768,3,-5.431,1,0.0732,0.207,0.000644,0.103,0.406,179.957,4,250506,False,Monster,20,Smoke + Mirrors (Deluxe),D#,major,D# major
Imagine Dragons,2015-10-23,0.407,0.654,6,-7.09,0,0.0415,0.00744,0.259,0.343,0.39,173.954,4,249346,False,Who We Are,21,Smoke + Mirrors (Deluxe),F#,minor,F# minor
Imagine Dragons,2015-10-23,0.737,0.781,11,-7.101,0,0.0332,0.392,0.0696,0.0969,0.545,120.018,4,191573,False,Shots - Broiler Remix,22,Smoke + Mirrors (Deluxe),B,minor,B minor
Imagine Dragons,2012-09-04,0.448,0.784,9,-3.686,1,0.0625,0.0999,0.000108,0.668,0.237,136.239,4,186813,False,Radioactive,1,Night Visions (Deluxe),A,major,A major
Imagine Dragons,2012-09-04,0.527,0.82,6,-5.855,1,0.0325,0.00154,1.93e-05,0.0882,0.251,120.041,4,193000,False,Tiptoe,2,Night Visions (Deluxe),F#,major,F# major
Imagine Dragons,2012-09-04,0.656,0.884,2,-4.748,1,0.0372,0.016,0.0,0.145,0.858,105.009,4,237986,False,It's Time,3,Night Visions (Deluxe),D,major,D major
Imagine Dragons,2012-09-04,0.5,0.71,3,-3.015,1,0.0339,0.19,0.00025,0.329,0.419,89.929,4,175200,False,Demons,4,Night Visions (Deluxe),D#,major,D# major
Imagine Dragons,2012-09-04,0.635,0.926,0,-5.589,1,0.15,0.0892,4.4e-06,0.0928,0.771,100.043,4,189840,False,On Top Of The World,5,Night Visions (Deluxe),C,major,C major
Imagine Dragons,2012-09-04,0.517,0.768,9,-4.961,1,0.0363,0.00852,8.4e-06,0.136,0.206,115.002,4,241426,False,Amsterdam,6,Night Visions (Deluxe),A,major,A major
Imagine Dragons,2012-09-04,0.613,0.833,4,-4.694,1,0.0366,0.000318,0.000669,0.0765,0.54,125.03,4,232240,False,Hear Me,7,Night Visions (Deluxe),E,major,E major
Imagine Dragons,2012-09-04,0.451,0.599,0,-6.824,1,0.0298,0.0508,4.26e-05,0.178,0.417,139.785,4,215533,False,Every Night,8,Night Visions (Deluxe),C,major,C major
Imagine Dragons,2012-09-04,0.287,0.754,5,-4.077,0,0.0743,0.0198,1.33e-06,0.103,0.285,169.336,4,221053,False,Bleeding Out,9,Night Visions (Deluxe),F,minor,F minor
Imagine Dragons,2012-09-04,0.685,0.831,7,-4.568,1,0.042,0.0038,6.2e-05,0.124,0.57,99.983,4,206706,False,Underdog,10,Night Visions (Deluxe),G,major,G major
Imagine Dragons,2012-09-04,0.267,0.79,0,-7.226,1,0.0472,0.119,4.55e-05,0.635,0.0623,108.019,4,536053,False,Nothing Left To Say / Rocks - Medley,11,Night Visions (Deluxe),C,major,C major
Imagine Dragons,2012-09-04,0.517,0.858,7,-6.113,1,0.038,0.00406,7.38e-06,0.0635,0.13,129.987,4,249466,False,Cha-Ching (Till We Grow Older),12,Night Visions (Deluxe),G,major,G major
Imagine Dragons,2012-09-04,0.646,0.848,0,-6.367,1,0.0361,0.0181,0.0,0.091,0.647,101.006,4,235080,False,Working Man,13,Night Visions (Deluxe),C,major,C major
Imagine Dragons,2012-09-04,0.596,0.813,7,-6.226,1,0.0392,0.113,0.0196,0.112,0.519,108.507,4,175333,False,My Fault,14,Night Visions (Deluxe),G,major,G major
Imagine Dragons,2012-09-04,0.455,0.858,0,-4.221,0,0.044,0.00262,0.0,0.201,0.48,141.947,4,196933,False,Round And Round,15,Night Visions (Deluxe),C,minor,C minor
Imagine Dragons,2012-09-04,0.395,0.637,1,-5.757,1,0.0304,0.00986,0.00229,0.343,0.284,169.996,4,204026,False,The River,16,Night Visions (Deluxe),C#,major,C# major
Imagine Dragons,2012-09-04,0.571,0.544,0,-7.736,1,0.0308,0.00305,0.0716,0.163,0.0912,113.032,4,272680,False,America,17,Night Visions (Deluxe),C,major,C major
Imagine Dragons,2012-09-04,0.566,0.69,0,-4.813,1,0.0254,0.000803,4.86e-06,0.157,0.561,95.005,4,239813,False,Selene,18,Night Visions (Deluxe),C,major,C major
Imagine Dragons,2012-09-04,0.546,0.718,0,-4.569,1,0.0335,0.000514,2.74e-06,0.105,0.156,135.185,4,258560,False,Cover Up,19,Night Visions (Deluxe),C,major,C major
Imagine Dragons,2012-09-04,0.448,0.851,0,-4.684,1,0.0446,0.00187,0.0,0.261,0.0775,117.922,4,198173,False,I Don't Mind,20,Night Visions (Deluxe),C,major,C major
Imagine Dragons,2012-09-04,0.448,0.784,9,-3.686,1,0.0625,0.0999,0.000108,0.668,0.237,136.239,4,186813,False,Radioactive,1,Night Visions,A,major,A major
Imagine Dragons,2012-09-04,0.527,0.82,6,-5.855,1,0.0325,0.00154,1.93e-05,0.076,0.251,120.041,4,194200,False,Tiptoe,2,Night Visions,F#,major,F# major
Imagine Dragons,2012-09-04,0.656,0.884,2,-4.748,1,0.0372,0.016,0.0,0.144,0.858,105.009,4,240306,False,It's Time,3,Night Visions,D,major,D major
Imagine Dragons,2012-09-04,0.5,0.71,3,-3.015,1,0.0339,0.19,0.00025,0.269,0.419,89.929,4,177506,False,Demons,4,Night Visions,D#,major,D# major
Imagine Dragons,2012-09-04,0.63,0.924,0,-5.589,1,0.145,0.0841,3.56e-06,0.084,0.763,100.045,4,192280,False,On Top Of The World,5,Night Visions,C,major,C major
Imagine Dragons,2012-09-04,0.517,0.768,9,-4.961,1,0.0363,0.00852,8.4e-06,0.136,0.206,115.002,4,241426,False,Amsterdam,6,Night Visions,A,major,A major
Imagine Dragons,2012-09-04,0.613,0.833,4,-4.694,1,0.0366,0.000318,0.000669,0.0644,0.54,125.03,4,235386,False,Hear Me,7,Night Visions,E,major,E major
Imagine Dragons,2012-09-04,0.451,0.599,0,-6.824,1,0.0298,0.0508,4.26e-05,0.173,0.417,139.792,4,217293,False,Every Night,8,Night Visions,C,major,C major
Imagine Dragons,2012-09-04,0.226,0.759,5,-4.136,0,0.0907,0.0144,0.0,0.0986,0.332,169.444,4,223160,False,Bleeding Out,9,Night Visions,F,minor,F minor
Imagine Dragons,2012-09-04,0.685,0.831,7,-4.568,1,0.042,0.0038,6.2e-05,0.113,0.57,99.983,4,209440,False,Underdog,10,Night Visions,G,major,G major
Imagine Dragons,2012-09-04,0.267,0.79,0,-7.226,1,0.0472,0.119,4.55e-05,0.574,0.0623,108.019,4,537040,False,Nothing Left To Say / Rocks - Medley,11,Night Visions,C,major,C major
Imagine Dragons,2012-09-04,0.511,0.867,7,-6.116,1,0.0491,0.00419,7.29e-06,0.0597,0.114,129.952,4,249493,False,Cha-Ching (Till We Grow Older),12,Night Visions,G,major,G major
Imagine Dragons,2012-09-04,0.645,0.858,0,-6.393,1,0.0382,0.0194,0.0,0.0946,0.649,100.986,4,233373,False,Working Man,13,Night Visions,C,major,C major
Imagine Dragons,2012-09-04,0.663,0.692,0,-6.456,1,0.0308,0.0016,1.49e-05,0.172,0.722,119.984,4,195853,False,Tokyo,14,Night Visions,C,major,C major
Melendi,2023-11-10,0.709,0.821,1,-4.268,0,0.165,0.661,0.0,0.0911,0.669,157.845,4,214771,False,Con La Luna Llena,1,20 Años Sin Noticias,C#,minor,C# minor
Melendi,2023-11-10,0.631,0.852,5,-5.704,1,0.05,0.366,0.0,0.319,0.891,149.975,4,188345,False,Hablando En Plata,2,20 Años Sin Noticias,F,major,F major
Melendi,2023-11-10,0.76,0.917,1,-5.511,1,0.112,0.313,0.0,0.112,0.881,108.023,4,207084,False,Caminando por la Vida,3,20 Años Sin Noticias,C#,major,C# major
Melendi,2023-11-10,0.688,0.629,11,-7.202,0,0.141,0.19,0.0,0.382,0.743,100.658,4,217032,False,Sin Noticias de Holanda,4,20 Años Sin Noticias,B,minor,B minor
Melendi,2023-11-10,0.731,0.7,2,-5.102,0,0.05,0.167,0.0,0.211,0.414,128.03,4,234611,False,Con Solo una Sonrisa,5,20 Años Sin Noticias,D,minor,D minor
Melendi,2023-11-10,0.661,0.949,1,-4.523,0,0.049,0.0663,0.0,0.324,0.954,80.003,4,209265,False,Sé lo Que Hicisteis (feat. Natos y Waor),6,20 Años Sin Noticias,C#,minor,C# minor
Melendi,2023-11-10,0.792,0.692,0,-5.578,1,0.163,0.383,0.0,0.136,0.845,94.987,4,225355,False,Desde Mi Ventana,7,20 Años Sin Noticias,C,major,C major
Melendi,2023-11-10,0.583,0.93,1,-4.187,0,0.173,0.0481,0.0,0.2,0.776,91.589,4,174416,False,Un Recuerdo Que Olvidar,8,20 Años Sin Noticias,C#,minor,C# minor
Melendi,2023-11-10,0.644,0.956,0,-4.179,1,0.0623,0.15,0.0,0.343,0.95,174.967,4,199847,False,Mi Rumbita Pa´ Tus Pies,9,20 Años Sin Noticias,C,major,C major
Melendi,2023-11-10,0.662,0.642,9,-5.346,0,0.101,0.155,0.0,0.136,0.58,100.472,4,197551,False,El Informe del Forense,10,20 Años Sin Noticias,A,minor,A minor
Melendi,2023-11-10,0.889,0.814,1,-4.348,1,0.107,0.419,2.57e-05,0.0961,0.961,100.075,4,189904,False,Echarte a Suertes,11,20 Años Sin Noticias,C#,major,C# major
Melendi,2023-11-10,0.637,0.932,0,-4.629,1,0.151,0.183,2.19e-06,0.239,0.758,178.089,4,223524,False,Vuelvo a Traficar,12,20 Años Sin Noticias,C,major,C major
Melendi,2023-11-10,0.679,0.62,11,-5.289,0,0.113,0.571,1.49e-05,0.324,0.431,136.687,4,198340,False,Por Amarte Tanto,13,20 Años Sin Noticias,B,minor,B minor
Melendi,2023-11-10,0.538,0.7,1,-5.932,0,0.0979,0.541,2.8e-05,0.214,0.628,79.918,4,223872,False,Una Historia de Tantas,14,20 Años Sin Noticias,C#,minor,C# minor
Melendi,2021-11-05,0.662,0.834,11,-5.148,1,0.0405,0.51,0.0,0.0677,0.751,154.966,4,228866,False,La Boca Junta,1,Likes y Cicatrices,B,major,B major
Melendi,2021-11-05,0.574,0.585,3,-5.684,1,0.0345,0.619,0.0,0.224,0.322,77.018,4,245120,False,El Único Habitante de tu Piel,2,Likes y Cicatrices,D#,major,D# major
Melendi,2021-11-05,0.74,0.867,9,-4.309,1,0.0615,0.117,0.0,0.13,0.67,91.978,4,231973,False,Por si las Moscas,3,Likes y Cicatrices,A,major,A major
Melendi,2021-11-05,0.717,0.748,0,-6.639,1,0.109,0.24,0.0,0.0864,0.456,85.036,4,222706,False,Likes y Cicatrices,4,Likes y Cicatrices,C,major,C major
Melendi,2021-11-05,0.678,0.526,0,-7.709,1,0.0337,0.264,0.0,0.151,0.425,110.031,4,214680,False,Simplemente Dilo,5,Likes y Cicatrices,C,major,C major
Melendi,2021-11-05,0.722,0.788,5,-4.441,0,0.255,0.607,0.0,0.326,0.812,195.992,4,231386,False,Fiesta en Cocoplum,6,Likes y Cicatrices,F,minor,F minor
Melendi,2021-11-05,0.684,0.771,6,-5.217,1,0.0447,0.349,0.0,0.104,0.367,120.013,4,235160,False,La Electricidad,7,Likes y Cicatrices,F#,major,F# major
Melendi,2021-11-05,0.764,0.569,5,-5.978,0,0.291,0.423,0.0,0.125,0.779,171.051,4,195813,False,La Apuesta,8,Likes y Cicatrices,F,minor,F minor
Melendi,2021-11-05,0.683,0.72,1,-6.733,0,0.0958,0.286,0.0,0.112,0.736,95.97,4,212186,False,Violeta,9,Likes y Cicatrices,C#,minor,C# minor
Melendi,2021-11-05,0.807,0.501,9,-7.449,1,0.055,0.88,0.0,0.0923,0.813,109.983,4,153280,False,Un Ex y un No,10,Likes y Cicatrices,A,major,A major
Melendi,2021-11-05,0.632,0.58,10,-8.13,0,0.0434,0.643,3.1e-05,0.0968,0.516,83.937,4,258600,False,Al Otro Lado del Pacífico,11,Likes y Cicatrices,A#,minor,A# minor
Melendi,2019-11-29,0.628,0.645,0,-8.369,1,0.188,0.125,0.0,0.152,0.405,151.734,4,170426,False,El Ciego,1,10:20:40,C,major,C major
Melendi,2019-11-29,0.686,0.651,0,-7.167,1,0.0788,0.189,0.0,0.111,0.536,151.944,4,233386,False,Una Noche Para Siempre,2,10:20:40,C,major,C major
Melendi,2019-11-29,0.752,0.568,0,-7.833,1,0.0317,0.733,0.0,0.133,0.462,130.014,4,245573,False,Sin Remitente,3,10:20:40,C,major,C major
Melendi,2019-11-29,0.643,0.647,6,-5.813,0,0.104,0.0398,0.0,0.0753,0.315,82.049,4,239280,False,Tan Tonto Como Tú,4,10:20:40,F#,minor,F# minor
Melendi,2019-11-29,0.571,0.636,10,-5.991,1,0.0641,0.615,0.0,0.158,0.395,72.904,4,208146,False,89 Grados Fahrenheit,5,10:20:40,A#,major,A# major
Melendi,2019-11-29,0.698,0.836,10,-5.012,1,0.0852,0.416,0.0,0.138,0.742,104.991,4,270773,False,Casi,6,10:20:40,A#,major,A# major
Melendi,2019-11-29,0.689,0.625,7,-7.189,1,0.0379,0.22,0.0,0.0727,0.129,116.95,4,203560,False,La Chica Perfecta,7,10:20:40,G,major,G major
Melendi,2019-11-29,0.635,0.888,7,-4.215,1,0.0818,0.107,0.0,0.0873,0.792,164.81,4,243680,False,Adiós Soledad,8,10:20:40,G,major,G major
Melendi,2019-11-29,0.699,0.811,5,-6.008,1,0.0351,0.0837,0.0,0.111,0.675,135.963,4,230693,False,Hace Falta un Milagro,9,10:20:40,F,major,F major
Melendi,2019-11-29,0.697,0.774,8,-5.409,1,0.105,0.16,0.0,0.0634,0.863,103.935,4,182773,False,Ni Error Ni Tontería,10,10:20:40,G#,major,G# major
Melendi,2019-11-29,0.753,0.47,8,-7.846,1,0.0461,0.114,0.0,0.128,0.188,113.047,4,276253,False,Síndrome de Estocolmo,11,10:20:40,G#,major,G# major
Melendi,2018-03-09,0.616,0.504,1,-6.951,0,0.063,0.254,0.0,0.292,0.236,82.005,4,255466,False,Mírame,1,Ahora,C#,minor,C# minor
Melendi,2018-03-09,0.797,0.737,6,-4.918,0,0.165,0.0841,0.0,0.48,0.716,99.914,4,218760,False,El Arrepentido,2,Ahora,F#,minor,F# minor
Melendi,2018-03-09,0.854,0.612,6,-7.306,1,0.0351,0.548,8.77e-05,0.0768,0.868,138.069,4,237853,False,Lo Que Nos Merecemos,3,Ahora,F#,major,F# major
Melendi,2018-03-09,0.73,0.831,7,-4.958,0,0.163,0.21,0.0,0.0835,0.713,179.926,4,247066,False,Para Que No Se Escapen Tus Mariposas,4,Ahora,G,minor,G minor
Melendi,2018-03-09,0.722,0.471,4,-6.089,0,0.049,0.495,8.24e-06,0.136,0.322,101.863,4,222413,False,Tiempos de Re-Evolución,5,Ahora,E,minor,E minor
Melendi,2018-03-09,0.831,0.777,11,-4.456,0,0.174,0.356,0.0,0.0796,0.598,95.973,4,219600,False,Déjala Que Baile (with Alejandro Sanz & Arkano),6,Ahora,B,minor,B minor
Melendi,2018-03-09,0.683,0.38,7,-10.348,1,0.0421,0.46,0.0,0.159,0.234,134.892,3,254280,False,Mi Código Postal,7,Ahora,G,major,G major
Melendi,2018-03-09,0.688,0.43,10,-8.194,1,0.0676,0.101,2.27e-06,0.0782,0.101,90.014,4,220680,False,Negro Sin Ti,8,Ahora,A#,major,A# major
Melendi,2018-03-09,0.64,0.568,11,-6.984,1,0.0579,0.592,0.0,0.105,0.379,81.999,4,258746,False,Habitantes de un Mismo Planeta,9,Ahora,B,major,B major
Melendi,2018-03-09,0.839,0.625,6,-6.807,1,0.124,0.142,0.0,0.077,0.533,89.99,4,228920,False,Lo Nuestro Fue Muy Top,10,Ahora,F#,major,F# major
Melendi,2018-03-09,0.744,0.33,3,-13.437,0,0.046,0.87,2.48e-06,0.121,0.318,127.539,1,325026,False,Como el Agua y el Aceite,11,Ahora,D#,minor,D# minor
Melendi,2017-12-08,0.563,0.956,11,-4.98,0,0.0824,0.318,0.0,0.0196,0.902,183.987,4,197933,False,Mi rumbita pa tus pies - 2003 Remastered Version,1,Yo me veo contigo,B,minor,B minor
Melendi,2017-12-08,0.816,0.758,7,-5.206,1,0.171,0.401,0.0,0.0592,0.892,95.036,4,227226,False,Desde mi ventana - 2006 Remastered Version,2,Yo me veo contigo,G,major,G major
Melendi,2017-12-08,0.676,0.923,4,-6.374,1,0.0638,0.394,0.0,0.104,0.863,159.955,4,228546,False,Sé lo que hicisteis - 2006 Remastered Version,3,Yo me veo contigo,E,major,E major
Melendi,2017-12-08,0.68,0.856,4,-6.516,1,0.158,0.702,0.0,0.0893,0.673,163.941,4,228213,False,Con la luna llena,4,Yo me veo contigo,E,major,E major
Melendi,2017-12-08,0.586,0.801,7,-5.105,1,0.0458,0.185,0.0,0.355,0.684,149.523,4,185066,False,Hablando en plata - 2003 Remastered Version,5,Yo me veo contigo,G,major,G major
Melendi,2017-12-08,0.695,0.958,5,-3.778,1,0.0827,0.0148,7.16e-06,0.154,0.711,108.054,4,211680,False,Caminando por la vida,6,Yo me veo contigo,F,major,F major
Melendi,2017-12-08,0.709,0.757,2,-3.942,0,0.0343,0.27,0.0,0.194,0.449,127.988,4,229960,False,Con sólo una sonrisa,7,Yo me veo contigo,D,minor,D minor
Melendi,2017-12-08,0.704,0.959,11,-4.429,0,0.155,0.278,4.99e-06,0.336,0.678,112.004,4,185480,False,Novia a la fuga,8,Yo me veo contigo,B,minor,B minor
Melendi,2017-12-08,0.758,0.929,9,-4.397,1,0.193,0.371,2.74e-06,0.0534,0.912,104.005,4,212693,False,Kisiera yo saber,9,Yo me veo contigo,A,major,A major
Melendi,2017-12-08,0.465,0.869,11,-5.9,0,0.0746,0.678,9.03e-06,0.136,0.544,158.217,3,188293,False,Calle la Pantomima,10,Yo me veo contigo,B,minor,B minor
Melendi,2017-12-08,0.615,0.586,4,-7.68,1,0.0943,0.662,1.89e-05,0.0871,0.529,135.894,4,196813,False,Por amarte tanto,11,Yo me veo contigo,E,major,E major
Melendi,2017-12-08,0.715,0.743,4,-3.884,0,0.0604,0.244,0.0,0.243,0.346,114.016,4,211960,False,Loco,12,Yo me veo contigo,E,minor,E minor
Melendi,2017-12-08,0.624,0.921,4,-3.024,0,0.0554,0.0137,0.00145,0.11,0.755,156.044,4,187586,False,Gangs Of London,13,Yo me veo contigo,E,minor,E minor
Melendi,2017-12-08,0.675,0.938,6,-7.353,0,0.0783,0.0621,0.000934,0.33,0.88,110.035,4,150546,False,Me gusta el fútbol,14,Yo me veo contigo,F#,minor,F# minor
Melendi,2017-12-08,0.512,0.843,1,-6.283,0,0.183,0.405,0.0,0.241,0.58,156.388,3,222720,False,Un violinista en tu tejado,15,Yo me veo contigo,C#,minor,C# minor
Melendi,2017-12-08,0.69,0.943,9,-3.35,0,0.0365,0.136,0.00116,0.0977,0.927,155.152,4,244720,False,Piratas del bar Caribe,16,Yo me veo contigo,A,minor,A minor
Melendi,2017-12-08,0.584,0.893,6,-5.718,0,0.0709,0.0148,0.0,0.368,0.469,96.622,4,220906,False,Como una vela,17,Yo me veo contigo,F#,minor,F# minor
Melendi,2017-12-08,0.666,0.555,6,-5.646,1,0.0289,0.00758,7.89e-06,0.0676,0.493,110.006,4,248720,False,Perdóname ángel,18,Yo me veo contigo,F#,major,F# major
Melendi,2017-12-08,0.638,0.774,10,-4.041,1,0.0379,0.117,2.61e-06,0.0941,0.236,129.906,4,239946,False,Llueve,19,Yo me veo contigo,A#,major,A# major
Melendi,2017-12-08,0.666,0.893,0,-5.151,1,0.118,0.195,0.0,0.106,0.315,153.014,4,215946,False,Barbie de extrarradio,20,Yo me veo contigo,C,major,C major
Melendi,2017-12-08,0.677,0.905,9,-4.466,1,0.0372,0.066,0.000134,0.105,0.641,136.04,4,248346,False,Canción de amor caducada,21,Yo me veo contigo,A,major,A major
Melendi,2017-12-08,0.641,0.937,9,-3.52,1,0.0735,0.238,0.0,0.108,0.653,160.1,4,229308,False,Lágrimas desordenadas,22,Yo me veo contigo,A,major,A major
Melendi,2017-12-08,0.721,0.834,7,-4.457,1,0.0345,0.337,0.0,0.104,0.53,127.92,4,236975,False,Tu jardín con enanitos,23,Yo me veo contigo,G,major,G major
Melendi,2017-12-08,0.556,0.627,4,-4.931,0,0.0315,0.397,0.0,0.151,0.364,147.839,4,295718,False,Cheque al portamor,24,Yo me veo contigo,E,minor,E minor
Melendi,2017-12-08,0.774,0.85,2,-5.329,1,0.0403,0.192,1.03e-06,0.09,0.358,123.972,4,210600,False,Autofotos,25,Yo me veo contigo,D,major,D major
Melendi,2017-12-08,0.564,0.739,11,-3.966,1,0.0751,0.454,0.0,0.0933,0.625,77.61,4,243600,False,Aprendiz de caballero,26,Yo me veo contigo,B,major,B major
Melendi,2017-12-08,0.412,0.883,0,-4.11,1,0.128,0.182,0.0,0.245,0.633,93.112,4,242840,False,De pequeño fue el coco,27,Yo me veo contigo,C,major,C major
Melendi,2017-12-08,0.693,0.919,11,-3.737,1,0.0651,0.136,0.0074,0.0901,0.729,102.052,4,211586,False,Tocado y hundido,28,Yo me veo contigo,B,major,B major
Melendi,2017-12-08,0.584,0.73,8,-5.095,1,0.0355,0.0674,0.00849,0.288,0.414,153.929,4,233040,False,La promesa,29,Yo me veo contigo,G#,major,G# major
Melendi,2017-12-08,0.579,0.812,4,-4.876,1,0.0604,0.0709,0.00138,0.15,0.839,175.969,4,208826,False,La religión de los idiotas,30,Yo me veo contigo,E,major,E major
Melendi,2017-12-08,0.529,0.771,11,-5.395,1,0.0786,0.253,4.17e-06,0.0998,0.377,161.913,4,265880,False,El amor es un arte,31,Yo me veo contigo,B,major,B major
Melendi,2017-12-08,0.394,0.52,2,-8.35,1,0.202,0.26,0.0,0.0957,0.364,75.239,4,259146,False,Destino o casualidad,32,Yo me veo contigo,D,major,D major
Melendi,2017-12-08,0.728,0.811,6,-6.047,1,0.185,0.164,0.0,0.0734,0.469,91.783,4,274053,False,Desde que estamos juntos,33,Yo me veo contigo,F#,major,F# major
Melendi,2017-12-08,0.439,0.735,0,-4.404,0,0.0723,0.439,0.0,0.138,0.279,174.006,4,213600,False,La casa no es igual,34,Yo me veo contigo,C,minor,C minor
Melendi,2017-12-08,0.562,0.881,10,-4.72,1,0.064,0.0456,0.0,0.334,0.445,77.969,4,295680,False,Yo me veo contigo,35,Yo me veo contigo,A#,major,A# major
Melendi,2017-12-08,0.621,0.782,9,-5.037,1,0.0377,0.0722,0.0,0.285,0.387,102.06,4,261120,False,Existen los ángeles,36,Yo me veo contigo,A,major,A major
Melendi,2017-12-08,0.424,0.563,11,-5.771,0,0.0984,0.527,0.0,0.105,0.347,153.619,4,259946,False,Destino o casualidad,37,Yo me veo contigo,B,minor,B minor
Melendi,2017-12-08,0.726,0.883,4,-5.234,1,0.0784,0.0144,0.000661,0.0367,0.884,115.012,4,248320,False,Asturias - 2006 Remastered Version,38,Yo me veo contigo,E,major,E major
Melendi,2017-12-08,0.706,0.877,7,-6.314,0,0.0393,0.0392,0.00281,0.0702,0.9,91.484,4,258466,False,Moratalá - 2006 Remastered Version,39,Yo me veo contigo,G,minor,G minor
Melendi,2017-12-08,0.665,0.793,9,-7.064,1,0.123,0.147,0.0,0.134,0.734,164.038,4,199093,False,Con la luna llena - Edición Vuelta a España '04,40,Yo me veo contigo,A,major,A major
Melendi,2017-12-08,0.753,0.752,11,-4.553,0,0.0395,0.604,0.0,0.098,0.31,135.979,4,262560,False,Carlota,41,Yo me veo contigo,B,minor,B minor
Melendi,2017-12-08,0.8,0.951,4,-2.948,1,0.0971,0.0855,2.31e-06,0.0597,0.915,105.053,4,172946,False,La Dama y el Vagabundo,42,Yo me veo contigo,E,major,E major
Melendi,2017-12-08,0.762,0.897,0,-3.861,1,0.0959,0.352,0.0,0.188,0.873,94.989,4,223693,False,El tiempo que gasto,43,Yo me veo contigo,C,major,C major
Melendi,2017-12-08,0.589,0.973,4,-3.25,0,0.153,0.0238,2.03e-06,0.361,0.897,159.825,4,208786,False,De bar en peor,44,Yo me veo contigo,E,minor,E minor
Melendi,2017-12-08,0.637,0.984,7,-2.46,1,0.119,0.253,0.0,0.266,0.829,104.835,4,177600,False,Zoociedad,45,Yo me veo contigo,G,major,G major
Melendi,2017-12-08,0.509,0.949,7,-2.507,1,0.0625,0.00488,0.0,0.155,0.666,151.853,4,232666,False,Firmes - Remastered,46,Yo me veo contigo,G,major,G major
Melendi,2017-12-08,0.624,0.977,4,-3.219,1,0.0868,0.0758,0.0,0.143,0.626,102.264,4,178600,False,El rey de la baraja,47,Yo me veo contigo,E,major,E major
Melendi,2017-12-08,0.542,0.972,11,-3.446,1,0.139,0.0698,0.000261,0.348,0.831,92.551,4,238786,False,La aceituna,48,Yo me veo contigo,B,major,B major
Melendi,2017-12-08,0.446,0.752,9,-7.679,0,0.0391,0.0158,0.0,0.0496,0.741,207.84,3,251106,False,Himno eventual del Real Oviedo,49,Yo me veo contigo,A,minor,A minor
Melendi,2017-12-08,0.613,0.931,7,-2.513,1,0.0583,0.0197,0.163,0.284,0.6,157.946,4,200520,False,Pa' que yo la cantara,50,Yo me veo contigo,G,major,G major
Melendi,2017-12-08,0.642,0.991,4,-2.994,0,0.0816,0.0812,0.000335,0.332,0.531,111.873,4,205720,False,Vampiresa,51,Yo me veo contigo,E,minor,E minor
Melendi,2017-12-08,0.645,0.92,9,-4.367,0,0.0364,0.00283,0.000575,0.114,0.816,146.108,4,172400,False,Ni pa la pipa la sal,52,Yo me veo contigo,A,minor,A minor
Melendi,2017-12-08,0.706,0.958,1,-3.044,0,0.0488,0.0175,0.00027,0.119,0.76,112.052,4,180786,False,Qué dura la vida de la musa,53,Yo me veo contigo,C#,minor,C# minor
Melendi,2017-12-08,0.368,0.648,2,-7.972,1,0.0969,0.0389,0.0049,0.0862,0.481,79.755,4,228253,False,Amigos de la crisis,54,Yo me veo contigo,D,major,D major
Melendi,2017-12-08,0.693,0.533,2,-6.004,0,0.0275,0.76,3.22e-06,0.101,0.471,140.005,4,257786,False,Hoy,55,Yo me veo contigo,D,minor,D minor
Melendi,2017-12-08,0.788,0.517,2,-6.872,0,0.0309,0.709,0.0,0.11,0.872,138.017,4,231973,False,El límite,56,Yo me veo contigo,D,minor,D minor
Melendi,2017-12-08,0.757,0.782,2,-5.204,1,0.0765,0.0538,0.0,0.331,0.652,105.031,4,184549,False,Mi generación,57,Yo me veo contigo,D,major,D major
Melendi,2017-12-08,0.838,0.893,9,-5.063,1,0.164,0.197,0.0,0.0888,0.405,96.49,4,222423,False,Más allá de nuestros recuerdos,58,Yo me veo contigo,A,major,A major
Melendi,2017-12-08,0.403,0.951,4,-3.215,1,0.197,0.0011,2.33e-06,0.398,0.379,175.087,4,229946,False,María,59,Yo me veo contigo,E,major,E major
Melendi,2017-12-08,0.569,0.831,11,-3.177,1,0.0454,0.0178,0.0,0.0603,0.824,100.022,4,154226,False,Estoy enfermo (con Melendi),60,Yo me veo contigo,B,major,B major
Melendi,2017-12-08,0.612,0.666,4,-8.449,0,0.0625,0.0306,1.67e-05,0.0369,0.827,142.063,4,187206,False,Al carajo (feat. Ariel Rot y Melendi),61,Yo me veo contigo,E,minor,E minor
Melendi,2017-12-08,0.506,0.962,11,-1.323,0,0.211,0.0362,5.07e-05,0.125,0.691,177.034,4,186493,False,Dos pulgas en un perro (con Melendi),62,Yo me veo contigo,B,minor,B minor
Melendi,2017-12-08,0.596,0.918,4,-2.742,0,0.0569,0.0423,0.0,0.14,0.875,153.105,4,178503,False,Marco,63,Yo me veo contigo,E,minor,E minor
Melendi,2017-12-08,0.477,0.931,6,-3.445,1,0.0524,0.0164,0.000175,0.279,0.782,155.143,3,217253,False,Amigo (feat. Melendi),64,Yo me veo contigo,F#,major,F# major
Melendi,2017-12-08,0.682,0.726,6,-8.031,0,0.102,0.0185,0.0,0.0871,0.829,95.06,4,210733,False,Por qué (feat. Melendi),65,Yo me veo contigo,F#,minor,F# minor
Melendi,2017-12-08,0.542,0.621,1,-5.741,1,0.0265,0.403,0.0,0.13,0.332,147.945,4,235360,False,Por ti (feat. Melendi),66,Yo me veo contigo,C#,major,C# major
Melendi,2017-12-08,0.559,0.778,11,-4.513,0,0.0349,0.454,0.0,0.355,0.281,114.867,4,265904,False,Entre tú y mil mares (with Melendi),67,Yo me veo contigo,B,minor,B minor
Melendi,2017-12-08,0.505,0.917,0,-2.518,1,0.0486,0.0269,0.0,0.792,0.31,94.103,4,214213,False,Frenar enero (feat. Melendi) - Directo 2015,68,Yo me veo contigo,C,major,C major
Melendi,2017-12-08,0.574,0.642,9,-6.241,1,0.0291,0.429,0.0,0.0991,0.286,99.779,4,233320,False,Personal (feat. Melendi),69,Yo me veo contigo,A,major,A major
Melendi,2016-11-11,0.736,0.366,10,-7.863,1,0.0301,0.483,0.0,0.0916,0.501,110.011,4,251760,False,Flores de Agua y Plomo,1,Quítate las Gafas,A#,major,A# major
Melendi,2016-11-11,0.596,0.532,2,-8.355,1,0.17,0.249,0.0,0.0977,0.365,77.011,4,258746,False,Destino o Casualidad,2,Quítate las Gafas,D,major,D major
Melendi,2016-11-11,0.676,0.831,1,-4.932,1,0.068,0.138,0.0,0.375,0.363,102.905,4,242546,False,Hijos del Mal,3,Quítate las Gafas,C#,major,C# major
Melendi,2016-11-11,0.695,0.809,6,-6.002,1,0.255,0.164,0.0,0.077,0.507,184.028,4,273293,False,Desde Que Estamos Juntos,4,Quítate las Gafas,F#,major,F# major
Melendi,2016-11-11,0.485,0.683,0,-5.188,0,0.0804,0.493,0.0,0.144,0.303,174.129,4,213240,False,La Casa No Es Igual,5,Quítate las Gafas,C,minor,C minor
Melendi,2016-11-11,0.644,0.776,0,-4.631,1,0.077,0.0476,0.0,0.138,0.419,171.881,4,260560,False,Mi Mayor Fortuna (with ChocQuibTown),6,Quítate las Gafas,C,major,C major
Melendi,2016-11-11,0.556,0.62,2,-6.059,1,0.0323,0.391,0.0,0.246,0.285,139.919,4,285800,False,Un Amor Tan Grande,7,Quítate las Gafas,D,major,D major
Melendi,2016-11-11,0.861,0.855,7,-4.218,1,0.0488,0.0805,0.0,0.143,0.867,123.997,4,266666,False,Soy Tu Superhéroe,8,Quítate las Gafas,G,major,G major
Melendi,2016-11-11,0.615,0.776,9,-5.02,1,0.0372,0.066,0.0,0.332,0.48,102.026,4,259000,False,Existen los Ángeles,9,Quítate las Gafas,A,major,A major
Melendi,2016-11-11,0.47,0.487,4,-5.034,1,0.0403,0.441,0.0,0.3,0.38,209.758,3,234560,False,Quítate las Gafas,10,Quítate las Gafas,E,major,E major
Melendi,2016-11-11,0.567,0.888,10,-4.701,1,0.0569,0.0413,0.0,0.364,0.424,156.004,4,295680,False,Yo Me Veo Contigo,11,Quítate las Gafas,A#,major,A# major
Melendi,2015-12-04,0.524,0.929,2,-8.736,1,0.114,0.0165,0.000812,0.861,0.461,146.088,1,96760,False,Siete alumnos (Intro) - En Directo,1,Directo a Septiembre (Gira Un Alumno Más),D,major,D major
Melendi,2015-12-04,0.48,0.886,0,-7.506,1,0.106,0.0298,0.0,0.956,0.391,145.979,4,324493,False,Tú de Elvis yo de Marilyn - En Directo,2,Directo a Septiembre (Gira Un Alumno Más),C,major,C major
Melendi,2015-12-04,0.369,0.734,0,-8.596,1,0.0761,0.0412,0.0,0.405,0.489,91.2,4,286480,False,De pequeño fue el coco - En Directo,3,Directo a Septiembre (Gira Un Alumno Más),C,major,C major
Melendi,2015-12-04,0.578,0.823,1,-8.993,1,0.0403,0.0164,3.68e-05,0.863,0.299,100.023,4,253040,False,Septiembre - En Directo,4,Directo a Septiembre (Gira Un Alumno Más),C#,major,C# major
Melendi,2015-12-04,0.386,0.758,1,-9.742,0,0.158,0.237,0.0,0.919,0.371,163.997,4,354373,False,Un violinista en tu tejado - En Directo,5,Directo a Septiembre (Gira Un Alumno Más),C#,minor,C# minor
Melendi,2015-12-04,0.546,0.83,2,-8.217,1,0.0894,0.0101,8.59e-06,0.923,0.353,144.986,4,245000,False,Mi primer beso - Directo Las Ventas,6,Directo a Septiembre (Gira Un Alumno Más),D,major,D major
Melendi,2015-12-04,0.283,0.75,11,-8.631,0,0.0531,0.0228,0.000225,0.747,0.301,157.975,4,188906,False,Calle la Pantomima - En Directo,7,Directo a Septiembre (Gira Un Alumno Más),B,minor,B minor
Melendi,2015-12-04,0.593,0.929,9,-6.907,1,0.0791,0.00544,5.66e-05,0.99,0.38,136.03,4,250933,False,Canción de amor caducada - En Directo,8,Directo a Septiembre (Gira Un Alumno Más),A,major,A major
Melendi,2015-12-04,0.536,0.792,6,-7.58,0,0.053,0.0385,0.0,0.935,0.253,129.916,4,253573,False,Llueve - En Directo,9,Directo a Septiembre (Gira Un Alumno Más),F#,minor,F# minor
Melendi,2015-12-04,0.43,0.809,9,-6.932,1,0.0437,0.19,0.0,0.97,0.314,81.038,4,276453,False,El amor es un arte - En Directo,10,Directo a Septiembre (Gira Un Alumno Más),A,major,A major
Melendi,2015-12-04,0.31,0.811,6,-7.255,0,0.116,0.0701,0.0,0.43,0.182,96.995,4,344106,False,Como una vela - En Directo,11,Directo a Septiembre (Gira Un Alumno Más),F#,minor,F# minor
Melendi,2015-12-04,0.622,0.776,5,-7.55,1,0.0328,0.0334,0.0,0.695,0.415,122.994,4,223760,False,Colgado de la vecina - En Directo,12,Directo a Septiembre (Gira Un Alumno Más),F,major,F major
Melendi,2015-12-04,0.468,0.943,0,-7.301,1,0.169,0.0381,1.73e-05,0.978,0.242,152.988,4,232693,False,Barbie de extrarradio - En Directo,13,Directo a Septiembre (Gira Un Alumno Más),C,major,C major
Melendi,2015-12-04,0.442,0.514,2,-7.43,0,0.032,0.176,0.913,0.411,0.0801,120.165,4,81880,False,Marea (Intro) - En Directo,14,Directo a Septiembre (Gira Un Alumno Más),D,minor,D minor
Melendi,2015-12-04,0.578,0.79,5,-7.043,1,0.0376,0.0911,0.0,0.751,0.366,128.009,4,241240,False,Con sólo una sonrisa - En Directo,15,Directo a Septiembre (Gira Un Alumno Más),F,major,F major
Melendi,2015-12-04,0.525,0.925,7,-6.067,1,0.0662,0.00931,1.9e-05,0.92,0.432,132.979,4,235106,False,Somos - En Directo,16,Directo a Septiembre (Gira Un Alumno Más),G,major,G major
Melendi,2015-12-04,0.374,0.64,5,-7.947,1,0.0385,0.265,1.32e-06,0.984,0.182,82.983,4,438080,False,Saraluna - En Directo,17,Directo a Septiembre (Gira Un Alumno Más),F,major,F major
Melendi,2015-12-04,0.435,0.952,9,-6.293,1,0.106,0.00341,0.0012,0.362,0.278,159.968,4,255400,False,Lágrimas desordenadas - En Directo,18,Directo a Septiembre (Gira Un Alumno Más),A,major,A major
Melendi,2015-12-04,0.45,0.519,0,-9.667,1,0.0615,0.657,0.0,0.49,0.262,74.72,4,321466,False,Cierra los ojos - En Directo,19,Directo a Septiembre (Gira Un Alumno Más),C,major,C major
Melendi,2015-12-04,0.514,0.871,7,-6.698,1,0.0883,0.16,0.0,0.955,0.205,109.909,4,390893,False,Cenizas en la eterninad - En Directo,20,Directo a Septiembre (Gira Un Alumno Más),G,major,G major
Melendi,2015-12-04,0.574,0.646,0,-10.256,1,0.0527,0.167,0.0,0.6,0.391,132.041,4,390986,False,Posdata - En Directo,21,Directo a Septiembre (Gira Un Alumno Más),C,major,C major
Melendi,2015-12-04,0.557,0.825,2,-7.036,1,0.0609,0.0669,0.0,0.872,0.427,88.011,4,213920,False,La religión de los idiotas - En Directo,22,Directo a Septiembre (Gira Un Alumno Más),D,major,D major
Melendi,2015-12-04,0.377,0.909,5,-7.536,1,0.221,0.188,0.0,0.981,0.334,127.967,4,347933,False,Tu jardín con enanitos - En Directo,23,Directo a Septiembre (Gira Un Alumno Más),F,major,F major
Melendi,2015-12-04,0.384,0.749,10,-7.727,1,0.0731,0.167,2.46e-06,0.888,0.205,75.822,4,329146,False,Un alumno más - En Directo,24,Directo a Septiembre (Gira Un Alumno Más),A#,major,A# major
Melendi,2015-12-04,0.407,0.744,4,-6.406,0,0.0352,0.0292,0.0,0.862,0.224,147.853,4,297160,False,Cheque al portamor - En Directo,25,Directo a Septiembre (Gira Un Alumno Más),E,minor,E minor
Melendi,2015-12-04,0.456,0.82,6,-6.442,1,0.0499,0.126,0.0,0.548,0.408,153.849,4,242000,False,La promesa - En Directo,26,Directo a Septiembre (Gira Un Alumno Más),F#,major,F# major
Melendi,2015-12-04,0.544,0.935,6,-6.074,0,0.122,0.047,1.58e-06,0.927,0.494,101.978,4,231426,False,Tocado y hundido - En Directo,27,Directo a Septiembre (Gira Un Alumno Más),F#,minor,F# minor
Melendi,2015-12-04,0.489,0.779,0,-5.149,1,0.0373,0.0456,0.0,0.703,0.369,134.96,4,378413,False,De repente desperté - En Directo,28,Directo a Septiembre (Gira Un Alumno Más),C,major,C major
Melendi,2014-11-25,0.584,0.73,8,-5.095,1,0.0355,0.0674,0.00849,0.288,0.414,153.929,4,233040,False,La promesa,1,Un alumno más,G#,major,G# major
Melendi,2014-11-25,0.693,0.919,11,-3.737,1,0.0651,0.136,0.0074,0.0901,0.729,102.052,4,211586,False,Tocado y hundido,2,Un alumno más,B,major,B major
Melendi,2014-11-25,0.579,0.812,4,-4.876,1,0.0604,0.0709,0.00138,0.15,0.839,175.969,4,208826,False,La religión de los idiotas,3,Un alumno más,E,major,E major
Melendi,2014-11-25,0.473,0.54,7,-6.637,1,0.0354,0.149,0.000102,0.112,0.177,82.83,4,432693,False,Saraluna,4,Un alumno más,G,major,G major
Melendi,2014-11-25,0.705,0.828,9,-3.972,1,0.0397,0.414,0.0,0.11,0.594,110.009,4,356106,False,Cenizas en la eternidad,5,Un alumno más,A,major,A major
Melendi,2014-11-25,0.529,0.771,11,-5.395,1,0.0786,0.253,4.17e-06,0.0998,0.377,161.913,4,265880,False,El amor es un arte,6,Un alumno más,B,major,B major
Melendi,2014-11-25,0.685,0.713,0,-6.037,0,0.038,0.0554,0.00275,0.302,0.521,100.062,4,246466,False,Septiembre,7,Un alumno más,C,minor,C minor
Melendi,2014-11-25,0.792,0.674,7,-6.28,1,0.0352,0.0463,1.96e-05,0.117,0.549,123.067,4,218746,False,Colgado de la vecina,8,Un alumno más,G,major,G major
Melendi,2014-11-25,0.584,0.84,11,-4.39,0,0.0585,0.00718,0.00371,0.183,0.767,145.903,4,224040,False,Tú de Elvis yo de Marilyn,9,Un alumno más,B,minor,B minor
Melendi,2014-11-25,0.83,0.571,2,-7.617,1,0.0377,0.411,3.19e-05,0.108,0.583,132.081,4,276413,False,Posdata,10,Un alumno más,D,major,D major
Melendi,2014-11-25,0.675,0.711,10,-6.092,1,0.193,0.615,0.0,0.0978,0.857,170.012,4,205066,False,El gordo y el narco,11,Un alumno más,A#,major,A# major
Melendi,2012-11-13,0.721,0.834,7,-4.457,1,0.0345,0.337,0.0,0.104,0.53,127.92,4,236975,False,Tu jardín con enanitos,1,Lágrimas desordenadas,G,major,G major
Melendi,2012-11-13,0.641,0.937,9,-3.52,1,0.0735,0.238,0.0,0.108,0.653,160.1,4,229308,False,Lágrimas desordenadas,2,Lágrimas desordenadas,A,major,A major
Melendi,2012-11-13,0.556,0.627,4,-4.931,0,0.0315,0.397,0.0,0.151,0.364,147.839,4,295718,False,Cheque al portamor,3,Lágrimas desordenadas,E,minor,E minor
Melendi,2012-11-13,0.661,0.816,9,-4.041,0,0.0668,0.135,1.54e-05,0.152,0.647,149.918,4,241813,False,Tu lista de enemigos,4,Lágrimas desordenadas,A,minor,A minor
Melendi,2012-11-13,0.564,0.739,11,-3.966,1,0.0751,0.454,0.0,0.0933,0.625,77.61,4,243600,False,Aprendiz de caballero,5,Lágrimas desordenadas,B,major,B major
Melendi,2012-11-13,0.774,0.85,2,-5.329,1,0.0403,0.192,1.03e-06,0.09,0.358,123.972,4,210600,False,Autofotos,6,Lágrimas desordenadas,D,major,D major
Melendi,2012-11-13,0.631,0.862,2,-4.151,1,0.102,0.336,0.0,0.111,0.407,144.997,4,255760,False,Mi primer beso,7,Lágrimas desordenadas,D,major,D major
Melendi,2012-11-13,0.693,0.608,9,-4.99,1,0.0353,0.332,0.0,0.269,0.56,134.995,3,234812,False,La tortura de Lyss,8,Lágrimas desordenadas,A,major,A major
Melendi,2012-11-13,0.412,0.883,0,-4.11,1,0.128,0.182,0.0,0.245,0.633,93.112,4,242840,False,De pequeño fue el coco,9,Lágrimas desordenadas,C,major,C major
Melendi,2012-11-13,0.747,0.815,3,-4.814,1,0.0407,0.173,0.0,0.133,0.698,134.982,4,226586,False,Gatos celestes,10,Lágrimas desordenadas,D#,major,D# major
Melendi,2012-11-13,0.626,0.776,9,-3.666,1,0.0376,0.0689,0.0,0.0782,0.404,134.98,4,309773,False,De repente desperté,11,Lágrimas desordenadas,A,major,A major
Melendi,2010-10-29,0.666,0.893,0,-5.151,1,0.118,0.195,0.0,0.106,0.315,153.014,4,215946,False,Barbie de extrarradio,1,Volvamos a empezar (Deluxe edition),C,major,C major
Melendi,2010-10-29,0.638,0.774,10,-4.041,1,0.0379,0.117,2.61e-06,0.0941,0.236,129.906,4,239946,False,Llueve,2,Volvamos a empezar (Deluxe edition),A#,major,A# major
Melendi,2010-10-29,0.562,0.971,9,-3.728,1,0.111,0.0117,0.00686,0.101,0.547,133.005,4,225760,False,Somos,3,Volvamos a empezar (Deluxe edition),A,major,A major
Melendi,2010-10-29,0.603,0.849,0,-4.635,1,0.0327,0.0322,0.0,0.28,0.31,99.938,4,235573,False,Volvamos a empezar,4,Volvamos a empezar (Deluxe edition),C,major,C major
Melendi,2010-10-29,0.554,0.907,2,-4.072,1,0.0652,0.0033,0.00208,0.103,0.765,160.027,4,258266,False,Entre la ropa sucia de Cupido,5,Volvamos a empezar (Deluxe edition),D,major,D major
Melendi,2010-10-29,0.622,0.97,2,-4.02,1,0.101,0.0516,0.0,0.133,0.333,94.994,4,185346,False,Mi ley,6,Volvamos a empezar (Deluxe edition),D,major,D major
Melendi,2010-10-29,0.558,0.82,0,-4.937,1,0.0368,0.0184,0.0,0.124,0.381,100.033,4,252800,False,Melancolemia,7,Volvamos a empezar (Deluxe edition),C,major,C major
Melendi,2010-10-29,0.677,0.905,9,-4.466,1,0.0372,0.066,0.000134,0.105,0.641,136.04,4,248346,False,Canción de amor caducada,8,Volvamos a empezar (Deluxe edition),A,major,A major
Melendi,2010-10-29,0.666,0.555,6,-5.646,1,0.0289,0.00758,7.89e-06,0.0676,0.493,110.006,4,248720,False,Perdóname ángel,9,Volvamos a empezar (Deluxe edition),F#,major,F# major
Melendi,2010-10-29,0.634,0.821,6,-4.032,1,0.055,0.0304,0.0137,0.122,0.647,155.011,4,224186,False,El parto,10,Volvamos a empezar (Deluxe edition),F#,major,F# major
Melendi,2010-10-29,0.695,0.916,6,-4.135,1,0.0357,0.0559,0.0,0.099,0.476,119.973,4,233426,False,Corazón de peón,11,Volvamos a empezar (Deluxe edition),F#,major,F# major
Melendi,2010-10-29,0.489,0.332,0,-8.207,1,0.042,0.801,0.0,0.103,0.141,139.036,4,499160,False,Cierra los ojos,12,Volvamos a empezar (Deluxe edition),C,major,C major
Melendi,2010-10-29,0.706,0.958,1,-3.044,0,0.0488,0.0175,0.00027,0.119,0.76,112.052,4,180786,False,Qué dura la vida de la musa,13,Volvamos a empezar (Deluxe edition),C#,minor,C# minor
Melendi,2010-10-29,0.368,0.648,2,-7.972,1,0.0969,0.0389,0.0049,0.0862,0.481,79.755,4,228253,False,Amigos de la crisis,14,Volvamos a empezar (Deluxe edition),D,major,D major
Melendi,2010-10-29,0.693,0.533,2,-6.004,0,0.0275,0.76,3.22e-06,0.101,0.471,140.005,4,257786,False,Hoy,15,Volvamos a empezar (Deluxe edition),D,minor,D minor
Melendi,2010-10-29,0.666,0.893,0,-5.151,1,0.118,0.195,0.0,0.106,0.315,153.014,4,215946,False,Barbie de extrarradio,1,Volvamos a empezar,C,major,C major
Melendi,2010-10-29,0.638,0.774,10,-4.041,1,0.0379,0.117,2.61e-06,0.0941,0.236,129.906,4,239946,False,Llueve,2,Volvamos a empezar,A#,major,A# major
Melendi,2010-10-29,0.562,0.971,9,-3.728,1,0.111,0.0117,0.00686,0.101,0.547,133.005,4,225760,False,Somos,3,Volvamos a empezar,A,major,A major
Melendi,2010-10-29,0.603,0.849,0,-4.635,1,0.0327,0.0322,0.0,0.28,0.31,99.938,4,235573,False,Volvamos a empezar,4,Volvamos a empezar,C,major,C major
Melendi,2010-10-29,0.554,0.907,2,-4.072,1,0.0652,0.0033,0.00208,0.103,0.765,160.027,4,258266,False,Entre la ropa sucia de Cupido,5,Volvamos a empezar,D,major,D major
Melendi,2010-10-29,0.622,0.97,2,-4.02,1,0.101,0.0516,0.0,0.133,0.333,94.994,4,185346,False,Mi ley,6,Volvamos a empezar,D,major,D major
Melendi,2010-10-29,0.558,0.82,0,-4.937,1,0.0368,0.0184,0.0,0.124,0.381,100.033,4,252800,False,Melancolemia,7,Volvamos a empezar,C,major,C major
Melendi,2010-10-29,0.677,0.905,9,-4.466,1,0.0372,0.066,0.000134,0.105,0.641,136.04,4,248346,False,Canción de amor caducada,8,Volvamos a empezar,A,major,A major
Melendi,2010-10-29,0.666,0.555,6,-5.646,1,0.0289,0.00758,7.89e-06,0.0676,0.493,110.006,4,248720,False,Perdóname ángel,9,Volvamos a empezar,F#,major,F# major
Melendi,2010-10-29,0.634,0.821,6,-4.032,1,0.055,0.0304,0.0137,0.122,0.647,155.011,4,224186,False,El parto,10,Volvamos a empezar,F#,major,F# major
Melendi,2010-10-29,0.695,0.916,6,-4.135,1,0.0357,0.0559,0.0,0.099,0.476,119.973,4,233426,False,Corazón de peón,11,Volvamos a empezar,F#,major,F# major
Melendi,2010-10-29,0.489,0.332,0,-8.207,1,0.042,0.801,0.0,0.103,0.141,139.036,4,499160,False,Cierra los ojos,12,Volvamos a empezar,C,major,C major
Melendi,2009-03-24,0.584,0.893,6,-5.718,0,0.0709,0.0148,0.0,0.368,0.469,96.622,4,220906,False,Como una vela,1,Aún Más Curiosa La Cara De Tu Padre,F#,minor,F# minor
Melendi,2009-03-24,0.512,0.843,1,-6.283,0,0.183,0.405,0.0,0.241,0.58,156.388,3,222720,False,Un violinista en tu tejado,2,Aún Más Curiosa La Cara De Tu Padre,C#,minor,C# minor
Melendi,2009-03-24,0.591,0.685,0,-5.345,1,0.0461,0.0685,3.1e-05,0.36,0.401,81.477,4,232533,False,Un Tipo Diferente,3,Aún Más Curiosa La Cara De Tu Padre,C,major,C major
Melendi,2009-03-24,0.69,0.943,9,-3.35,0,0.0365,0.136,0.00116,0.0977,0.927,155.152,4,244720,False,Piratas del bar Caribe,4,Aún Más Curiosa La Cara De Tu Padre,A,minor,A minor
Melendi,2009-03-24,0.62,0.778,9,-4.737,0,0.046,0.454,0.0,0.0968,0.404,141.969,4,222653,False,Déjame Vivir,5,Aún Más Curiosa La Cara De Tu Padre,A,minor,A minor
Melendi,2009-03-24,0.566,0.937,9,-4.119,0,0.0419,0.0143,0.0325,0.132,0.749,155.015,4,218533,False,Mis Alas Son Tus Hojas,6,Aún Más Curiosa La Cara De Tu Padre,A,minor,A minor
Melendi,2009-03-24,0.579,0.824,7,-4.563,1,0.0273,0.00357,1.46e-06,0.373,0.479,145.982,4,228813,False,Maldita Vida Loca,7,Aún Más Curiosa La Cara De Tu Padre,G,major,G major
Melendi,2009-03-24,0.813,0.927,4,-5.613,1,0.0673,0.224,1.04e-05,0.0332,0.938,104.996,4,206120,False,En Ocasiones Veo Muertos,8,Aún Más Curiosa La Cara De Tu Padre,E,major,E major
Melendi,2009-03-24,0.632,0.822,7,-4.193,1,0.0298,0.0232,0.0,0.332,0.488,109.972,4,192453,False,Qué Más Puede Salir Mal,9,Aún Más Curiosa La Cara De Tu Padre,G,major,G major
Melendi,2009-03-24,0.762,0.737,1,-6.323,1,0.0476,0.0808,0.00528,0.272,0.612,85.952,4,204440,False,Las Cosas Del Amor,10,Aún Más Curiosa La Cara De Tu Padre,C#,major,C# major
Melendi,2009-03-24,0.581,0.962,0,-3.926,1,0.102,0.046,0.0219,0.183,0.641,102.256,4,211760,False,Curiosa la cara de tu padre,11,Aún Más Curiosa La Cara De Tu Padre,C,major,C major
Melendi,2009-03-24,0.666,0.665,0,-6.095,0,0.0408,0.137,1.66e-06,0.102,0.648,113.24,4,227920,False,Los Premios Pinocho,12,Aún Más Curiosa La Cara De Tu Padre,C,minor,C minor
Melendi,2009-03-24,0.642,0.991,4,-2.994,0,0.0816,0.0812,0.000335,0.332,0.531,111.873,4,205720,False,Vampiresa,1,Aún Más Curiosa La Cara De Tu Padre,E,minor,E minor
Melendi,2009-03-24,0.645,0.92,9,-4.367,0,0.0364,0.00283,0.000575,0.114,0.816,146.108,4,172400,False,Ni pa la pipa la sal,2,Aún Más Curiosa La Cara De Tu Padre,A,minor,A minor
Melendi,2009-03-24,0.613,0.931,7,-2.513,1,0.0583,0.0197,0.163,0.284,0.6,157.946,4,200520,False,Pa' que yo la cantara,3,Aún Más Curiosa La Cara De Tu Padre,G,major,G major
Melendi,2009-03-24,0.411,0.819,7,-4.441,1,0.137,0.22,4.98e-06,0.341,0.566,183.805,4,288626,False,Una Historia De Dos,4,Aún Más Curiosa La Cara De Tu Padre,G,major,G major
Melendi,2009-03-24,0.81,0.776,0,-4.883,1,0.0281,0.0994,0.0182,0.119,0.883,125.058,4,234666,False,Burbujas De Amor,5,Aún Más Curiosa La Cara De Tu Padre,C,major,C major
Melendi,2009-03-24,0.512,0.857,7,-3.992,1,0.0834,0.134,7.59e-06,0.0843,0.572,190.048,4,238226,False,Solo Pienso En Ti,6,Aún Más Curiosa La Cara De Tu Padre,G,major,G major
Melendi,2009-03-24,0.527,0.908,11,-3.523,1,0.123,0.0158,0.0124,0.129,0.802,185.064,4,216106,False,"Alma, Corazon Y Vida",7,Aún Más Curiosa La Cara De Tu Padre,B,major,B major
Melendi,2009-03-24,0.511,0.95,1,-3.752,1,0.147,0.0153,0.00121,0.121,0.678,189.859,4,201853,False,Si Tu No Estas Aqui,8,Aún Más Curiosa La Cara De Tu Padre,C#,major,C# major
Melendi,2009-03-24,0.452,0.325,9,-7.651,1,0.0292,0.772,0.0,0.0865,0.285,154.289,4,310800,False,El Mismo Error,9,Aún Más Curiosa La Cara De Tu Padre,A,major,A major
Melendi,2008-09-16,0.584,0.893,6,-5.718,0,0.0709,0.0148,0.0,0.368,0.469,96.622,4,220906,False,Como una vela,1,Curiosa La Cara De Tu Padre,F#,minor,F# minor
Melendi,2008-09-16,0.512,0.843,1,-6.283,0,0.183,0.405,0.0,0.241,0.58,156.388,3,222720,False,Un violinista en tu tejado,2,Curiosa La Cara De Tu Padre,C#,minor,C# minor
Melendi,2008-09-16,0.591,0.685,0,-5.345,1,0.0461,0.0685,3.1e-05,0.36,0.401,81.477,4,232533,False,Un Tipo Diferente,3,Curiosa La Cara De Tu Padre,C,major,C major
Melendi,2008-09-16,0.69,0.943,9,-3.35,0,0.0365,0.136,0.00116,0.0977,0.927,155.152,4,244720,False,Piratas del bar Caribe,4,Curiosa La Cara De Tu Padre,A,minor,A minor
Melendi,2008-09-16,0.62,0.778,9,-4.737,0,0.046,0.454,0.0,0.0968,0.404,141.969,4,222653,False,Déjame Vivir,5,Curiosa La Cara De Tu Padre,A,minor,A minor
Melendi,2008-09-16,0.566,0.937,9,-4.119,0,0.0419,0.0143,0.0325,0.132,0.749,155.015,4,218533,False,Mis Alas Son Tus Hojas,6,Curiosa La Cara De Tu Padre,A,minor,A minor
Melendi,2008-09-16,0.579,0.824,7,-4.563,1,0.0273,0.00357,1.46e-06,0.373,0.479,145.982,4,228813,False,Maldita Vida Loca,7,Curiosa La Cara De Tu Padre,G,major,G major
Melendi,2008-09-16,0.813,0.927,4,-5.613,1,0.0673,0.224,1.04e-05,0.0332,0.938,104.996,4,206120,False,En Ocasiones Veo Muertos,8,Curiosa La Cara De Tu Padre,E,major,E major
Melendi,2008-09-16,0.632,0.822,7,-4.193,1,0.0298,0.0232,0.0,0.332,0.488,109.972,4,192453,False,Qué Más Puede Salir Mal,9,Curiosa La Cara De Tu Padre,G,major,G major
Melendi,2008-09-16,0.762,0.737,1,-6.323,1,0.0476,0.0808,0.00528,0.272,0.612,85.952,4,204440,False,Las Cosas Del Amor,10,Curiosa La Cara De Tu Padre,C#,major,C# major
Melendi,2008-09-16,0.581,0.962,0,-3.926,1,0.102,0.046,0.0219,0.183,0.641,102.256,4,211760,False,Curiosa la cara de tu padre,11,Curiosa La Cara De Tu Padre,C,major,C major
Melendi,2008-09-16,0.666,0.665,0,-6.095,0,0.0408,0.137,1.66e-06,0.102,0.648,113.24,4,227920,False,Los Premios Pinocho,12,Curiosa La Cara De Tu Padre,C,minor,C minor
Melendi,2008-09-16,0.279,0.274,10,-9.161,1,0.0402,0.468,0.0,0.0777,0.457,201.165,3,249746,False,La Mi Mozuca,13,Curiosa La Cara De Tu Padre,A#,major,A# major
Melendi,2008-09-16,0.411,0.819,7,-4.441,1,0.137,0.22,4.98e-06,0.341,0.566,183.805,4,288626,False,Una Historia De Dos,14,Curiosa La Cara De Tu Padre,G,major,G major
Melendi,2008-04-22,0.702,0.764,2,-3.942,0,0.0327,0.242,0.0,0.28,0.439,128.002,4,230400,False,Con Sólo Una Sonrisa - Remasterized;2003 Remastered Version,1,Caminando Por La Vida [USA Release],D,minor,D minor
Melendi,2008-04-22,0.718,0.765,7,-3.724,1,0.0602,0.175,0.0,0.206,0.313,114.017,4,217986,False,Loco - Remasterized,2,Caminando Por La Vida [USA Release],G,major,G major
Melendi,2008-04-22,0.67,0.924,4,-3.034,1,0.0857,0.335,0.0,0.0667,0.661,82.026,4,230786,False,Con la luna llena - Remasterized,3,Caminando Por La Vida [USA Release],E,major,E major
Melendi,2008-04-22,0.59,0.771,4,-4.231,1,0.132,0.656,6.77e-06,0.145,0.63,135.877,4,219520,False,Por amarte tanto - Remasterized; 2006 Remastered Version,4,Caminando Por La Vida [USA Release],E,major,E major
Melendi,2008-04-22,0.456,0.882,11,-4.509,0,0.0969,0.659,0.0,0.124,0.48,158.169,4,188066,False,Calle la Pantomima - Remasterized,5,Caminando Por La Vida [USA Release],B,minor,B minor
Melendi,2008-04-22,0.574,0.924,2,-3.547,1,0.065,0.26,0.0,0.433,0.724,105.968,4,193373,False,Con Tu Amor Es Suficiente - Remasterized,6,Caminando Por La Vida [USA Release],D,major,D major
Melendi,2008-04-22,0.718,0.964,5,-3.709,1,0.0701,0.125,9.99e-06,0.127,0.85,108.007,4,237853,False,Caminando por la vida - Remasterized,7,Caminando Por La Vida [USA Release],F,major,F major
Melendi,2008-04-22,0.509,0.949,7,-2.507,1,0.0625,0.00488,0.0,0.155,0.666,151.853,4,232666,False,Firmes - Remastered,8,Caminando Por La Vida [USA Release],G,major,G major
Melendi,2008-04-22,0.733,0.955,9,-2.655,1,0.211,0.442,9.33e-06,0.0381,0.885,104.018,4,218533,False,Kisiera Yo Saber - Remasterized,9,Caminando Por La Vida [USA Release],A,major,A major
Melendi,2008-04-22,0.686,0.936,0,-3.783,1,0.0519,0.431,0.000185,0.046,0.674,100.044,4,277346,False,Hasta Que La Muerte Los Separe - Remasterized,10,Caminando Por La Vida [USA Release],C,major,C major
Melendi,2008-04-22,0.481,0.961,4,-2.056,1,0.0608,0.0337,0.00743,0.352,0.638,158.044,4,233066,False,Billy El Pistolero - Remasterized,11,Caminando Por La Vida [USA Release],E,major,E major
Melendi,2008-04-22,0.443,0.479,9,-4.716,0,0.0702,0.723,0.0,0.323,0.443,77.158,3,203173,False,Que El Cielo Espere Sentao - Remasterized,12,Caminando Por La Vida [USA Release],A,minor,A minor
Melendi,2007-10-02,0.755,0.931,9,-4.394,1,0.196,0.393,3.27e-06,0.0486,0.907,104.014,4,212693,False,Kisiera Yo Saber,1,Mientras No Cueste Más Trabajo,A,major,A major
Melendi,2007-10-02,0.615,0.586,4,-7.68,1,0.0943,0.662,1.89e-05,0.0871,0.529,135.894,4,196813,False,Por Amarte Tanto,2,Mientras No Cueste Más Trabajo,E,major,E major
Melendi,2007-10-02,0.477,0.857,11,-5.751,0,0.0874,0.633,3.27e-06,0.156,0.575,158.172,4,186346,False,Calle La Pantomima,3,Mientras No Cueste Más Trabajo,B,minor,B minor
Melendi,2007-10-02,0.846,0.931,1,-5.342,0,0.132,0.466,2.23e-06,0.161,0.963,98.031,4,171426,False,Mientras No Cueste Trabajo,4,Mientras No Cueste Más Trabajo,C#,minor,C# minor
Melendi,2007-10-02,0.386,0.966,4,-2.897,1,0.196,0.134,0.000179,0.197,0.632,162.622,3,219280,False,Quiero Ser Feliz,5,Mientras No Cueste Más Trabajo,E,major,E major
Melendi,2007-10-02,0.699,0.716,9,-5.209,0,0.0328,0.167,0.0,0.114,0.317,129.988,4,226760,False,Andadas,6,Mientras No Cueste Más Trabajo,A,minor,A minor
Melendi,2007-10-02,0.765,0.73,9,-6.198,0,0.044,0.637,0.00334,0.172,0.542,143.919,4,212826,False,Volantes Pa La Falda Mi Gitana,7,Mientras No Cueste Más Trabajo,A,minor,A minor
Melendi,2007-10-02,0.615,0.927,9,-3.536,0,0.0687,0.0142,0.00028,0.176,0.822,77.006,4,242333,False,Mesias De Vallecas,8,Mientras No Cueste Más Trabajo,A,minor,A minor
Melendi,2007-10-02,0.841,0.811,9,-4.195,0,0.103,0.381,0.0,0.0984,0.955,100.021,4,221026,False,Por Que tu No Eres Un Coche,9,Mientras No Cueste Más Trabajo,A,minor,A minor
Melendi,2007-10-02,0.718,0.739,4,-3.803,0,0.0575,0.218,0.0,0.238,0.348,113.958,4,211960,False,Loco,10,Mientras No Cueste Más Trabajo,E,minor,E minor
Melendi,2007-10-02,0.894,0.656,11,-6.877,0,0.0502,0.424,7.63e-06,0.0727,0.963,99.984,4,191146,False,Echarte A Suertes,11,Mientras No Cueste Más Trabajo,B,minor,B minor
Melendi,2007-10-02,0.66,0.902,7,-2.383,1,0.0624,0.0928,5.47e-06,0.281,0.893,149.903,4,191240,False,Arriba Extremoduro,12,Mientras No Cueste Más Trabajo,G,major,G major
Melendi,2007-10-02,0.763,0.9,0,-3.882,1,0.0876,0.372,0.0,0.175,0.863,94.972,4,224720,False,El Tiempo Que Gasto,13,Mientras No Cueste Más Trabajo,C,major,C major
Melendi,2007-10-02,0.588,0.975,11,-3.274,0,0.189,0.0195,1.04e-06,0.348,0.858,159.845,4,208586,False,De Bar En Peor,14,Mientras No Cueste Más Trabajo,B,minor,B minor
Melendi,2007-10-02,0.701,0.972,7,-3.72,1,0.11,0.26,0.0,0.238,0.854,104.929,4,178800,False,Zoociedad,15,Mientras No Cueste Más Trabajo,G,major,G major
Melendi,2007-10-02,0.595,0.936,4,-2.746,0,0.0552,0.0161,0.000544,0.141,0.783,156.056,4,188973,False,Gangs Of London,16,Mientras No Cueste Más Trabajo,E,minor,E minor
Melendi,2007-10-02,0.52,0.946,7,-3.119,1,0.0623,0.00658,0.0,0.244,0.667,151.919,4,231666,False,Firmes,17,Mientras No Cueste Más Trabajo,G,major,G major
Melendi,2007-10-02,0.643,0.965,4,-4.536,1,0.0628,0.0685,0.0,0.111,0.678,101.97,4,178906,False,El Rey De La Baraja,18,Mientras No Cueste Más Trabajo,E,major,E major
Melendi,2007-10-02,0.548,0.972,11,-3.442,1,0.141,0.0708,0.000503,0.381,0.829,92.378,4,239026,False,La Aceituna,19,Mientras No Cueste Más Trabajo,B,major,B major
Melendi,2007-10-02,0.626,0.976,6,-3.582,0,0.16,0.113,0.000149,0.335,0.853,110.074,4,152706,False,Me Gusta El Fútbol,20,Mientras No Cueste Más Trabajo,F#,minor,F# minor
Melendi,2006-11-13,0.758,0.929,9,-4.397,1,0.193,0.371,2.74e-06,0.0534,0.912,104.005,4,212693,False,Kisiera yo saber,1,Mientras No Cueste Trabajo,A,major,A major
Melendi,2006-11-13,0.615,0.586,4,-7.68,1,0.0943,0.662,1.89e-05,0.0871,0.529,135.894,4,196813,False,Por amarte tanto,2,Mientras No Cueste Trabajo,E,major,E major
Melendi,2006-11-13,0.465,0.869,11,-5.9,0,0.0746,0.678,9.03e-06,0.136,0.544,158.217,3,188293,False,Calle la Pantomima,3,Mientras No Cueste Trabajo,B,minor,B minor
Melendi,2006-11-13,0.844,0.934,1,-5.303,0,0.136,0.417,2.41e-06,0.145,0.961,98.022,4,171426,False,Mientras No Cueste Trabajo,4,Mientras No Cueste Trabajo,C#,minor,C# minor
Melendi,2006-11-13,0.383,0.965,4,-2.914,1,0.182,0.125,8.21e-05,0.195,0.639,163.458,3,219280,False,Quiero Ser Feliz,5,Mientras No Cueste Trabajo,E,major,E major
Melendi,2006-11-13,0.701,0.72,9,-5.153,0,0.034,0.169,0.0,0.11,0.333,130.016,4,226760,False,Andadas,6,Mientras No Cueste Trabajo,A,minor,A minor
Melendi,2006-11-13,0.77,0.733,9,-6.225,0,0.0501,0.639,0.00221,0.151,0.524,143.914,4,212826,False,Volantes Pa La Falda Mi Gitana,7,Mientras No Cueste Trabajo,A,minor,A minor
Melendi,2006-11-13,0.617,0.94,9,-3.512,0,0.0629,0.0151,0.00048,0.123,0.829,153.959,4,242333,False,Mesias De Vallecas,8,Mientras No Cueste Trabajo,A,minor,A minor
Melendi,2006-11-13,0.839,0.803,9,-4.186,0,0.106,0.417,0.0,0.0919,0.95,100.019,4,221026,False,Por Que tu No Eres Un Coche,9,Mientras No Cueste Trabajo,A,minor,A minor
Melendi,2006-11-13,0.715,0.743,4,-3.884,0,0.0604,0.244,0.0,0.243,0.346,114.016,4,211960,False,Loco,10,Mientras No Cueste Trabajo,E,minor,E minor
Melendi,2006-11-13,0.889,0.645,11,-6.871,0,0.0499,0.418,9.69e-06,0.0727,0.961,99.972,4,191146,False,Echarte A Suertes,11,Mientras No Cueste Trabajo,B,minor,B minor
Melendi,2006-11-13,0.664,0.906,7,-2.383,1,0.068,0.093,2.59e-06,0.284,0.865,149.933,4,191240,False,Arriba Extremoduro,12,Mientras No Cueste Trabajo,G,major,G major
Melendi,2006-07-03,0.563,0.956,11,-4.98,0,0.0824,0.318,0.0,0.0196,0.902,183.987,4,197933,False,Mi rumbita pa tus pies - 2003 Remastered Version,1,Sin Noticias De Holanda,B,minor,B minor
Melendi,2006-07-03,0.816,0.758,7,-5.206,1,0.171,0.401,0.0,0.0592,0.892,95.036,4,227226,False,Desde mi ventana - 2006 Remastered Version,2,Sin Noticias De Holanda,G,major,G major
Melendi,2006-07-03,0.676,0.923,4,-6.374,1,0.0638,0.394,0.0,0.104,0.863,159.955,4,228546,False,Sé lo que hicisteis - 2006 Remastered Version,3,Sin Noticias De Holanda,E,major,E major
Melendi,2006-07-03,0.548,0.828,11,-6.581,0,0.198,0.357,0.0,0.312,0.691,98.859,4,239813,False,Sin Noticias De Holanda - 2006 Remastered Version,4,Sin Noticias De Holanda,B,minor,B minor
Melendi,2006-07-03,0.566,0.925,1,-5.856,0,0.174,0.2,0.0,0.121,0.934,190.19,4,168706,False,Un Recuerdo Que Olvidar - 2006 Remastered Version,5,Sin Noticias De Holanda,C#,minor,C# minor
Melendi,2006-07-03,0.68,0.856,4,-6.516,1,0.158,0.702,0.0,0.0893,0.673,163.941,4,228213,False,Con la luna llena,6,Sin Noticias De Holanda,E,major,E major
Melendi,2006-07-03,0.586,0.801,7,-5.105,1,0.0458,0.185,0.0,0.355,0.684,149.523,4,185066,False,Hablando en plata - 2003 Remastered Version,7,Sin Noticias De Holanda,G,major,G major
Melendi,2006-07-03,0.728,0.785,11,-5.902,0,0.133,0.66,0.0,0.0836,0.484,99.978,4,197640,False,El Informe Del Forense - 2006 Remastered Version,8,Sin Noticias De Holanda,B,minor,B minor
Melendi,2006-07-03,0.669,0.916,2,-6.021,1,0.208,0.47,0.0,0.312,0.785,178.012,4,227560,False,Vuelvo A Traficar - 2006 Remastered Version,9,Sin Noticias De Holanda,D,major,D major
Melendi,2006-07-03,0.514,0.656,1,-7.282,0,0.0968,0.463,0.0,0.0747,0.447,160.129,4,240960,False,Una Historia De Tantas - 2006 Remastered Version,10,Sin Noticias De Holanda,C#,minor,C# minor
Melendi,2006-07-03,0.685,0.929,4,-4.508,1,0.0428,0.545,4.77e-06,0.166,0.96,143.998,4,191600,False,Contando Primaveras - 2006 Remastered Version,11,Sin Noticias De Holanda,E,major,E major
Melendi,2006-07-03,0.726,0.883,4,-5.234,1,0.0784,0.0144,0.000661,0.0367,0.884,115.012,4,248320,False,Asturias - 2006 Remastered Version,12,Sin Noticias De Holanda,E,major,E major
Melendi,2006-07-03,0.706,0.877,7,-6.314,0,0.0393,0.0392,0.00281,0.0702,0.9,91.484,4,258466,False,Moratalá - 2006 Remastered Version,13,Sin Noticias De Holanda,G,minor,G minor
Melendi,2006-07-03,0.7,0.953,7,-4.663,1,0.156,0.0571,0.0,0.0785,0.688,103.051,4,228040,False,Mi Rumbita Pa Tus Pies - Remix;2006 Remastered Version,14,Sin Noticias De Holanda,G,major,G major
Melendi,2006-07-03,0.665,0.793,9,-7.064,1,0.123,0.147,0.0,0.134,0.734,164.038,4,199093,False,Con la luna llena - Edición Vuelta a España '04,15,Sin Noticias De Holanda,A,major,A major
Melendi,2006-07-03,0.726,0.957,4,-3.728,0,0.0701,0.137,0.0,0.0875,0.877,118.107,4,222533,False,Trae Pa' K Esa Yerba Güena - 2006 Remastered Version,16,Sin Noticias De Holanda,E,minor,E minor
Melendi,2005,0.695,0.958,5,-3.778,1,0.0827,0.0148,7.16e-06,0.154,0.711,108.054,4,211680,False,Caminando por la vida,1,Que El Cielo Espere Sentao..,F,major,F major
Melendi,2005,0.526,0.957,4,-2.861,1,0.0548,0.0227,0.0259,0.341,0.714,157.994,4,232373,False,Billy El Pistolero,2,Que El Cielo Espere Sentao..,E,major,E major
Melendi,2005,0.751,0.77,8,-6.041,1,0.0526,0.123,0.000408,0.0529,0.785,99.939,4,233133,False,Como Dijo El Rey,3,Que El Cielo Espere Sentao..,G#,major,G# major
Melendi,2005,0.517,0.906,0,-2.833,1,0.0775,0.0106,9.18e-06,0.113,0.451,79.928,4,163573,False,Con Tanto Héroe,4,Que El Cielo Espere Sentao..,C,major,C major
Melendi,2005,0.704,0.959,11,-4.429,0,0.155,0.278,4.99e-06,0.336,0.678,112.004,4,185480,False,Novia a la fuga,5,Que El Cielo Espere Sentao..,B,minor,B minor
Melendi,2005,0.709,0.757,2,-3.942,0,0.0343,0.27,0.0,0.194,0.449,127.988,4,229960,False,Con sólo una sonrisa,6,Que El Cielo Espere Sentao..,D,minor,D minor
Melendi,2005,0.687,0.911,0,-3.756,1,0.0416,0.299,0.000123,0.0795,0.773,100.033,4,275186,False,Hasta Que La Muerte Los Separe,7,Que El Cielo Espere Sentao..,C,major,C major
Melendi,2005,0.648,0.77,4,-5.302,0,0.0778,0.528,0.0,0.192,0.659,125.94,4,188786,False,Como Se Bailan Los Tangos,8,Que El Cielo Espere Sentao..,E,minor,E minor
Melendi,2005,0.733,0.605,0,-5.904,1,0.0365,0.145,0.000339,0.233,0.54,91.974,4,234666,False,Cuestión de Prioridades,9,Que El Cielo Espere Sentao..,C,major,C major
Melendi,2005,0.64,0.871,2,-5.27,1,0.0443,0.0419,0.0,0.515,0.644,105.99,4,189146,False,Con Tu Amor Es Suficiente,10,Que El Cielo Espere Sentao..,D,major,D major
Melendi,2005,0.717,0.899,1,-4.866,1,0.0725,0.16,0.00105,0.106,0.938,112.088,4,190346,False,Cannabis,11,Que El Cielo Espere Sentao..,C#,major,C# major
Melendi,2005,0.52,0.473,9,-4.901,0,0.0446,0.747,0.0,0.309,0.432,97.97,4,202066,False,Que el cielo espere sentao,12,Que El Cielo Espere Sentao..,A,minor,A minor
La Oreja de Van Gogh,2023-03-31,0.574,0.608,10,-8.962,1,0.0375,0.115,0.0,0.128,0.396,144.984,4,237093,False,Diciembre - ACOUSTIC HOME sessions,1,LA OREJA DE VAN GOGH (ACOUSTIC HOME sessions),A#,major,A# major
La Oreja de Van Gogh,2023-03-31,0.721,0.486,11,-10.499,1,0.045,0.0636,2.22e-06,0.115,0.551,120.983,4,243400,False,Durante Una Mirada - ACOUSTIC HOME sessions,2,LA OREJA DE VAN GOGH (ACOUSTIC HOME sessions),B,major,B major
La Oreja de Van Gogh,2023-03-31,0.647,0.562,7,-10.128,0,0.0351,0.0182,0.0,0.147,0.584,137.944,4,201413,False,El Último Vals - ACOUSTIC HOME sessions,3,LA OREJA DE VAN GOGH (ACOUSTIC HOME sessions),G,minor,G minor
La Oreja de Van Gogh,2023-03-31,0.515,0.525,9,-9.653,1,0.0334,0.208,0.0,0.294,0.346,87.584,4,251386,False,La Playa - ACOUSTIC HOME sessions,4,LA OREJA DE VAN GOGH (ACOUSTIC HOME sessions),A,major,A major
La Oreja de Van Gogh,2023-03-31,0.384,0.112,5,-13.575,1,0.0429,0.945,1.44e-06,0.102,0.118,84.024,4,316946,False,Jueves - ACOUSTIC HOME sessions,5,LA OREJA DE VAN GOGH (ACOUSTIC HOME sessions),F,major,F major
La Oreja de Van Gogh,2023-03-31,0.588,0.534,7,-10.048,0,0.0274,0.178,0.0,0.132,0.379,96.033,4,244213,False,Muñeca de Trapo - ACOUSTIC HOME sessions,6,LA OREJA DE VAN GOGH (ACOUSTIC HOME sessions),G,minor,G minor
La Oreja de Van Gogh,2023-03-31,0.603,0.609,1,-9.268,1,0.0381,0.0199,0.0,0.265,0.583,135.192,4,225440,False,Sirenas - ACOUSTIC HOME sessions,7,LA OREJA DE VAN GOGH (ACOUSTIC HOME sessions),C#,major,C# major
La Oreja de Van Gogh,2021-06-04,0.602,0.912,6,-3.726,1,0.0365,0.0857,0.0,0.139,0.468,144.975,4,236773,False,Puedes Contar Conmigo,1,Esencial La Oreja de Van Gogh,F#,major,F# major
La Oreja de Van Gogh,2021-06-04,0.563,0.618,9,-4.698,1,0.0248,0.16,0.0,0.0983,0.303,88.554,4,247680,False,La Playa,2,Esencial La Oreja de Van Gogh,A,major,A major
La Oreja de Van Gogh,2021-06-04,0.373,0.232,5,-7.6,1,0.0501,0.942,0.0,0.0962,0.171,205.236,4,238520,False,Jueves,3,Esencial La Oreja de Van Gogh,F,major,F major
La Oreja de Van Gogh,2021-06-04,0.612,0.868,7,-4.395,1,0.0639,0.297,0.0,0.163,0.518,120.093,4,168786,False,El 28,4,Esencial La Oreja de Van Gogh,G,major,G major
La Oreja de Van Gogh,2021-06-04,0.627,0.839,7,-4.778,1,0.0344,0.236,0.0,0.131,0.464,139.975,4,221493,False,Otra Vez Me Has Sacado a Bailar,5,Esencial La Oreja de Van Gogh,G,major,G major
La Oreja de Van Gogh,2021-06-04,0.581,0.688,8,-6.416,1,0.0259,0.194,1.14e-06,0.124,0.605,137.92,4,231933,False,Soledad,6,Esencial La Oreja de Van Gogh,G#,major,G# major
La Oreja de Van Gogh,2021-06-04,0.575,0.722,6,-5.079,0,0.0838,0.000452,6.38e-06,0.595,0.601,135.945,4,160586,False,La Niña Que Llora en Tus Fiestas,7,Esencial La Oreja de Van Gogh,F#,minor,F# minor
La Oreja de Van Gogh,2021-06-04,0.782,0.683,9,-5.226,1,0.0272,0.644,3.27e-06,0.109,0.543,106.999,4,236920,False,Rosas,8,Esencial La Oreja de Van Gogh,A,major,A major
La Oreja de Van Gogh,2021-06-04,0.559,0.789,7,-3.462,0,0.0311,0.0615,2.47e-05,0.0941,0.351,94.949,4,234466,False,Muñeca de Trapo,9,Esencial La Oreja de Van Gogh,G,minor,G minor
La Oreja de Van Gogh,2021-06-04,0.345,0.69,0,-6.155,0,0.129,0.121,3.5e-05,0.123,0.195,146.047,4,235040,False,Abrázame,10,Esencial La Oreja de Van Gogh,C,minor,C minor
La Oreja de Van Gogh,2021-06-04,0.636,0.838,10,-5.253,1,0.0286,0.0455,2.11e-06,0.278,0.459,127.988,4,260933,False,Verano,11,Esencial La Oreja de Van Gogh,A#,major,A# major
La Oreja de Van Gogh,2021-06-04,0.588,0.696,0,-4.844,1,0.0287,0.482,0.0,0.146,0.5,133.15,4,191240,False,Cuéntame al Oido,12,Esencial La Oreja de Van Gogh,C,major,C major
La Oreja de Van Gogh,2021-06-04,0.549,0.866,7,-3.435,0,0.0274,0.154,0.0,0.0886,0.516,137.963,4,204733,False,El Ultimo Vals,13,Esencial La Oreja de Van Gogh,G,minor,G minor
La Oreja de Van Gogh,2021-06-04,0.644,0.869,1,-4.08,1,0.0356,0.135,0.0,0.0638,0.772,100.966,4,197440,False,Geografía,14,Esencial La Oreja de Van Gogh,C#,major,C# major
La Oreja de Van Gogh,2021-06-04,0.565,0.857,7,-3.879,0,0.0318,0.0631,0.0,0.228,0.463,144.933,4,224866,False,Diciembre,15,Esencial La Oreja de Van Gogh,G,minor,G minor
La Oreja de Van Gogh,2021-06-04,0.699,0.861,8,-3.607,1,0.0409,0.395,0.0,0.108,0.791,140.09,4,247013,False,Inmortal,1,Esencial La Oreja de Van Gogh,G#,major,G# major
La Oreja de Van Gogh,2021-06-04,0.701,0.859,9,-5.117,1,0.0318,0.038,0.0,0.0929,0.688,133.594,4,151853,False,Pop,2,Esencial La Oreja de Van Gogh,A,major,A major
La Oreja de Van Gogh,2021-06-04,0.479,0.627,5,-6.135,1,0.044,0.0946,0.0,0.582,0.207,141.864,4,214480,False,Cometas por el Cielo,3,Esencial La Oreja de Van Gogh,F,major,F major
La Oreja de Van Gogh,2021-06-04,0.593,0.888,0,-4.259,1,0.0339,0.41,0.000498,0.162,0.626,145.049,4,222853,False,20 de Enero,4,Esencial La Oreja de Van Gogh,C,major,C major
La Oreja de Van Gogh,2021-06-04,0.601,0.82,2,-6.7,1,0.0339,0.0103,0.000756,0.141,0.637,97.958,4,179053,False,Cuando Menos Lo Merezca,5,Esencial La Oreja de Van Gogh,D,major,D major
La Oreja de Van Gogh,2021-06-04,0.669,0.582,9,-5.603,1,0.0293,0.082,0.0,0.105,0.409,107.915,4,223680,False,La Chica del Espejo,6,Esencial La Oreja de Van Gogh,A,major,A major
La Oreja de Van Gogh,2021-06-04,0.627,0.85,2,-4.054,1,0.0393,0.0879,0.0,0.0595,0.487,120.004,4,217453,False,Dile al Sol,7,Esencial La Oreja de Van Gogh,D,major,D major
La Oreja de Van Gogh,2021-06-04,0.496,0.71,9,-4.047,1,0.0296,0.517,0.0,0.0814,0.639,88.672,4,212986,False,Cumplir un Año Menos,8,Esencial La Oreja de Van Gogh,A,major,A major
La Oreja de Van Gogh,2021-06-04,0.635,0.803,2,-3.461,1,0.0258,0.321,0.0,0.141,0.587,132.052,4,225986,False,Dulce Locura,9,Esencial La Oreja de Van Gogh,D,major,D major
La Oreja de Van Gogh,2021-06-04,0.458,0.885,5,-3.863,1,0.0571,0.0147,0.0,0.325,0.424,135.106,4,224373,False,Dia Cero,10,Esencial La Oreja de Van Gogh,F,major,F major
La Oreja de Van Gogh,2021-06-04,0.474,0.745,2,-4.353,0,0.034,0.0451,0.0,0.136,0.454,136.941,4,226400,False,Paris,11,Esencial La Oreja de Van Gogh,D,minor,D minor
La Oreja de Van Gogh,2021-06-04,0.657,0.537,11,-7.767,1,0.0681,0.076,0.0,0.112,0.634,121.012,4,249786,False,Durante una Mirada,12,Esencial La Oreja de Van Gogh,B,major,B major
La Oreja de Van Gogh,2021-06-04,0.548,0.803,0,-6.616,1,0.0272,0.0145,0.0249,0.117,0.278,101.04,4,295746,False,Estoy Contigo,13,Esencial La Oreja de Van Gogh,C,major,C major
La Oreja de Van Gogh,2021-06-04,0.661,0.808,8,-4.773,1,0.0304,0.32,0.0,0.178,0.573,140.975,4,168506,False,Cuídate,14,Esencial La Oreja de Van Gogh,G#,major,G# major
La Oreja de Van Gogh,2021-06-04,0.52,0.746,11,-4.812,0,0.0434,0.422,0.0,0.0413,0.718,180.066,4,192066,False,Vestido Azul,15,Esencial La Oreja de Van Gogh,B,minor,B minor
La Oreja de Van Gogh,2020-09-18,0.315,0.575,4,-8.316,0,0.0542,0.00706,0.000237,0.0906,0.322,107.288,4,259371,False,Doblar y Comprender,1,Un Susurro en la Tormenta,E,minor,E minor
La Oreja de Van Gogh,2020-09-18,0.506,0.519,5,-10.795,0,0.041,0.0429,1.91e-05,0.0646,0.542,175.957,4,192813,False,Como Un Par de Girasoles,2,Un Susurro en la Tormenta,F,minor,F minor
La Oreja de Van Gogh,2020-09-18,0.47,0.685,0,-6.633,0,0.115,0.106,4.01e-05,0.0975,0.174,145.771,4,236566,False,Abrázame,3,Un Susurro en la Tormenta,C,minor,C minor
La Oreja de Van Gogh,2020-09-18,0.67,0.569,11,-6.872,1,0.0683,0.0426,0.0,0.112,0.671,121.048,4,249576,False,Durante una Mirada,4,Un Susurro en la Tormenta,B,major,B major
La Oreja de Van Gogh,2020-09-18,0.564,0.504,7,-7.66,0,0.0451,0.184,1.04e-06,0.106,0.242,127.922,4,189960,False,Galerna,5,Un Susurro en la Tormenta,G,minor,G minor
La Oreja de Van Gogh,2020-09-18,0.771,0.721,7,-4.149,0,0.0488,0.00327,5.48e-06,0.0636,0.839,133.948,4,178420,False,Te Pareces Tanto a Mí,6,Un Susurro en la Tormenta,G,minor,G minor
La Oreja de Van Gogh,2020-09-18,0.572,0.58,3,-5.642,1,0.0571,0.18,2.94e-06,0.0662,0.387,156.0,4,194106,False,Menos Tú,7,Un Susurro en la Tormenta,D#,major,D# major
La Oreja de Van Gogh,2020-09-18,0.598,0.733,1,-7.496,1,0.0571,0.0085,8.62e-06,0.0962,0.583,134.998,4,219519,False,Sirenas,8,Un Susurro en la Tormenta,C#,major,C# major
La Oreja de Van Gogh,2020-09-18,0.742,0.502,2,-9.246,1,0.0395,0.343,3.85e-06,0.0906,0.294,125.015,4,248185,False,Acantilado,9,Un Susurro en la Tormenta,D,major,D major
La Oreja de Van Gogh,2020-09-18,0.609,0.836,1,-4.229,0,0.0949,0.00162,2.26e-05,0.204,0.768,77.53,4,133761,False,Me Voy de Fiesta,10,Un Susurro en la Tormenta,C#,minor,C# minor
La Oreja de Van Gogh,2020-09-18,0.68,0.475,8,-8.982,1,0.0306,0.274,1.18e-05,0.0766,0.679,121.698,4,207794,False,¿Lo Ves?,11,Un Susurro en la Tormenta,G#,major,G# major
La Oreja de Van Gogh,2016-11-04,0.543,0.797,0,-6.426,1,0.0276,0.0146,0.0271,0.115,0.275,100.956,4,297040,False,Estoy Contigo,1,El Planeta Imaginario,C,major,C major
La Oreja de Van Gogh,2016-11-04,0.597,0.832,7,-4.762,0,0.0296,0.127,1.11e-06,0.199,0.501,144.926,4,225413,False,Diciembre,2,El Planeta Imaginario,G,minor,G minor
La Oreja de Van Gogh,2016-11-04,0.636,0.838,10,-5.063,1,0.0289,0.0497,1.69e-06,0.272,0.412,127.969,4,261933,False,Verano,3,El Planeta Imaginario,A#,major,A# major
La Oreja de Van Gogh,2016-11-04,0.548,0.449,11,-8.573,1,0.032,0.538,0.0,0.0981,0.515,81.964,4,284613,False,Esa Chica,4,El Planeta Imaginario,B,major,B major
La Oreja de Van Gogh,2016-11-04,0.719,0.566,9,-6.736,1,0.0295,0.00225,0.000125,0.0756,0.889,135.011,4,218013,False,Pálida Luna,5,El Planeta Imaginario,A,major,A major
La Oreja de Van Gogh,2016-11-04,0.635,0.867,11,-4.15,0,0.0619,0.0514,0.000557,0.0697,0.807,180.041,4,198586,False,Camino de Tu Corazón,6,El Planeta Imaginario,B,minor,B minor
La Oreja de Van Gogh,2016-11-04,0.551,0.748,11,-5.604,1,0.0291,0.267,0.000131,0.12,0.507,93.02,4,268440,False,Intocables,7,El Planeta Imaginario,B,major,B major
La Oreja de Van Gogh,2016-11-04,0.448,0.342,4,-9.699,1,0.0594,0.512,8.11e-06,0.0965,0.0746,135.917,4,292626,False,No Vales Más Que Yo,8,El Planeta Imaginario,E,major,E major
La Oreja de Van Gogh,2016-11-04,0.604,0.822,2,-6.576,1,0.0378,0.0122,0.000452,0.116,0.603,97.972,4,180626,False,Cuando Menos Lo Merezca,9,El Planeta Imaginario,D,major,D major
La Oreja de Van Gogh,2016-11-04,0.58,0.615,6,-6.126,1,0.0278,0.0351,0.00826,0.13,0.165,106.028,4,247560,False,Mi Pequeño Gran Valiente,10,El Planeta Imaginario,F#,major,F# major
La Oreja de Van Gogh,2016-11-04,0.596,0.934,5,-3.617,1,0.0421,0.00282,0.00209,0.0984,0.929,158.005,4,199426,False,Siempre,11,El Planeta Imaginario,F,major,F major
La Oreja de Van Gogh,2016-11-04,0.356,0.546,4,-6.931,1,0.0342,0.223,0.0,0.111,0.227,162.108,3,188720,False,Tan Guapa (bonustrack),12,El Planeta Imaginario,E,major,E major
La Oreja de Van Gogh,2013-10-28,0.7,0.407,0,-10.053,1,0.0298,0.56,2.11e-06,0.376,0.316,119.942,4,241680,False,María (with Natalia Lafourcade) - Directo Primera Fila,1,Primera Fila,C,major,C major
La Oreja de Van Gogh,2013-10-28,0.696,0.68,5,-6.881,0,0.0675,0.0683,0.0,0.966,0.522,115.946,4,285320,False,Rosas - Directo Primera Fila,2,Primera Fila,F,minor,F minor
La Oreja de Van Gogh,2013-10-28,0.614,0.692,7,-6.267,0,0.0264,0.0544,0.0,0.982,0.324,96.037,4,254720,False,Muñeca de Trapo - Directo Primera Fila,3,Primera Fila,G,minor,G minor
La Oreja de Van Gogh,2013-10-28,0.682,0.697,4,-6.908,0,0.0734,0.0392,7.06e-05,0.723,0.326,118.0,4,247373,False,Mi Vida Sin Ti (with Samo) - Directo Primera Fila,4,Primera Fila,E,minor,E minor
La Oreja de Van Gogh,2013-10-28,0.473,0.815,2,-5.734,1,0.0616,0.0495,9.52e-05,0.985,0.191,99.574,4,277746,False,Perdida - Directo Primera Fila,5,Primera Fila,D,major,D major
La Oreja de Van Gogh,2013-10-28,0.565,0.802,9,-5.605,1,0.0493,0.00822,0.0252,0.969,0.439,137.982,4,213160,False,El Ultimo Vals - Directo Primera Fila,6,Primera Fila,A,major,A major
La Oreja de Van Gogh,2013-10-28,0.32,0.189,5,-15.256,1,0.0519,0.782,0.0,0.718,0.198,174.339,4,301586,False,Jueves - Directo Primera Fila,7,Primera Fila,F,major,F major
La Oreja de Van Gogh,2013-10-28,0.608,0.509,11,-9.759,1,0.048,0.202,8.33e-06,0.901,0.326,139.979,4,237426,False,Deseos de Cosas Imposibles (with Abel Pintos) - Directo Primera Fila,8,Primera Fila,B,major,B major
La Oreja de Van Gogh,2013-10-28,0.72,0.629,7,-8.152,1,0.0269,0.078,0.0,0.646,0.584,117.988,4,212880,False,Una y Otra Vez - Directo Primera Fila,9,Primera Fila,G,major,G major
La Oreja de Van Gogh,2013-10-28,0.495,0.604,1,-7.221,0,0.0414,0.0726,9.93e-05,0.785,0.149,140.049,4,281973,False,Paris - Directo Primera Fila,10,Primera Fila,C#,minor,C# minor
La Oreja de Van Gogh,2013-10-28,0.599,0.806,2,-5.341,1,0.0432,0.0979,2.01e-06,0.963,0.492,96.962,4,262840,False,El Primer Día del Resto de Mi Vida - Directo Primera Fila,11,Primera Fila,D,major,D major
La Oreja de Van Gogh,2013-10-28,0.293,0.604,9,-7.178,1,0.0591,0.118,0.0,0.837,0.264,172.74,4,276133,False,La Playa (with Leonel García) - Directo Primera Fila,12,Primera Fila,A,major,A major
La Oreja de Van Gogh,2013-10-28,0.65,0.861,6,-5.825,0,0.1,0.00979,0.0,0.985,0.422,135.113,4,177453,False,La Niña Que Llora en Tus Fiestas - Directo Primera Fila,13,Primera Fila,F#,minor,F# minor
La Oreja de Van Gogh,2013-10-28,0.588,0.656,8,-5.87,1,0.035,0.076,1.75e-05,0.738,0.39,132.834,4,243893,False,Cuando Dices Adios - Directo Primera Fila,14,Primera Fila,G#,major,G# major
La Oreja de Van Gogh,2013-10-28,0.536,0.677,1,-7.183,0,0.0442,0.23,0.000113,0.967,0.311,137.898,4,256026,False,Cometas por el Cielo - Directo Primera Fila,15,Primera Fila,C#,minor,C# minor
La Oreja de Van Gogh,2012-09-18,0.43,0.864,2,-8.209,0,0.0625,0.00839,1.05e-05,0.442,0.19,134.998,4,420800,False,Intro / Dia Cero,1,Cometas por el Cielo en Directo Desde América,D,minor,D minor
La Oreja de Van Gogh,2012-09-18,0.485,0.881,0,-7.389,1,0.0541,0.26,1.06e-05,0.608,0.391,146.014,4,243666,False,Las Noches Que No Mueren - Directo Mexico,2,Cometas por el Cielo en Directo Desde América,C,major,C major
La Oreja de Van Gogh,2012-09-18,0.422,0.869,2,-5.966,0,0.0383,0.0082,6.21e-05,0.434,0.529,140.708,4,310053,False,Paris - Directo Mexico,3,Cometas por el Cielo en Directo Desde América,D,minor,D minor
La Oreja de Van Gogh,2012-09-18,0.512,0.88,10,-6.428,1,0.0483,0.0821,6.81e-05,0.425,0.365,143.998,4,194960,False,Mi Calle Es Nueva York - Directo Mexico,4,Cometas por el Cielo en Directo Desde América,A#,major,A# major
La Oreja de Van Gogh,2012-09-18,0.548,0.737,9,-7.77,1,0.0359,0.14,4.02e-06,0.702,0.557,87.981,4,303840,False,La Playa - Directo Mexico,5,Cometas por el Cielo en Directo Desde América,A,major,A major
La Oreja de Van Gogh,2012-09-18,0.411,0.522,8,-8.591,1,0.049,0.862,0.000101,0.98,0.395,114.29,5,278360,False,Paloma Blanca - Directo Mexico,6,Cometas por el Cielo en Directo Desde América,G#,major,G# major
La Oreja de Van Gogh,2012-09-18,0.499,0.769,7,-7.373,0,0.0364,0.0587,3.58e-06,0.987,0.364,95.066,4,246226,False,Muñeca de Trapo - Directo Mexico,7,Cometas por el Cielo en Directo Desde América,G,minor,G minor
La Oreja de Van Gogh,2012-09-18,0.208,0.442,5,-10.787,1,0.0563,0.765,8.22e-06,0.985,0.204,173.935,4,346906,False,Jueves - Directo Mexico,8,Cometas por el Cielo en Directo Desde América,F,major,F major
La Oreja de Van Gogh,2012-09-18,0.486,0.932,6,-6.98,0,0.111,0.00147,0.000514,0.978,0.334,135.844,4,237120,False,La Niña Que Llora en Tus Fiestas - Directo Mexico,9,Cometas por el Cielo en Directo Desde América,F#,minor,F# minor
La Oreja de Van Gogh,2012-09-18,0.462,0.827,4,-7.946,1,0.0627,0.0591,0.00013,0.977,0.248,142.051,4,334733,False,Cometas por el Cielo - Directo Mexico,10,Cometas por el Cielo en Directo Desde América,E,major,E major
La Oreja de Van Gogh,2012-09-18,0.569,0.898,1,-4.569,0,0.0877,0.0356,0.0,0.302,0.549,143.907,4,179800,False,Promesas de Primavera - Directo Argentina,11,Cometas por el Cielo en Directo Desde América,C#,minor,C# minor
La Oreja de Van Gogh,2012-09-18,0.451,0.832,0,-5.555,0,0.373,0.0387,0.0,0.111,0.282,144.094,4,209893,False,El Tiempo a Solas - Directo Argentina,12,Cometas por el Cielo en Directo Desde América,C,minor,C minor
La Oreja de Van Gogh,2012-09-18,0.724,0.691,9,-5.061,1,0.0257,0.213,0.0,0.0889,0.761,106.999,4,234320,False,Rosas - Directo Argentina,13,Cometas por el Cielo en Directo Desde América,A,major,A major
La Oreja de Van Gogh,2012-09-18,0.521,0.808,7,-5.22,0,0.036,0.000171,0.0,0.116,0.389,138.072,4,201280,False,El Ultimo Vals - Directo Argentina,14,Cometas por el Cielo en Directo Desde América,G,minor,G minor
La Oreja de Van Gogh,2012-09-18,0.69,0.82,1,-4.292,1,0.054,0.155,0.0,0.0884,0.767,139.928,4,239680,False,Inmortal - Directo Argentina,15,Cometas por el Cielo en Directo Desde América,C#,major,C# major
La Oreja de Van Gogh,2011-09-13,0.602,0.65,6,-6.795,0,0.0466,0.000327,8.81e-06,0.617,0.558,135.982,4,161080,False,La Niña Que Llora en Tus Fiestas,1,Cometas Por El Cielo,F#,minor,F# minor
La Oreja de Van Gogh,2011-09-13,0.49,0.859,5,-5.292,1,0.0517,0.0212,0.0,0.321,0.42,135.034,4,225773,False,Dia Cero,2,Cometas Por El Cielo,F,major,F major
La Oreja de Van Gogh,2011-09-13,0.303,0.427,8,-8.793,1,0.0323,0.212,9.03e-05,0.11,0.407,171.929,4,250346,False,Paloma Blanca,3,Cometas Por El Cielo,G#,major,G# major
La Oreja de Van Gogh,2011-09-13,0.503,0.577,5,-7.42,1,0.0454,0.0955,0.0,0.123,0.186,141.922,4,220426,False,Cometas por el Cielo,4,Cometas Por El Cielo,F,major,F major
La Oreja de Van Gogh,2011-09-13,0.517,0.808,0,-6.418,1,0.0341,0.146,3.44e-05,0.103,0.404,145.979,4,216093,False,Las Noches Que No Mueren,5,Cometas Por El Cielo,C,major,C major
La Oreja de Van Gogh,2011-09-13,0.504,0.791,0,-8.814,0,0.249,0.045,0.000343,0.0722,0.341,144.234,4,225773,False,El Tiempo a Solas,6,Cometas Por El Cielo,C,minor,C minor
La Oreja de Van Gogh,2011-09-13,0.505,0.944,1,-5.602,0,0.0868,0.00394,0.000765,0.349,0.618,144.079,4,183960,False,Promesas de Primavera,7,Cometas Por El Cielo,C#,minor,C# minor
La Oreja de Van Gogh,2011-09-13,0.384,0.373,7,-10.1,1,0.0301,0.451,0.000165,0.376,0.204,76.006,4,263920,False,Un Minuto Mas,8,Cometas Por El Cielo,G,major,G major
La Oreja de Van Gogh,2011-09-13,0.532,0.892,10,-4.728,1,0.0373,0.0535,0.00217,0.261,0.596,144.057,4,166893,False,Mi Calle Es Nueva York,9,Cometas Por El Cielo,A#,major,A# major
La Oreja de Van Gogh,2011-09-13,0.402,0.499,8,-6.412,1,0.0282,0.469,3.08e-05,0.114,0.478,176.041,4,196133,False,Mientras Quede por Decir una Palabra,10,Cometas Por El Cielo,G#,major,G# major
La Oreja de Van Gogh,2011-09-13,0.498,0.803,10,-5.926,1,0.0492,0.0258,1.81e-06,0.124,0.421,141.984,4,219333,False,Esta Vez No digas Nada,11,Cometas Por El Cielo,A#,major,A# major
La Oreja de Van Gogh,2011-09-13,0.506,0.907,5,-3.351,1,0.0583,0.0102,3.61e-05,0.0981,0.551,144.898,4,207626,False,Me Falta El Aire,12,Cometas Por El Cielo,F,major,F major
La Oreja de Van Gogh,2009-10-20,0.508,0.655,2,-4.183,0,0.0359,0.581,1.45e-06,0.109,0.212,141.933,4,272226,False,Paris,1,Nuestra Casa a la Izquierda del Tiempo,D,minor,D minor
La Oreja de Van Gogh,2009-10-20,0.535,0.698,0,-4.544,1,0.0288,0.422,2.65e-05,0.106,0.412,133.929,4,253666,False,Cuentame al Oido,2,Nuestra Casa a la Izquierda del Tiempo,C,major,C major
La Oreja de Van Gogh,2009-10-20,0.573,0.739,7,-3.181,0,0.0322,0.725,0.0,0.148,0.328,138.087,4,213640,False,El Ultimo Vals,3,Nuestra Casa a la Izquierda del Tiempo,G,minor,G minor
La Oreja de Van Gogh,2009-10-20,0.585,0.507,9,-4.362,1,0.029,0.722,1.62e-05,0.102,0.357,83.027,4,257320,False,La Playa,4,Nuestra Casa a la Izquierda del Tiempo,A,major,A major
La Oreja de Van Gogh,2009-10-20,0.385,0.497,9,-6.142,1,0.0301,0.641,0.0,0.207,0.278,199.815,4,261946,False,Rosas,5,Nuestra Casa a la Izquierda del Tiempo,A,major,A major
La Oreja de Van Gogh,2009-10-20,0.413,0.736,0,-3.395,1,0.0439,0.507,1.25e-06,0.309,0.238,135.025,4,247560,False,20 de Enero,6,Nuestra Casa a la Izquierda del Tiempo,C,major,C major
La Oreja de Van Gogh,2009-10-20,0.274,0.289,5,-7.918,1,0.034,0.747,0.0,0.0945,0.166,92.894,4,263786,False,Jueves,7,Nuestra Casa a la Izquierda del Tiempo,F,major,F major
La Oreja de Van Gogh,2009-10-20,0.213,0.137,3,-9.625,1,0.0447,0.96,1.21e-05,0.123,0.0818,183.617,5,70626,False,Loa Loa,8,Nuestra Casa a la Izquierda del Tiempo,D#,major,D# major
La Oreja de Van Gogh,2009-10-20,0.45,0.544,7,-4.414,0,0.0277,0.515,0.0,0.124,0.303,181.915,4,243400,False,Muñeca de Trapo,9,Nuestra Casa a la Izquierda del Tiempo,G,minor,G minor
La Oreja de Van Gogh,2009-10-20,0.487,0.741,3,-3.17,1,0.031,0.334,0.0,0.101,0.451,140.043,4,244600,False,Soledad,10,Nuestra Casa a la Izquierda del Tiempo,D#,major,D# major
La Oreja de Van Gogh,2009-10-20,0.61,0.295,11,-8.188,1,0.0489,0.837,0.0,0.112,0.339,134.692,4,247346,False,Deseos de Cosas Imposibles,11,Nuestra Casa a la Izquierda del Tiempo,B,major,B major
La Oreja de Van Gogh,2009-10-20,0.571,0.789,6,-2.731,1,0.0344,0.573,0.0,0.112,0.411,144.839,4,267573,False,Puedes Contar Conmigo,12,Nuestra Casa a la Izquierda del Tiempo,F#,major,F# major
La Oreja de Van Gogh,2008-09-30,0.594,0.801,7,-4.788,0,0.0257,0.128,0.0,0.0901,0.609,137.981,4,204733,False,El Ultimo Vals,1,A las Cinco en el Astoria,G,minor,G minor
La Oreja de Van Gogh,2008-09-30,0.702,0.865,8,-3.396,1,0.0391,0.426,0.0,0.103,0.782,140.043,4,246400,False,Inmortal,2,A las Cinco en el Astoria,G#,major,G# major
La Oreja de Van Gogh,2008-09-30,0.47,0.235,5,-7.298,1,0.038,0.933,0.0,0.095,0.134,103.87,4,239240,False,Jueves,3,A las Cinco en el Astoria,F,major,F major
La Oreja de Van Gogh,2008-09-30,0.67,0.894,9,-3.998,0,0.0343,0.0668,8.6e-06,0.0941,0.581,138.003,4,247493,False,Más,4,A las Cinco en el Astoria,A,minor,A minor
La Oreja de Van Gogh,2008-09-30,0.424,0.708,9,-3.931,1,0.0327,0.52,0.0,0.0894,0.617,87.451,4,213746,False,Cumplir un Año Menos,5,A las Cinco en el Astoria,A,major,A major
La Oreja de Van Gogh,2008-09-30,0.592,0.832,0,-5.425,0,0.0443,0.319,0.0,0.636,0.291,100.988,4,238000,False,Europa VII,6,A las Cinco en el Astoria,C,minor,C minor
La Oreja de Van Gogh,2008-09-30,0.644,0.711,9,-4.406,1,0.0305,0.642,0.0,0.318,0.535,131.951,4,205093,False,La Visita,7,A las Cinco en el Astoria,A,major,A major
La Oreja de Van Gogh,2008-09-30,0.645,0.917,4,-4.486,0,0.0687,0.0965,0.0,0.118,0.325,131.058,4,220520,False,Sola,8,A las Cinco en el Astoria,E,minor,E minor
La Oreja de Van Gogh,2008-09-30,0.504,0.454,0,-6.599,1,0.028,0.497,3.76e-06,0.118,0.346,174.188,4,257093,False,Palabras para Paula,9,A las Cinco en el Astoria,C,major,C major
La Oreja de Van Gogh,2008-09-30,0.8,0.702,6,-4.404,1,0.0273,0.605,0.0,0.0754,0.576,113.973,4,188880,False,Flores en la Orilla,10,A las Cinco en el Astoria,F#,major,F# major
La Oreja de Van Gogh,2008-09-30,0.736,0.649,2,-3.884,1,0.036,0.63,0.0,0.113,0.795,123.035,4,224106,False,Un Cuento Sobre el Agua,11,A las Cinco en el Astoria,D,major,D major
La Oreja de Van Gogh,2008-09-30,0.441,0.62,6,-3.941,1,0.0323,0.49,0.0,0.0919,0.442,195.888,3,263693,False,La Primera Versión,12,A las Cinco en el Astoria,F#,major,F# major
La Oreja de Van Gogh,2007-04-09,0.645,0.828,11,-2.6,0,0.0289,0.115,0.0,0.265,0.441,122.02,4,269000,False,Noche,1,Guapa,B,minor,B minor
La Oreja de Van Gogh,2007-04-09,0.561,0.777,7,-3.285,0,0.0297,0.0524,9.41e-05,0.108,0.36,94.975,4,233986,False,Muñeca de Trapo,2,Guapa,G,minor,G minor
La Oreja de Van Gogh,2007-04-09,0.634,0.8,2,-3.47,1,0.0265,0.343,0.0,0.122,0.533,132.025,4,230106,False,Dulce Locura,3,Guapa,D,major,D major
La Oreja de Van Gogh,2007-04-09,0.607,0.676,9,-4.549,1,0.0375,0.129,1.51e-05,0.119,0.293,90.011,4,260760,False,Perdida,4,Guapa,A,major,A major
La Oreja de Van Gogh,2007-04-09,0.65,0.931,5,-2.097,1,0.0529,0.201,0.0,0.303,0.562,110.047,4,216586,False,Vuelve,5,Guapa,F,major,F major
La Oreja de Van Gogh,2007-04-09,0.681,0.683,10,-3.381,1,0.0387,0.0517,1.05e-06,0.223,0.655,132.953,4,213786,False,Escapar,6,Guapa,A#,major,A# major
La Oreja de Van Gogh,2007-04-09,0.48,0.695,9,-3.727,1,0.0332,0.184,0.0,0.101,0.336,172.04,4,208160,False,Irreversible,7,Guapa,A,major,A major
La Oreja de Van Gogh,2007-04-09,0.684,0.894,9,-2.478,1,0.0385,0.171,0.0,0.109,0.532,136.016,4,230080,False,A Diez Centimetros de Ti,8,Guapa,A,major,A major
La Oreja de Van Gogh,2007-04-09,0.558,0.666,9,-4.016,0,0.049,0.569,0.0,0.0714,0.73,179.733,4,138666,False,V.O.S.,9,Guapa,A,minor,A minor
La Oreja de Van Gogh,2007-04-09,0.386,0.689,1,-3.465,1,0.0278,0.321,3.99e-06,0.141,0.302,172.072,4,274093,False,Apareces Tu,10,Guapa,C#,major,C# major
La Oreja de Van Gogh,2007-04-09,0.626,0.822,8,-2.822,1,0.0439,0.192,0.0,0.0831,0.598,139.944,4,178746,False,Manhattan,11,Guapa,G#,major,G# major
La Oreja de Van Gogh,2007-04-09,0.718,0.8,4,-4.686,0,0.0564,0.164,0.0,0.57,0.57,114.95,4,242626,False,Mi Vida Sin Ti,12,Guapa,E,minor,E minor
La Oreja de Van Gogh,2007-04-09,0.559,0.554,9,-3.397,1,0.0333,0.32,0.0,0.131,0.827,189.989,3,220413,False,Cuantos Cuentos Cuento,13,Guapa,A,major,A major
La Oreja de Van Gogh,2007-04-09,0.572,0.737,6,-5.228,0,0.0246,0.0426,6.97e-06,0.0901,0.61,94.996,4,235493,False,Bambola di pezza,14,Guapa,F#,minor,F# minor
La Oreja de Van Gogh,2007-04-09,0.645,0.746,10,-4.605,0,0.0256,0.322,0.0,0.102,0.597,131.974,4,222066,False,Dolce follia,15,Guapa,A#,minor,A# minor
La Oreja de Van Gogh,2004-05-10,0.556,0.731,2,-5.02,0,0.0311,0.162,0.0,0.163,0.434,137.064,4,224960,False,Paris (with Pablo Villafranca) - Versión Francés-Español,1,París,D,minor,D minor
La Oreja de Van Gogh,2004-05-10,0.647,0.898,6,-4.851,1,0.0325,0.0661,0.0,0.129,0.56,144.985,4,238533,False,Puedes Contar Conmigo,2,París,F#,major,F# major
La Oreja de Van Gogh,2004-05-10,0.658,0.843,8,-2.994,1,0.0324,0.337,0.0,0.164,0.602,141.051,4,170133,False,Cuídate,3,París,G#,major,G# major
La Oreja de Van Gogh,2004-05-10,0.589,0.614,9,-3.954,1,0.0247,0.161,0.0,0.104,0.352,88.43,4,247346,False,La Playa,4,París,A,major,A major
La Oreja de Van Gogh,2004-05-10,0.573,0.761,11,-5.077,1,0.0416,0.448,0.0,0.38,0.532,155.844,4,189493,False,Deseos de Cosas Imposibles,5,París,B,major,B major
La Oreja de Van Gogh,2004-05-10,0.678,0.823,1,-4.928,1,0.0353,0.167,0.0,0.0646,0.829,100.953,4,198000,False,Geografía,6,París,C#,major,C# major
La Oreja de Van Gogh,2004-05-10,0.783,0.693,9,-5.056,1,0.027,0.622,8.3e-06,0.109,0.528,106.991,4,237026,False,Rosas,7,París,A,major,A major
La Oreja de Van Gogh,2004-05-10,0.517,0.752,11,-4.646,0,0.0446,0.395,0.0,0.0444,0.686,180.049,4,189866,False,Vestido Azul,8,París,B,minor,B minor
La Oreja de Van Gogh,2004-05-10,0.544,0.839,4,-4.328,0,0.0464,0.485,0.0,0.0998,0.36,145.949,4,218213,False,Un Mundo Mejor,9,París,E,minor,E minor
La Oreja de Van Gogh,2004-05-10,0.539,0.795,1,-3.614,1,0.0361,0.444,0.0,0.106,0.501,151.905,4,204986,False,Nadie Como Tú,10,París,C#,major,C# major
La Oreja de Van Gogh,2004-05-10,0.515,0.782,2,-2.857,0,0.0343,0.155,0.0,0.275,0.398,140.864,4,226560,False,Desde el Puerto,11,París,D,minor,D minor
La Oreja de Van Gogh,2004-05-10,0.574,0.806,2,-4.29,1,0.0292,0.0805,0.0017,0.0546,0.734,141.979,4,215786,False,La Chica del Gorro Azul,12,París,D,major,D major
La Oreja de Van Gogh,2004-04-19,0.529,0.721,1,-8.678,0,0.0582,0.234,0.938,0.122,0.0363,145.0,4,151346,False,Intro,1,La Oreja de Van Gogh en Directo,C#,minor,C# minor
La Oreja de Van Gogh,2004-04-19,0.584,0.919,6,-3.602,1,0.0388,0.189,4.51e-06,0.353,0.32,144.91,4,235493,False,Puedes Contar Conmigo,2,La Oreja de Van Gogh en Directo,F#,major,F# major
La Oreja de Van Gogh,2004-04-19,0.507,0.928,11,-3.309,1,0.0716,0.284,2.53e-05,0.946,0.397,155.88,4,192133,False,Deseos de Cosas Imposibles,3,La Oreja de Van Gogh en Directo,B,major,B major
La Oreja de Van Gogh,2004-04-19,0.541,0.94,4,-2.918,0,0.0674,0.299,0.0,0.988,0.301,146.041,4,229760,False,Un Mundo Mejor,4,La Oreja de Van Gogh en Directo,E,minor,E minor
La Oreja de Van Gogh,2004-04-19,0.611,0.813,0,-4.675,1,0.0327,0.186,2.77e-06,0.976,0.49,133.982,4,208773,False,Cuéntame al Oido,5,La Oreja de Van Gogh en Directo,C,major,C major
La Oreja de Van Gogh,2004-04-19,0.586,0.906,8,-3.903,1,0.046,0.157,6.78e-05,0.89,0.396,140.053,4,259106,False,Soledad,6,La Oreja de Van Gogh en Directo,G#,major,G# major
La Oreja de Van Gogh,2004-04-19,0.443,0.794,11,-4.391,0,0.0469,0.375,1.35e-06,0.948,0.195,179.894,4,237880,False,Vestido Azul,7,La Oreja de Van Gogh en Directo,B,minor,B minor
La Oreja de Van Gogh,2004-04-19,0.617,0.793,4,-3.677,1,0.0311,0.106,1.29e-06,0.98,0.236,109.957,4,257306,False,La Esperanza Debida,8,La Oreja de Van Gogh en Directo,E,major,E major
La Oreja de Van Gogh,2004-04-19,0.683,0.946,1,-3.256,1,0.0399,0.0678,0.0,0.966,0.573,105.01,4,186640,False,Geografía,9,La Oreja de Van Gogh en Directo,C#,major,C# major
La Oreja de Van Gogh,2004-04-19,0.645,0.955,7,-2.924,1,0.0767,0.181,5.92e-05,0.99,0.429,127.022,4,281506,False,El 28,10,La Oreja de Van Gogh en Directo,G,major,G major
La Oreja de Van Gogh,2004-04-19,0.643,0.767,7,-4.907,1,0.0641,0.238,1.93e-05,0.533,0.202,129.968,4,232880,False,Adios,11,La Oreja de Van Gogh en Directo,G,major,G major
La Oreja de Van Gogh,2004-04-19,0.602,0.95,9,-3.556,1,0.0696,0.0798,0.000509,0.731,0.451,134.946,4,228733,False,Pop,12,La Oreja de Van Gogh en Directo,A,major,A major
La Oreja de Van Gogh,2004-04-19,0.586,0.939,8,-2.568,1,0.0519,0.154,0.0017,0.929,0.382,140.94,4,187573,False,Cuídate,13,La Oreja de Van Gogh en Directo,G#,major,G# major
La Oreja de Van Gogh,2004-04-19,0.711,0.845,9,-4.198,1,0.0261,0.325,0.000316,0.99,0.451,107.016,4,235146,False,Rosas,14,La Oreja de Van Gogh en Directo,A,major,A major
La Oreja de Van Gogh,2004-04-19,0.564,0.874,2,-4.784,0,0.0437,0.126,0.0,0.968,0.44,139.883,4,224840,False,Paris,15,La Oreja de Van Gogh en Directo,D,minor,D minor
La Oreja de Van Gogh,2004-04-19,0.487,0.729,9,-4.902,1,0.0299,0.0515,1.4e-05,0.754,0.394,175.983,4,392440,False,La Playa,16,La Oreja de Van Gogh en Directo,A,major,A major
La Oreja de Van Gogh,2004-04-19,0.591,0.925,0,-3.773,1,0.0438,0.102,0.000128,0.916,0.522,145.051,4,216666,False,20 de Enero,17,La Oreja de Van Gogh en Directo,C,major,C major
La Oreja de Van Gogh,2004-04-19,0.807,0.785,9,-6.689,0,0.0258,0.0488,0.193,0.335,0.559,110.024,4,223653,False,Bonustrack,18,La Oreja de Van Gogh en Directo,A,minor,A minor
La Oreja de Van Gogh,2003,0.651,0.894,6,-4.843,1,0.0317,0.0706,0.0,0.13,0.561,144.95,4,236786,False,Puedes Contar Conmigo,1,Lo Que Te Conte Mientras Te Hacias La Dormida,F#,major,F# major
La Oreja de Van Gogh,2003,0.593,0.893,0,-4.047,1,0.0349,0.38,0.000603,0.156,0.643,145.029,4,223000,False,20 de Enero,2,Lo Que Te Conte Mientras Te Hacias La Dormida,C,major,C major
La Oreja de Van Gogh,2003,0.783,0.685,9,-5.008,1,0.0271,0.627,3.49e-06,0.108,0.54,107.01,4,236506,False,Rosas,3,Lo Que Te Conte Mientras Te Hacias La Dormida,A,major,A major
La Oreja de Van Gogh,2003,0.576,0.757,11,-5.057,1,0.043,0.486,0.0,0.351,0.586,155.856,4,188800,False,Deseos de Cosas Imposibles,4,Lo Que Te Conte Mientras Te Hacias La Dormida,B,major,B major
La Oreja de Van Gogh,2003,0.686,0.819,1,-4.947,1,0.0345,0.169,0.0,0.0616,0.843,100.952,4,197413,False,Geografía,5,Lo Que Te Conte Mientras Te Hacias La Dormida,C#,major,C# major
La Oreja de Van Gogh,2003,0.549,0.863,4,-4.313,0,0.0389,0.491,0.0,0.102,0.402,145.975,4,218106,False,Un Mundo Mejor,6,Lo Que Te Conte Mientras Te Hacias La Dormida,E,minor,E minor
La Oreja de Van Gogh,2003,0.629,0.459,0,-6.731,1,0.0523,0.478,0.0,0.0828,0.756,165.972,4,201053,False,Tu y Yo,7,Lo Que Te Conte Mientras Te Hacias La Dormida,C,major,C major
La Oreja de Van Gogh,2003,0.57,0.646,4,-5.314,1,0.0253,0.309,0.0,0.107,0.234,109.975,4,245560,False,La Esperanza Debida,8,Lo Que Te Conte Mientras Te Hacias La Dormida,E,major,E major
La Oreja de Van Gogh,2003,0.492,0.759,11,-4.623,0,0.044,0.397,0.0,0.0482,0.671,179.958,4,190653,False,Vestido Azul,9,Lo Que Te Conte Mientras Te Hacias La Dormida,B,minor,B minor
La Oreja de Van Gogh,2003,0.639,0.65,7,-5.049,1,0.0379,0.442,1.47e-06,0.0985,0.745,129.966,4,227346,False,Adios,10,Lo Que Te Conte Mientras Te Hacias La Dormida,G,major,G major
La Oreja de Van Gogh,2003,0.711,0.623,7,-5.118,1,0.0433,0.278,1.97e-05,0.12,0.546,139.98,4,214533,False,Perdóname,11,Lo Que Te Conte Mientras Te Hacias La Dormida,G,major,G major
La Oreja de Van Gogh,2003,0.714,0.742,3,-4.393,1,0.0272,0.729,0.0,0.111,0.267,95.975,4,232146,False,La Paz de Tus Ojos,12,Lo Que Te Conte Mientras Te Hacias La Dormida,D#,major,D# major
La Oreja de Van Gogh,2003,0.537,0.788,1,-3.668,1,0.0362,0.434,0.0,0.0992,0.499,151.902,4,204280,False,Nadie Como Tú,13,Lo Que Te Conte Mientras Te Hacias La Dormida,C#,major,C# major
La Oreja de Van Gogh,2003,0.472,0.494,2,-6.91,1,0.0261,0.417,0.0,0.103,0.427,185.845,3,224413,False,Historia de un Sueño,14,Lo Que Te Conte Mientras Te Hacias La Dormida,D,major,D major
La Oreja de Van Gogh,2003,0.855,0.649,9,-9.202,0,0.0295,0.187,0.0412,0.172,0.556,110.003,4,185773,False,Bonustrack,15,Lo Que Te Conte Mientras Te Hacias La Dormida,A,minor,A minor
La Oreja de Van Gogh,2000-09-07,0.662,0.798,8,-4.627,1,0.0335,0.306,0.0,0.174,0.542,141.007,4,169533,False,Cuídate,1,El Viaje de Copperpot,G#,major,G# major
La Oreja de Van Gogh,2000-09-07,0.58,0.692,3,-6.202,1,0.0262,0.188,0.0,0.119,0.638,137.907,4,232666,False,Soledad,2,El Viaje de Copperpot,D#,major,D# major
La Oreja de Van Gogh,2000-09-07,0.528,0.692,2,-6.107,0,0.0309,0.0673,0.0,0.13,0.402,137.026,4,226800,False,Paris,3,El Viaje de Copperpot,D,minor,D minor
La Oreja de Van Gogh,2000-09-07,0.589,0.552,9,-5.707,1,0.0268,0.175,0.0,0.106,0.311,88.535,4,247693,False,La Playa,4,El Viaje de Copperpot,A,major,A major
La Oreja de Van Gogh,2000-09-07,0.719,0.788,9,-6.428,1,0.0284,0.023,0.0,0.0918,0.751,133.58,4,151866,False,Pop,5,El Viaje de Copperpot,A,major,A major
La Oreja de Van Gogh,2000-09-07,0.609,0.79,9,-5.18,1,0.037,0.156,2.32e-06,0.222,0.783,143.763,4,201733,False,Dicen Que Dicen,6,El Viaje de Copperpot,A,major,A major
La Oreja de Van Gogh,2000-09-07,0.712,0.495,9,-7.919,1,0.0277,0.103,2.07e-05,0.0487,0.377,95.064,4,242026,False,Mariposa,7,El Viaje de Copperpot,A,major,A major
La Oreja de Van Gogh,2000-09-07,0.586,0.782,2,-5.82,1,0.0289,0.0905,0.00154,0.0869,0.783,141.976,4,215733,False,La Chica del Gorro Azul,8,El Viaje de Copperpot,D,major,D major
La Oreja de Van Gogh,2000-09-07,0.541,0.519,11,-7.689,1,0.0275,0.559,0.0,0.0737,0.379,78.948,4,237733,False,Tu Pelo,9,El Viaje de Copperpot,B,major,B major
La Oreja de Van Gogh,2000-09-07,0.27,0.638,11,-7.238,1,0.0379,0.392,0.0,0.139,0.334,205.956,4,233133,False,Tantas Cosas Que Contar,10,El Viaje de Copperpot,B,major,B major
La Oreja de Van Gogh,2000-09-07,0.248,0.575,10,-8.431,1,0.0305,0.045,0.00358,0.0725,0.273,175.005,3,280733,False,Los Amantes del Círculo Polar,11,El Viaje de Copperpot,A#,major,A# major
La Oreja de Van Gogh,2000-09-07,0.522,0.708,10,-5.215,1,0.031,0.129,0.0,0.162,0.374,140.884,4,227440,False,Desde el Puerto,12,El Viaje de Copperpot,A#,major,A# major
La Oreja de Van Gogh,1998-05-18,0.652,0.792,7,-6.084,1,0.0505,0.253,0.0,0.54,0.585,120.073,4,167733,False,El 28,1,Dile al Sol,G,major,G major
La Oreja de Van Gogh,1998-05-18,0.646,0.604,0,-7.041,1,0.0306,0.616,0.0,0.119,0.537,133.072,4,191266,False,Cuéntame al Oido,2,Dile al Sol,C,major,C major
La Oreja de Van Gogh,1998-05-18,0.551,0.894,2,-5.101,0,0.0675,0.0369,5.98e-05,0.369,0.661,120.957,4,258466,False,Pesadilla,3,Dile al Sol,D,minor,D minor
La Oreja de Van Gogh,1998-05-18,0.607,0.625,4,-5.127,1,0.0282,0.0539,1.29e-05,0.129,0.612,135.175,4,227066,False,La Estrella y la Luna,4,Dile al Sol,E,major,E major
La Oreja de Van Gogh,1998-05-18,0.683,0.533,0,-8.464,0,0.029,0.223,0.000909,0.152,0.442,119.99,4,305333,False,Viejo Cuento,5,Dile al Sol,C,minor,C minor
La Oreja de Van Gogh,1998-05-18,0.406,0.834,9,-2.224,1,0.0617,0.495,1.76e-05,0.319,0.367,175.886,4,264640,False,Dos Cristales,6,Dile al Sol,A,major,A major
La Oreja de Van Gogh,1998-05-18,0.562,0.717,7,-6.474,1,0.0309,0.124,0.0,0.364,0.299,106.947,4,244666,False,Lloran Piedras,7,Dile al Sol,G,major,G major
La Oreja de Van Gogh,1998-05-18,0.698,0.886,5,-4.771,1,0.0303,0.383,0.0,0.206,0.812,114.023,4,182040,False,Que Puedo Pedir,8,Dile al Sol,F,major,F major
La Oreja de Van Gogh,1998-05-18,0.667,0.757,2,-6.414,1,0.0325,0.0926,0.0,0.0597,0.496,120.073,4,216400,False,Dile al Sol,9,Dile al Sol,D,major,D major
La Oreja de Van Gogh,1998-05-18,0.711,0.557,7,-7.355,1,0.0295,0.657,0.000796,0.109,0.427,129.006,4,225733,False,El Libro,10,Dile al Sol,G,major,G major
La Oreja de Van Gogh,1998-05-18,0.524,0.845,7,-3.021,1,0.0539,0.273,0.0,0.193,0.63,156.988,4,160293,False,La Carta,11,Dile al Sol,G,major,G major
La Oreja de Van Gogh,1998-05-18,0.634,0.798,9,-5.69,1,0.0392,0.294,0.0,0.732,0.76,109.985,4,215133,False,Soñaré,12,Dile al Sol,A,major,A major
Reneé Rapp,2024-02-20,0.668,0.564,0,-4.753,1,0.0386,0.546,0.0,0.711,0.672,104.991,4,68692,False,A Cautionary Tale,1,Mean Girls (Music From The Motion Picture – Bonus Track Version),C,major,C major
Reneé Rapp,2024-02-20,0.724,0.486,10,-8.047,1,0.0571,0.637,6.11e-06,0.109,0.561,131.876,4,118187,False,What Ifs,2,Mean Girls (Music From The Motion Picture – Bonus Track Version),A#,major,A# major
Reneé Rapp,2024-02-20,0.184,0.599,10,-8.643,0,0.0697,0.0874,0.000324,0.113,0.17,195.463,4,89187,False,Meet the Plastics,3,Mean Girls (Music From The Motion Picture – Bonus Track Version),A#,minor,A# minor
Reneé Rapp,2024-02-20,0.758,0.289,0,-10.488,1,0.102,0.668,0.0,0.0871,0.495,76.876,4,127296,False,Stupid With Love,4,Mean Girls (Music From The Motion Picture – Bonus Track Version),C,major,C major
Reneé Rapp,2024-02-20,0.765,0.654,0,-5.791,1,0.1,0.235,1.85e-06,0.053,0.359,120.042,4,187960,False,Apex Predator,5,Mean Girls (Music From The Motion Picture – Bonus Track Version),C,major,C major
Reneé Rapp,2024-02-20,0.45,0.236,0,-11.54,1,0.0375,0.918,9.46e-05,0.293,0.297,115.027,3,99550,False,What's Wrong With Me?,6,Mean Girls (Music From The Motion Picture – Bonus Track Version),C,major,C major
Reneé Rapp,2024-02-20,0.803,0.766,8,-4.829,1,0.245,0.0848,1.23e-06,0.0247,0.569,132.078,4,183738,False,Sexy,7,Mean Girls (Music From The Motion Picture – Bonus Track Version),G#,major,G# major
Reneé Rapp,2024-02-20,0.422,0.428,10,-7.929,0,0.231,0.402,0.0,0.0975,0.523,160.237,4,182814,False,Someone Gets Hurt,8,Mean Girls (Music From The Motion Picture – Bonus Track Version),A#,minor,A# minor
Reneé Rapp,2024-02-20,0.736,0.609,8,-7.597,1,0.297,0.349,0.0,0.285,0.649,151.948,4,285221,False,Revenge Party,9,Mean Girls (Music From The Motion Picture – Bonus Track Version),G#,major,G# major
Reneé Rapp,2024-02-20,0.373,0.621,1,-6.15,0,0.0602,0.0982,3.51e-06,0.461,0.332,91.644,4,215936,False,World Burn,10,Mean Girls (Music From The Motion Picture – Bonus Track Version),C#,minor,C# minor
Reneé Rapp,2024-02-20,0.776,0.62,2,-6.321,1,0.0658,0.0886,0.0,0.0365,0.481,137.798,4,176515,False,I'd Rather Be Me,11,Mean Girls (Music From The Motion Picture – Bonus Track Version),D,major,D major
Reneé Rapp,2024-02-20,0.556,0.457,7,-7.917,1,0.0571,0.207,0.0,0.0838,0.251,140.496,4,160014,False,I See Stars,12,Mean Girls (Music From The Motion Picture – Bonus Track Version),G,major,G major
Reneé Rapp,2024-02-20,0.811,0.792,1,-6.081,0,0.175,0.1,0.0,0.395,0.854,124.01,4,170528,True,Not My Fault (with Megan Thee Stallion),13,Mean Girls (Music From The Motion Picture – Bonus Track Version),C#,minor,C# minor
Reneé Rapp,2024-02-20,0.428,0.146,2,-13.784,1,0.0529,0.945,2.93e-05,0.119,0.25,113.76,5,81987,False,Laissez Moi Tout (iCarly Theme Song),14,Mean Girls (Music From The Motion Picture – Bonus Track Version),D,major,D major
Reneé Rapp,2024-02-20,0.712,0.677,7,-6.196,1,0.0717,0.503,6.81e-05,0.0954,0.547,143.974,4,147706,False,Rockin' Around The Pole Again,15,Mean Girls (Music From The Motion Picture – Bonus Track Version),G,major,G major
Reneé Rapp,2024-02-20,0.715,0.442,6,-11.637,1,0.88,0.494,0.0,0.108,0.539,83.003,4,50646,True,Someone Gets Hurt - Reprise,16,Mean Girls (Music From The Motion Picture – Bonus Track Version),F#,major,F# major
Reneé Rapp,2024-02-20,0.746,0.732,7,-5.997,1,0.0736,0.317,0.000478,0.0774,0.369,110.041,4,125992,False,Stupid with Love - Reprise,17,Mean Girls (Music From The Motion Picture – Bonus Track Version),G,major,G major
Reneé Rapp,2024-02-20,0.602,0.735,5,-5.31,0,0.16,0.493,0.0,0.244,0.764,151.953,4,116378,False,Let Me Go,18,Mean Girls (Music From The Motion Picture – Bonus Track Version),F,minor,F minor
Reneé Rapp,2024-01-12,0.668,0.564,0,-4.753,1,0.0386,0.546,0.0,0.711,0.672,104.991,4,68692,False,A Cautionary Tale,1,Mean Girls (Music From The Motion Picture),C,major,C major
Reneé Rapp,2024-01-12,0.724,0.486,10,-8.047,1,0.0571,0.637,6.11e-06,0.109,0.561,131.876,4,118187,False,What Ifs,2,Mean Girls (Music From The Motion Picture),A#,major,A# major
Reneé Rapp,2024-01-12,0.184,0.599,10,-8.643,0,0.0697,0.0874,0.000324,0.113,0.17,195.463,4,89187,False,Meet the Plastics,3,Mean Girls (Music From The Motion Picture),A#,minor,A# minor
Reneé Rapp,2024-01-12,0.758,0.289,0,-10.488,1,0.102,0.668,0.0,0.0871,0.495,76.876,4,127296,False,Stupid With Love,4,Mean Girls (Music From The Motion Picture),C,major,C major
Reneé Rapp,2024-01-12,0.765,0.654,0,-5.791,1,0.1,0.235,1.85e-06,0.053,0.359,120.042,4,187960,False,Apex Predator,5,Mean Girls (Music From The Motion Picture),C,major,C major
Reneé Rapp,2024-01-12,0.45,0.236,0,-11.54,1,0.0375,0.918,9.46e-05,0.293,0.297,115.027,3,99550,False,What's Wrong With Me?,6,Mean Girls (Music From The Motion Picture),C,major,C major
Reneé Rapp,2024-01-12,0.803,0.766,8,-4.829,1,0.245,0.0848,1.23e-06,0.0247,0.569,132.078,4,183738,False,Sexy,7,Mean Girls (Music From The Motion Picture),G#,major,G# major
Reneé Rapp,2024-01-12,0.422,0.428,10,-7.929,0,0.231,0.402,0.0,0.0975,0.523,160.237,4,182814,False,Someone Gets Hurt,8,Mean Girls (Music From The Motion Picture),A#,minor,A# minor
Reneé Rapp,2024-01-12,0.736,0.609,8,-7.597,1,0.297,0.349,0.0,0.285,0.649,151.948,4,285221,False,Revenge Party,9,Mean Girls (Music From The Motion Picture),G#,major,G# major
Reneé Rapp,2024-01-12,0.373,0.621,1,-6.15,0,0.0602,0.0982,3.51e-06,0.461,0.332,91.644,4,215936,False,World Burn,10,Mean Girls (Music From The Motion Picture),C#,minor,C# minor
Reneé Rapp,2024-01-12,0.776,0.62,2,-6.321,1,0.0658,0.0886,0.0,0.0365,0.481,137.798,4,176515,False,I'd Rather Be Me,11,Mean Girls (Music From The Motion Picture),D,major,D major
Reneé Rapp,2024-01-12,0.556,0.457,7,-7.917,1,0.0571,0.207,0.0,0.0838,0.251,140.496,4,160014,False,I See Stars,12,Mean Girls (Music From The Motion Picture),G,major,G major
Reneé Rapp,2024-01-12,0.811,0.792,1,-6.081,0,0.175,0.1,0.0,0.395,0.854,124.01,4,170528,True,Not My Fault (with Megan Thee Stallion),13,Mean Girls (Music From The Motion Picture),C#,minor,C# minor
Reneé Rapp,2023-11-17,0.688,0.504,11,-6.96,0,0.0536,0.0313,0.0,0.134,0.836,112.601,4,196679,True,Talk Too Much,1,Snow Angel - Deluxe,B,minor,B minor
Reneé Rapp,2023-11-17,0.408,0.281,9,-7.05,1,0.0291,0.618,0.0,0.123,0.113,145.337,4,174316,False,I Hate Boston,2,Snow Angel - Deluxe,A,major,A major
Reneé Rapp,2023-11-17,0.821,0.497,7,-6.876,1,0.0392,0.176,1.02e-05,0.101,0.669,111.024,4,191451,True,Poison Poison,3,Snow Angel - Deluxe,G,major,G major
Reneé Rapp,2023-11-17,0.467,0.264,11,-8.395,1,0.0469,0.87,0.0,0.118,0.208,136.366,4,160579,True,Gemini Moon,4,Snow Angel - Deluxe,B,major,B major
Reneé Rapp,2023-11-17,0.555,0.206,7,-8.032,1,0.0285,0.771,0.0,0.143,0.181,77.035,4,215464,False,Snow Angel,5,Snow Angel - Deluxe,G,major,G major
Reneé Rapp,2023-11-17,0.649,0.509,10,-6.803,1,0.134,0.186,0.0,0.0909,0.224,84.908,4,170986,True,So What Now,6,Snow Angel - Deluxe,A#,major,A# major
Reneé Rapp,2023-11-17,0.371,0.447,5,-7.368,1,0.0322,0.302,0.0,0.1,0.407,149.667,4,183339,False,The Wedding Song,7,Snow Angel - Deluxe,F,major,F major
Reneé Rapp,2023-11-17,0.648,0.521,10,-9.062,1,0.0903,0.302,1.01e-05,0.106,0.264,109.775,4,146234,True,Pretty Girls,8,Snow Angel - Deluxe,A#,major,A# major
Reneé Rapp,2023-11-17,0.61,0.686,4,-5.821,1,0.265,0.764,6.99e-06,0.117,0.481,149.759,3,168978,True,Tummy Hurts,9,Snow Angel - Deluxe,E,major,E major
Reneé Rapp,2023-11-17,0.369,0.236,11,-10.034,1,0.036,0.8,0.0,0.0757,0.297,81.363,3,223061,False,I Wish,10,Snow Angel - Deluxe,B,major,B major
Reneé Rapp,2023-11-17,0.622,0.229,0,-11.511,1,0.0482,0.757,1.08e-05,0.163,0.455,143.927,4,161514,False,Willow,11,Snow Angel - Deluxe,C,major,C major
Reneé Rapp,2023-11-17,0.361,0.187,11,-12.185,1,0.0349,0.827,8.14e-05,0.108,0.171,80.565,4,202341,True,23,12,Snow Angel - Deluxe,B,major,B major
Reneé Rapp,2023-11-17,0.702,0.623,2,-6.39,1,0.0752,0.103,2.14e-06,0.069,0.479,147.921,4,189451,False,Messy,13,Snow Angel - Deluxe,D,major,D major
Reneé Rapp,2023-11-17,0.557,0.405,10,-8.701,1,0.157,0.46,1.44e-06,0.0917,0.274,89.184,4,159360,False,I Do,14,Snow Angel - Deluxe,A#,major,A# major
Reneé Rapp,2023-11-17,0.698,0.409,6,-13.383,0,0.0642,0.634,0.284,0.124,0.43,129.973,4,210066,False,Swim,15,Snow Angel - Deluxe,F#,minor,F# minor
Reneé Rapp,2023-11-17,0.585,0.638,4,-6.885,1,0.21,0.757,1.18e-06,0.121,0.397,149.903,3,167948,True,Tummy Hurts (feat. Coco Jones) - Remix,16,Snow Angel - Deluxe,E,major,E major
Reneé Rapp,2023-08-18,0.688,0.504,11,-6.96,0,0.0536,0.0313,0.0,0.134,0.836,112.601,4,196679,True,Talk Too Much,1,Snow Angel,B,minor,B minor
Reneé Rapp,2023-08-18,0.408,0.281,9,-7.05,1,0.0291,0.618,0.0,0.123,0.113,145.337,4,174316,False,I Hate Boston,2,Snow Angel,A,major,A major
Reneé Rapp,2023-08-18,0.821,0.497,7,-6.876,1,0.0392,0.176,1.02e-05,0.101,0.669,111.024,4,191451,True,Poison Poison,3,Snow Angel,G,major,G major
Reneé Rapp,2023-08-18,0.467,0.264,11,-8.395,1,0.0469,0.87,0.0,0.118,0.208,136.366,4,160579,True,Gemini Moon,4,Snow Angel,B,major,B major
Reneé Rapp,2023-08-18,0.555,0.206,7,-8.032,1,0.0285,0.771,0.0,0.143,0.181,77.035,4,215464,False,Snow Angel,5,Snow Angel,G,major,G major
Reneé Rapp,2023-08-18,0.649,0.509,10,-6.803,1,0.134,0.186,0.0,0.0909,0.224,84.908,4,170986,True,So What Now,6,Snow Angel,A#,major,A# major
Reneé Rapp,2023-08-18,0.371,0.447,5,-7.368,1,0.0322,0.302,0.0,0.1,0.407,149.667,4,183339,False,The Wedding Song,7,Snow Angel,F,major,F major
Reneé Rapp,2023-08-18,0.648,0.521,10,-9.062,1,0.0903,0.302,1.01e-05,0.106,0.264,109.775,4,146234,True,Pretty Girls,8,Snow Angel,A#,major,A# major
Reneé Rapp,2023-08-18,0.61,0.686,4,-5.821,1,0.265,0.764,6.99e-06,0.117,0.481,149.759,3,168978,True,Tummy Hurts,9,Snow Angel,E,major,E major
Reneé Rapp,2023-08-18,0.369,0.236,11,-10.034,1,0.036,0.8,0.0,0.0757,0.297,81.363,3,223061,False,I Wish,10,Snow Angel,B,major,B major
Reneé Rapp,2023-08-18,0.622,0.229,0,-11.511,1,0.0482,0.757,1.08e-05,0.163,0.455,143.927,4,161514,False,Willow,11,Snow Angel,C,major,C major
Reneé Rapp,2023-08-18,0.361,0.187,11,-12.185,1,0.0349,0.827,8.14e-05,0.108,0.171,80.565,4,202341,True,23,12,Snow Angel,B,major,B major
Julio Iglesias,2017-05-05,0.386,0.567,6,-5.524,1,0.0354,0.0997,0.0,0.09,0.159,98.535,4,208933,False,Usted,1,México & Amigos,F#,major,F# major
Julio Iglesias,2017-05-05,0.539,0.52,0,-6.573,1,0.0319,0.0354,0.0,0.154,0.184,106.92,3,247773,False,Júrame,2,México & Amigos,C,major,C major
Julio Iglesias,2017-05-05,0.537,0.427,7,-8.918,1,0.03,0.331,0.000166,0.141,0.125,89.932,4,225653,False,Ella,3,México & Amigos,G,major,G major
Julio Iglesias,2017-05-05,0.389,0.467,6,-5.597,1,0.0691,0.531,0.0054,0.119,0.225,99.715,4,241160,False,Fallaste Corazón,4,México & Amigos,F#,major,F# major
Julio Iglesias,2017-05-05,0.577,0.838,2,-4.424,0,0.0394,0.085,0.0,0.275,0.68,125.028,4,221760,False,Quién Será,5,México & Amigos,D,minor,D minor
Julio Iglesias,2017-05-05,0.576,0.62,4,-7.616,1,0.0426,0.0393,1.19e-05,0.345,0.253,81.552,4,197826,False,Amanecí en Tus Brazos,6,México & Amigos,E,major,E major
Julio Iglesias,2017-05-05,0.414,0.452,7,-6.68,1,0.0336,0.385,0.0,0.163,0.0989,114.847,4,216586,False,Échame a Mi la Culpa,7,México & Amigos,G,major,G major
Julio Iglesias,2017-05-05,0.667,0.642,1,-5.353,1,0.0382,0.0148,6.1e-06,0.105,0.329,124.093,3,218266,False,Juan Charrasqueado,8,México & Amigos,C#,major,C# major
Julio Iglesias,2017-05-05,0.554,0.615,11,-5.453,1,0.125,0.119,0.0,0.13,0.257,83.23,4,294226,False,Y Nos Dieron las Diez,9,México & Amigos,B,major,B major
Julio Iglesias,2017-05-05,0.455,0.518,0,-8.213,1,0.0494,0.0303,0.0,0.109,0.0748,85.985,3,198320,False,La Media Vuelta,10,México & Amigos,C,major,C major
Julio Iglesias,2017-05-05,0.51,0.705,4,-5.396,1,0.0377,0.0907,4.9e-06,0.299,0.427,97.035,4,180533,False,Se Me Olvidó Otra Vez,11,México & Amigos,E,major,E major
Julio Iglesias,2017-05-05,0.48,0.598,7,-5.315,1,0.0387,0.0269,0.0,0.299,0.155,90.978,3,166680,False,México Lindo,12,México & Amigos,G,major,G major
Julio Iglesias,2015-03-02,0.422,0.528,6,-6.131,1,0.0377,0.134,0.0,0.112,0.128,96.583,4,208493,False,Usted,1,México,F#,major,F# major
Julio Iglesias,2015-03-02,0.36,0.426,0,-7.357,1,0.0296,0.0152,0.0,0.136,0.142,107.323,4,247013,False,Júrame,2,México,C,major,C major
Julio Iglesias,2015-03-02,0.498,0.455,7,-9.213,1,0.0353,0.361,0.00172,0.114,0.263,179.999,4,226186,False,Ella,3,México,G,major,G major
Julio Iglesias,2015-03-02,0.44,0.378,6,-8.963,1,0.0536,0.416,0.000814,0.108,0.207,99.329,4,240893,False,Fallaste Corazón,4,México,F#,major,F# major
Julio Iglesias,2015-03-02,0.616,0.78,2,-5.788,0,0.0323,0.0879,1.67e-05,0.318,0.611,124.976,4,163626,False,Quién Será,5,México,D,minor,D minor
Julio Iglesias,2015-03-02,0.581,0.599,4,-8.811,1,0.0423,0.0319,0.000112,0.393,0.243,81.494,4,197213,False,Amanecí en Tus Brazos,6,México,E,major,E major
Julio Iglesias,2015-03-02,0.39,0.403,7,-8.701,1,0.0359,0.321,7.69e-06,0.17,0.0559,118.175,4,212680,False,Échame a Mi la Culpa,7,México,G,major,G major
Julio Iglesias,2015-03-02,0.644,0.592,1,-7.628,1,0.0481,0.00995,0.000571,0.0937,0.194,120.146,3,225560,False,Juan Charrasqueado,8,México,C#,major,C# major
Julio Iglesias,2015-03-02,0.403,0.587,11,-5.997,1,0.113,0.119,3.07e-06,0.117,0.183,79.551,4,288480,False,Y Nos Dieron las Diez,9,México,B,major,B major
Julio Iglesias,2015-03-02,0.327,0.504,0,-8.41,1,0.0359,0.13,3.08e-05,0.139,0.175,86.135,4,198440,False,La Media Vuelta,10,México,C,major,C major
Julio Iglesias,2015-03-02,0.584,0.621,4,-6.37,1,0.0446,0.0595,3.2e-05,0.232,0.515,96.974,4,181200,False,Se Me Olvidó Otra Vez,11,México,E,major,E major
Julio Iglesias,2015-03-02,0.325,0.52,7,-7.059,1,0.0668,0.028,0.0,0.222,0.186,182.83,3,166760,False,México Lindo,12,México,G,major,G major
Julio Iglesias,2015-03-02,0.598,0.542,4,-9.335,1,0.0499,0.0333,0.0001,0.193,0.365,81.467,4,221095,False,Amanheci Em Teus Braços,13,México,E,major,E major
Julio Iglesias,2015-03-02,0.414,0.361,7,-11.261,1,0.0522,0.121,0.000702,0.12,0.111,179.606,4,280147,False,Ela,14,México,G,major,G major
Julio Iglesias,2015-03-02,0.447,0.458,10,-9.265,1,0.0304,0.0412,0.0,0.194,0.252,106.035,4,247013,False,Jura-Me,15,México,A#,major,A# major
Julio Iglesias,2007-07-27,0.493,0.459,6,-9.9,1,0.0352,0.397,0.0,0.257,0.789,113.492,4,256093,False,Wenn Ein Schiff Vorüberfährt (Un Canto A Galicia),1,Hautnah - Die Geschichten meiner Stars,F#,major,F# major
Julio Iglesias,2007-07-27,0.52,0.512,7,-10.6,1,0.0324,0.153,1.51e-05,0.311,0.795,120.7,4,208746,False,Du bist die Sonne in meinen Augen (Sentado a Beira do Caminho),2,Hautnah - Die Geschichten meiner Stars,G,major,G major
Julio Iglesias,2007-07-27,0.468,0.644,2,-9.022,1,0.0362,0.697,1.03e-06,0.425,0.611,125.747,4,240906,False,Quiereme Mucho - Yours,3,Hautnah - Die Geschichten meiner Stars,D,major,D major
Julio Iglesias,2007-07-27,0.483,0.515,5,-10.181,1,0.0661,0.541,0.0,0.199,0.798,119.841,4,162960,False,"Meine Liebe, Die Findet Zu Dir (Mi Amor Es Mas Joven Que Yo)",4,Hautnah - Die Geschichten meiner Stars,F,major,F major
Julio Iglesias,2007-07-27,0.54,0.526,4,-9.286,1,0.0473,0.531,0.0,0.574,0.782,116.966,4,182746,False,Er War Ja Nur Ein Ziguener (Seguire MI Camino),5,Hautnah - Die Geschichten meiner Stars,E,major,E major
Julio Iglesias,2007-07-27,0.404,0.545,2,-10.911,1,0.0485,0.238,0.0,0.101,0.619,80.943,4,185293,False,"Kein Addio, Kein Goodbye",6,Hautnah - Die Geschichten meiner Stars,D,major,D major
Julio Iglesias,2007-07-27,0.628,0.499,4,-8.933,1,0.028,0.793,0.0,0.0897,0.663,98.736,4,258826,False,Alle Liebe Dieser Erde,7,Hautnah - Die Geschichten meiner Stars,E,major,E major
Julio Iglesias,2007-07-27,0.394,0.54,4,-9.32,1,0.0501,0.279,0.0,0.198,0.848,119.624,4,200746,False,Und Das Meer Singt Sein Lied (Cantandole Al Mar),8,Hautnah - Die Geschichten meiner Stars,E,major,E major
Julio Iglesias,2007-07-27,0.44,0.382,2,-11.7,1,0.03,0.637,0.0,0.213,0.317,112.909,4,206680,False,Schenk MIr Deine Liebe,9,Hautnah - Die Geschichten meiner Stars,D,major,D major
Julio Iglesias,2007-07-27,0.424,0.416,0,-7.947,1,0.0308,0.197,0.0129,0.149,0.667,94.914,3,171240,False,Du In Deiner Welt (Rio Rebelde),10,Hautnah - Die Geschichten meiner Stars,C,major,C major
Julio Iglesias,2007-07-27,0.376,0.454,0,-8.658,1,0.0383,0.727,9.7e-05,0.232,0.602,124.068,4,285720,False,Me Olvide De Vivir,11,Hautnah - Die Geschichten meiner Stars,C,major,C major
Julio Iglesias,2007-07-27,0.408,0.341,8,-9.266,1,0.0287,0.619,0.000159,0.0862,0.467,108.997,4,206786,False,Cu-Cu-Rru-Cu-Cu Paloma,12,Hautnah - Die Geschichten meiner Stars,G#,major,G# major
Julio Iglesias,2007-07-27,0.595,0.487,4,-10.705,0,0.0545,0.638,0.0,0.583,0.804,130.306,4,167333,False,"A Veces Tu, A Veces Yo",13,Hautnah - Die Geschichten meiner Stars,E,minor,E minor
Julio Iglesias,2007-07-27,0.558,0.811,5,-7.855,1,0.104,0.522,0.0,0.721,0.805,89.939,4,226666,False,Ich Schick' Dir Eine Weisse Wolke,14,Hautnah - Die Geschichten meiner Stars,F,major,F major
Julio Iglesias,2007-07-27,0.562,0.53,5,-8.899,1,0.0372,0.755,0.0,0.0789,0.802,128.372,4,191640,False,Komm Wieder Madonna,15,Hautnah - Die Geschichten meiner Stars,F,major,F major
Julio Iglesias,2007-07-27,0.565,0.515,6,-8.969,1,0.0338,0.777,1.52e-05,0.204,0.784,113.315,4,251693,False,Un Canto a Galicia,16,Hautnah - Die Geschichten meiner Stars,F#,major,F# major
Julio Iglesias,2007-07-27,0.624,0.519,9,-9.247,0,0.952,0.334,0.0,0.0951,0.772,77.246,4,408666,False,Dieter Thomas Heck über: Julio Iglesias,1,Hautnah - Die Geschichten meiner Stars,A,minor,A minor
Julio Iglesias,2007-07-27,0.702,0.481,10,-9.173,1,0.927,0.489,0.0,0.264,0.775,104.801,3,182960,False,Dieter Thomas Heck über: Un Canto A Galicia,2,Hautnah - Die Geschichten meiner Stars,A#,major,A# major
Julio Iglesias,2007-07-27,0.675,0.442,10,-8.878,1,0.885,0.327,0.0,0.213,0.745,81.348,3,140786,False,Dieter Thomas Heck über: Julia Iglesias Debutalbum,3,Hautnah - Die Geschichten meiner Stars,A#,major,A# major
Julio Iglesias,2007-07-27,0.719,0.404,0,-9.36,1,0.923,0.375,0.0,0.215,0.797,113.448,5,186053,False,Dieter Thomas Heck über: Du bist die Sonne in meine Augen & Und das Meer singt sein Lied,4,Hautnah - Die Geschichten meiner Stars,C,major,C major
Julio Iglesias,2007-07-27,0.616,0.507,10,-10.009,1,0.937,0.409,0.0,0.261,0.657,57.387,4,228560,False,Dieter Thomas Heck über: Alle Liebe dieser Erde & Ich schick' Dir eine weisse Wolke,5,Hautnah - Die Geschichten meiner Stars,A#,major,A# major
Julio Iglesias,2007-07-27,0.684,0.378,5,-9.769,1,0.657,0.691,0.0,0.28,0.793,110.173,3,70986,False,"Dieter Thomas Heck über: Komm wieder Madonna & Meine Liebe, die findet zu dir",6,Hautnah - Die Geschichten meiner Stars,F,major,F major
Julio Iglesias,2007-07-27,0.709,0.444,9,-9.058,0,0.911,0.353,0.0,0.324,0.691,111.071,3,161373,False,"Dieter Thomas Heck über: Schenk mir deine Liebe & Kein Addio, Kein Goodbye",7,Hautnah - Die Geschichten meiner Stars,A,minor,A minor
Julio Iglesias,2007-07-27,0.76,0.423,9,-9.22,0,0.874,0.489,0.0,0.232,0.895,111.934,4,120413,False,Dieter Thomas Heck über: Er war ja nur ein Zigeuner & Julio Iglesias International,8,Hautnah - Die Geschichten meiner Stars,A,minor,A minor
Julio Iglesias,2007-07-27,0.713,0.504,0,-9.188,1,0.931,0.379,0.0,0.257,0.777,132.584,5,177880,False,Dieter Thomas Heck über: Quiereme Mucho & Julio Iglesias' Karriere,9,Hautnah - Die Geschichten meiner Stars,C,major,C major
Julio Iglesias,2007-07-27,0.651,0.471,0,-9.004,1,0.937,0.372,0.0,0.535,0.786,75.071,3,184720,False,Dieter Thomas Heck über: Wenn ein Schiff vorüberfährt,10,Hautnah - Die Geschichten meiner Stars,C,major,C major
Julio Iglesias,2007-05-23,0.506,0.447,0,-7.853,1,0.0342,0.69,1.24e-05,0.0929,0.212,129.729,4,229893,False,Donner,1,Quelque chose de France,C,major,C major
Julio Iglesias,2007-05-23,0.636,0.61,11,-6.875,1,0.0508,0.631,2.19e-05,0.11,0.286,133.977,4,202480,False,De vous à moi,2,Quelque chose de France,B,major,B major
Julio Iglesias,2007-05-23,0.45,0.545,1,-5.521,1,0.041,0.618,0.0,0.0934,0.329,138.268,4,256560,False,Quelque chose de France,3,Quelque chose de France,C#,major,C# major
Julio Iglesias,2007-05-23,0.332,0.375,7,-9.878,1,0.0294,0.691,0.00107,0.105,0.106,148.526,4,237880,False,Partir quand même,4,Quelque chose de France,G,major,G major
Julio Iglesias,2007-05-23,0.472,0.491,8,-8.262,0,0.0964,0.704,1.52e-06,0.124,0.424,83.264,4,204173,False,Des femmes sur le toit du monde,5,Quelque chose de France,G#,minor,G# minor
Julio Iglesias,2007-05-23,0.355,0.408,0,-8.544,0,0.0572,0.812,1.11e-05,0.114,0.185,135.783,1,254333,False,Je me sens bien chez vous,6,Quelque chose de France,C,minor,C minor
Julio Iglesias,2007-05-23,0.626,0.745,4,-7.27,0,0.168,0.69,1.02e-05,0.139,0.539,89.947,4,233826,False,Bandoneon,7,Quelque chose de France,E,minor,E minor
Julio Iglesias,2007-05-23,0.388,0.419,2,-9.434,1,0.0413,0.713,7.99e-05,0.102,0.13,143.931,1,176413,False,L'ombre de toi,8,Quelque chose de France,D,major,D major
Julio Iglesias,2007-05-23,0.388,0.476,1,-9.107,1,0.0456,0.361,7.86e-06,0.151,0.123,117.088,4,171893,False,L'existence se danse,9,Quelque chose de France,C#,major,C# major
Julio Iglesias,2007-05-23,0.586,0.838,0,-5.428,1,0.0439,0.0268,2.14e-06,0.237,0.532,94.005,4,302653,False,Mal Acostumbrado,10,Quelque chose de France,C,major,C major
Julio Iglesias,2007-05-23,0.471,0.485,4,-10.343,0,0.0602,0.634,0.000728,0.163,0.364,109.607,4,234440,False,Te Invito,11,Quelque chose de France,E,minor,E minor
Julio Iglesias,2006-10-27,0.312,0.415,4,-10.659,1,0.05,0.0766,4.06e-05,0.212,0.256,121.2,4,165293,False,Everybody's Talking,1,Romantic Classics,E,major,E major
Julio Iglesias,2006-10-27,0.321,0.308,1,-12.964,1,0.0616,0.891,0.000448,0.125,0.118,67.84,4,231040,False,How Can You Mend A Broken Heart?,2,Romantic Classics,C#,major,C# major
Julio Iglesias,2006-10-27,0.638,0.486,11,-10.398,0,0.0414,0.392,5.8e-06,0.292,0.598,78.516,4,274266,False,Careless Whisper,3,Romantic Classics,B,minor,B minor
Julio Iglesias,2006-10-27,0.281,0.196,3,-14.076,1,0.0427,0.915,0.0101,0.0979,0.136,72.812,4,223360,False,Always on My Mind,4,Romantic Classics,D#,major,D# major
Julio Iglesias,2006-10-27,0.654,0.43,7,-10.954,0,0.0262,0.382,0.000217,0.103,0.464,100.502,4,242240,False,Waiting For A Girl Like You,5,Romantic Classics,G,minor,G minor
Julio Iglesias,2006-10-27,0.317,0.394,1,-12.199,0,0.0353,0.395,0.0409,0.423,0.121,166.653,4,232693,False,Drive,6,Romantic Classics,C#,minor,C# minor
Julio Iglesias,2006-10-27,0.527,0.437,8,-8.237,0,0.0308,0.143,2.56e-05,0.106,0.197,81.308,4,261399,False,I Want To Know What Love Is,7,Romantic Classics,G#,minor,G# minor
Julio Iglesias,2006-10-27,0.52,0.251,9,-10.445,1,0.0283,0.875,0.0,0.0971,0.171,92.112,4,240693,False,Right Here Waiting,8,Romantic Classics,A,major,A major
Julio Iglesias,2006-10-27,0.432,0.211,5,-15.006,1,0.0439,0.793,0.00108,0.113,0.14,89.213,4,227440,False,This Guy's In Love With You,9,Romantic Classics,F,major,F major
Julio Iglesias,2006-10-27,0.581,0.291,6,-12.407,1,0.0394,0.852,7.6e-06,0.0885,0.169,105.219,4,189066,False,The Most Beautiful Girl,10,Romantic Classics,F#,major,F# major
Julio Iglesias,2006-10-27,0.495,0.217,4,-16.203,1,0.0435,0.897,0.00157,0.103,0.145,110.685,3,191466,False,It's Impossible,11,Romantic Classics,E,major,E major
Julio Iglesias,2006-10-27,0.655,0.861,11,-7.382,0,0.0984,0.037,1.55e-05,0.185,0.44,95.007,4,170026,False,Dance All Night,12,Romantic Classics,B,minor,B minor
Julio Iglesias,2005-02-21,0.309,0.312,5,-12.84,1,0.0297,0.736,2.74e-06,0.318,0.334,87.108,4,208400,False,Leise Rieselt Der Schnee/Es Ist Ein Ros' Entsprungen,1,Ein Weihnachtsabend mit Julio Iglesias,F,major,F major
Julio Iglesias,2005-02-21,0.327,0.27,5,-13.717,1,0.0306,0.867,0.127,0.235,0.292,125.795,4,165640,False,Weisse Weinhnacht (White Christmas),2,Ein Weihnachtsabend mit Julio Iglesias,F,major,F major
Julio Iglesias,2005-02-21,0.193,0.298,2,-12.195,1,0.0303,0.838,2.63e-06,0.128,0.328,172.98,4,203133,False,Ihr Kinderlein Kommet/Am Weinhnachtsbaum Die Lichter Brennen/O Bu Fröhliche,3,Ein Weihnachtsabend mit Julio Iglesias,D,major,D major
Julio Iglesias,2005-02-21,0.29,0.26,3,-15.132,1,0.0312,0.743,2.77e-05,0.106,0.235,89.059,4,170866,False,Süsser Die Glocken Nie Klingen,4,Ein Weihnachtsabend mit Julio Iglesias,D#,major,D# major
Julio Iglesias,2005-02-21,0.296,0.319,2,-11.088,1,0.0314,0.385,4.11e-05,0.112,0.484,103.366,4,209426,False,La Huida (Vidala Tucamana)/El Nacimiento (Vidala Catamarqueña)/Los Pastores (Chaya Riojana),5,Ein Weihnachtsabend mit Julio Iglesias,D,major,D major
Julio Iglesias,2005-02-21,0.184,0.225,0,-13.881,1,0.0343,0.956,0.609,0.357,0.344,80.749,4,237760,False,O Tannenbaum,6,Ein Weihnachtsabend mit Julio Iglesias,C,major,C major
Julio Iglesias,2005-02-21,0.302,0.202,11,-17.278,1,0.0339,0.912,0.00277,0.116,0.161,83.414,3,175800,False,"Stille Nacht, Heilige Nacht",7,Ein Weihnachtsabend mit Julio Iglesias,B,major,B major
Julio Iglesias,2005-02-21,0.446,0.444,3,-13.006,1,0.0499,0.766,2.03e-05,0.139,0.596,93.97,4,194853,False,Weisser Winterwald (Winter Wonderland)/Pferdchen Lauf (Jingle Bells),8,Ein Weihnachtsabend mit Julio Iglesias,D#,major,D# major
Julio Iglesias,2005-02-21,0.275,0.374,0,-12.807,1,0.0482,0.858,5.48e-05,0.158,0.417,170.514,3,207506,False,Im Tal Wird Es Still (Kreol Wiegenlied),9,Ein Weihnachtsabend mit Julio Iglesias,C,major,C major
Julio Iglesias,2005-02-21,0.274,0.295,0,-15.977,1,0.0285,0.627,1.35e-05,0.126,0.42,86.524,4,186573,False,"Kling, Glöckchen, Klingelingeling/Auf Dem Berfe Da Behet Der Wind/Alle Jahre Wieder",10,Ein Weihnachtsabend mit Julio Iglesias,C,major,C major
Julio Iglesias,2005-02-21,0.343,0.289,5,-16.565,1,0.0288,0.924,0.0336,0.141,0.187,92.744,4,206066,False,Durch Die Zeit Reist Ein Traum (Ave Maria No Morro),11,Ein Weihnachtsabend mit Julio Iglesias,F,major,F major
Julio Iglesias,2005-02-21,0.303,0.344,7,-11.01,1,0.0313,0.63,0.00187,0.0913,0.395,126.769,4,195400,False,"Adeste Fideles/Tochter Zion, Freue Dich/In Dulci Jubilo",12,Ein Weihnachtsabend mit Julio Iglesias,G,major,G major
Julio Iglesias,2005,0.549,0.497,6,-8.151,1,0.0386,0.428,0.000278,0.103,0.439,73.277,4,228106,False,L'homme que je suis,1,L'homme que je suis,F#,major,F# major
Julio Iglesias,2005,0.45,0.534,7,-6.465,1,0.0328,0.562,0.0,0.143,0.474,111.113,4,206893,False,Le prix d'un baiser,2,L'homme que je suis,G,major,G major
Julio Iglesias,2005,0.572,0.556,7,-10.23,0,0.0555,0.0991,0.000331,0.174,0.492,83.924,4,220226,False,Attendre,3,L'homme que je suis,G,minor,G minor
Julio Iglesias,2005,0.365,0.472,1,-5.954,1,0.0308,0.698,4.63e-05,0.127,0.196,109.368,3,218720,False,C'est votre histoire et la mienne,4,L'homme que je suis,C#,major,C# major
Julio Iglesias,2005,0.335,0.628,6,-5.768,1,0.035,0.281,2.31e-06,0.171,0.314,88.992,4,203920,False,Je n'ai pas osé,5,L'homme que je suis,F#,major,F# major
Julio Iglesias,2005,0.309,0.542,5,-5.445,1,0.0343,0.784,0.0,0.0992,0.321,173.9,4,201746,False,Un homme fragile,6,L'homme que je suis,F,major,F major
Julio Iglesias,2005,0.467,0.437,3,-7.702,0,0.0275,0.814,0.0,0.136,0.21,104.979,4,214293,False,Le roi soleil a froid,7,L'homme que je suis,D#,minor,D# minor
Julio Iglesias,2005,0.301,0.707,10,-5.175,1,0.0544,0.355,0.0,0.429,0.286,132.828,4,266266,False,Elle ne me voit même pas,8,L'homme que je suis,A#,major,A# major
Julio Iglesias,2005,0.416,0.466,6,-8.107,1,0.0367,0.626,1.04e-05,0.0977,0.111,97.95,4,180813,False,Encore envie,9,L'homme que je suis,F#,major,F# major
Julio Iglesias,2005,0.442,0.421,5,-8.418,1,0.0409,0.86,0.0,0.105,0.234,78.192,4,214000,False,Tout de toi,10,L'homme que je suis,F,major,F major
Julio Iglesias,2005,0.421,0.681,4,-5.396,0,0.146,0.473,0.0,0.156,0.419,127.601,1,206826,False,Ce qui me manque,11,L'homme que je suis,E,minor,E minor
Julio Iglesias,2005,0.339,0.67,5,-5.56,0,0.0513,0.373,0.0,0.0481,0.195,103.197,4,323920,False,Hommage à la chanson française (medley with Ne me quitte pas/Que c'est triste Venise/Et maintenant/La vie en rose,12,L'homme que je suis,F,minor,F minor
Julio Iglesias,2004-10-28,0.503,0.338,7,-13.734,1,0.0263,0.257,2.98e-05,0.21,0.323,67.018,4,241600,False,Love Is On Our Side Again,1,The Collection,G,major,G major
Julio Iglesias,2004-10-28,0.421,0.361,9,-16.801,1,0.031,0.267,0.0133,0.135,0.505,84.127,4,231626,False,I Know It's Over,2,The Collection,A,major,A major
Julio Iglesias,2004-10-28,0.29,0.233,7,-16.155,1,0.0316,0.604,1e-06,0.123,0.134,152.982,4,243200,False,"Never, Never, Never",3,The Collection,G,major,G major
Julio Iglesias,2004-10-28,0.6,0.628,2,-13.132,1,0.0302,0.0145,0.00135,0.19,0.753,113.073,4,250866,False,"Ae, Ao",4,The Collection,D,major,D major
Julio Iglesias,2004-10-28,0.257,0.405,0,-14.978,1,0.0341,0.297,2.26e-06,0.0426,0.151,72.621,3,277800,False,Words And Music,5,The Collection,C,major,C major
Julio Iglesias,2004-10-28,0.491,0.405,6,-12.947,1,0.0299,0.336,1.5e-06,0.0331,0.287,128.413,4,340760,False,My Love,6,The Collection,F#,major,F# major
Julio Iglesias,2004-10-28,0.577,0.383,2,-17.0,0,0.0315,0.243,0.0335,0.324,0.293,87.283,4,243573,False,Everytime We Fall In Love,7,The Collection,D,minor,D minor
Julio Iglesias,2004-10-28,0.638,0.596,10,-13.822,1,0.044,0.203,0.0242,0.0606,0.961,79.934,4,251333,False,Too Many Women,8,The Collection,A#,major,A# major
Julio Iglesias,2004-10-28,0.401,0.345,1,-13.937,1,0.0362,0.324,0.0,0.124,0.216,136.022,4,225800,False,If I Ever Needed You (I Need You Now),9,The Collection,C#,major,C# major
Julio Iglesias,2004-10-28,0.417,0.278,5,-14.578,1,0.0289,0.745,3.74e-05,0.113,0.0651,96.028,4,202066,False,Can't Help Falling In Love,1,The Collection,F,major,F major
Julio Iglesias,2004-10-28,0.56,0.247,0,-17.029,1,0.026,0.855,0.00373,0.101,0.239,97.875,4,193160,False,And I Love Her,2,The Collection,C,major,C major
Julio Iglesias,2004-10-28,0.349,0.203,3,-15.898,1,0.0345,0.86,0.00123,0.116,0.137,128.986,4,237373,False,Mona Lisa,3,The Collection,D#,major,D# major
Julio Iglesias,2004-10-28,0.189,0.241,5,-13.506,1,0.0354,0.798,6.62e-06,0.143,0.0911,69.667,4,209693,False,Cryin' Time,4,The Collection,F,major,F major
Julio Iglesias,2004-10-28,0.327,0.221,1,-14.652,0,0.0503,0.861,2.48e-06,0.111,0.101,85.443,4,190306,False,Yesterday When I Was Young,5,The Collection,C#,minor,C# minor
Julio Iglesias,2004-10-28,0.577,0.371,9,-11.341,1,0.0349,0.486,0.0,0.112,0.116,110.849,3,257933,False,When I Need You,6,The Collection,A,major,A major
Julio Iglesias,2004-10-28,0.559,0.465,10,-16.065,1,0.0321,0.759,0.0651,0.119,0.306,96.715,4,249533,False,99 Miles from L.A.,7,The Collection,A#,major,A# major
Julio Iglesias,2004-10-28,0.311,0.133,5,-17.574,1,0.034,0.815,3.23e-06,0.0644,0.222,94.624,4,258066,False,Vincent (Starry Night),8,The Collection,F,major,F major
Julio Iglesias,2004-10-28,0.31,0.118,11,-16.196,0,0.0381,0.734,3.25e-05,0.129,0.114,105.13,5,214040,False,If You Go Away,9,The Collection,B,minor,B minor
Julio Iglesias,2004-10-28,0.54,0.321,4,-13.855,1,0.0316,0.751,8.75e-05,0.109,0.141,91.002,4,205733,False,Love Has Been a Friend to Me,10,The Collection,E,major,E major
Julio Iglesias,2004-10-28,0.355,0.559,10,-8.91,0,0.0367,0.501,0.0,0.654,0.51,171.749,4,238293,False,All of You (feat. Diana Ross),1,The Collection,A#,minor,A# minor
Julio Iglesias,2004-10-28,0.448,0.352,5,-11.582,0,0.0394,0.717,4.17e-05,0.0512,0.168,110.162,4,257893,False,Two Lovers,2,The Collection,F,minor,F minor
Julio Iglesias,2004-10-28,0.662,0.724,0,-8.494,1,0.0511,0.405,1.73e-05,0.0789,0.689,90.494,4,228066,False,Bambou Medley: Il Tape Sur Des Bambous / Jamaica,3,The Collection,C,major,C major
Julio Iglesias,2004-10-28,0.488,0.501,7,-8.726,1,0.0261,0.529,4.35e-05,0.415,0.173,94.973,4,230306,False,The Air That I Breathe,4,The Collection,G,major,G major
Julio Iglesias,2004-10-28,0.428,0.414,3,-10.507,0,0.0396,0.77,4.03e-05,0.294,0.182,68.834,4,217333,False,The Last Time,5,The Collection,D#,minor,D# minor
Julio Iglesias,2004-10-28,0.742,0.649,8,-8.289,1,0.0578,0.626,3.73e-05,0.055,0.667,121.286,4,251240,False,Moonlight Lady,6,The Collection,G#,major,G# major
Julio Iglesias,2004-10-28,0.25,0.194,5,-12.476,1,0.0312,0.911,0.000585,0.0866,0.0904,85.956,4,209800,False,When I Fall in Love,7,The Collection,F,major,F major
Julio Iglesias,2004-10-28,0.553,0.898,2,-6.684,1,0.0689,0.235,0.00549,0.278,0.556,99.361,4,360733,False,"Me Va, Me Va",8,The Collection,D,major,D major
Julio Iglesias,2004-10-28,0.404,0.386,9,-9.473,0,0.034,0.33,0.00586,0.117,0.0559,60.573,4,190373,False,If (E Poi),9,The Collection,A,minor,A minor
Julio Iglesias,2004-10-28,0.551,0.572,6,-7.244,1,0.0328,0.521,1.86e-05,0.0859,0.337,82.22,4,212666,False,To All the Girls I've Loved Before,10,The Collection,F#,major,F# major
Julio Iglesias,2001-04-27,0.798,0.769,2,-6.722,0,0.0323,0.23,1.52e-06,0.0563,0.889,126.101,4,209826,False,Una Donna Può Cambiar La Vita (Gozar La Vida) - Italian version,1,Una Donna Può Cambiar La Vita,D,minor,D minor
Julio Iglesias,2001-04-27,0.671,0.738,4,-7.832,0,0.106,0.425,2.28e-06,0.178,0.645,87.0,4,222933,False,Il Destino (Vida) - Italian Version,2,Una Donna Può Cambiar La Vita,E,minor,E minor
Julio Iglesias,2001-04-27,0.47,0.528,5,-9.497,0,0.0366,0.235,0.0,0.41,0.501,108.672,4,208160,False,Chi mi aspettava non è più là (No Vengo Ni Voy),3,Una Donna Può Cambiar La Vita,F,minor,F minor
Julio Iglesias,2001-04-27,0.338,0.525,2,-7.593,0,0.058,0.466,0.0,0.246,0.472,94.918,3,165493,False,Se tornassi (Por un Poco de Tu Amor),4,Una Donna Può Cambiar La Vita,D,minor,D minor
Julio Iglesias,2001-04-27,0.325,0.24,1,-13.927,1,0.0323,0.809,0.000398,0.0904,0.129,96.526,4,277760,False,Se Ora Avessi Un Po' Di Te (Uno),5,Una Donna Può Cambiar La Vita,C#,major,C# major
Julio Iglesias,2001-04-27,0.382,0.444,4,-14.627,0,0.0394,0.438,2.58e-06,0.396,0.28,101.707,4,218133,False,Avanti tutta (No soy de aquí),6,Una Donna Può Cambiar La Vita,E,minor,E minor
Julio Iglesias,2001-04-27,0.453,0.572,0,-9.541,1,0.0441,0.0959,6.37e-06,0.34,0.505,109.736,4,243600,False,Pensami (Júrame) - Live,7,Una Donna Può Cambiar La Vita,C,major,C major
Julio Iglesias,2001-04-27,0.681,0.742,7,-8.602,0,0.0479,0.12,1.17e-05,0.162,0.507,100.128,4,213400,False,La Sarabanda (La Gota Fría),8,Una Donna Può Cambiar La Vita,G,minor,G minor
Julio Iglesias,2001-04-27,0.311,0.435,0,-10.522,1,0.0374,0.637,0.00037,0.248,0.63,123.135,4,282973,False,Non si vive così (Me Olvide de Vivir),9,Una Donna Può Cambiar La Vita,C,major,C major
Julio Iglesias,2001-04-27,0.455,0.38,7,-11.358,1,0.0441,0.627,0.0,0.097,0.347,91.913,4,211573,False,Momenti,10,Una Donna Può Cambiar La Vita,G,major,G major
Julio Iglesias,2001-04-27,0.433,0.462,9,-11.051,1,0.0354,0.369,0.0,0.26,0.721,135.883,4,218333,False,La nostra buona educazione,11,Una Donna Può Cambiar La Vita,A,major,A major
Julio Iglesias,2001-04-27,0.531,0.31,2,-15.966,1,0.035,0.706,0.0162,0.121,0.0737,123.023,4,242066,False,Su Questa Strada (La Carretera),12,Una Donna Può Cambiar La Vita,D,major,D major
Julio Iglesias,2001-04-27,0.414,0.416,9,-11.323,1,0.0572,0.54,0.0,0.276,0.183,105.846,4,222466,False,Passar di mano (Por el Amor e una Mujer),13,Una Donna Può Cambiar La Vita,A,major,A major
Julio Iglesias,2001-04-27,0.587,0.613,0,-8.182,1,0.0306,0.28,0.0,0.453,0.712,98.992,4,177533,False,"Sono un pirata, sono un signore (Soy un Truhán, Soy un Señor)",14,Una Donna Può Cambiar La Vita,C,major,C major
Julio Iglesias,2001-01-01,0.395,0.411,0,-7.909,1,0.0296,0.373,0.0,0.194,0.157,113.017,4,240533,False,Coeur de papier (Corazón De Papel) - French Version,1,Divorcio,C,major,C major
Julio Iglesias,2001-01-01,0.47,0.442,9,-8.978,1,0.0389,0.652,2.63e-06,0.0985,0.129,113.703,4,235906,False,C'est ma faute (Echame A Mi La Culpa) - French Version,2,Divorcio,A,major,A major
Julio Iglesias,2001-01-01,0.845,0.693,4,-7.046,0,0.0445,0.506,0.0,0.066,0.444,116.678,4,238693,False,Criollo Soy,3,Divorcio,E,minor,E minor
Julio Iglesias,2001-01-01,0.43,0.353,8,-11.615,1,0.0378,0.84,5.76e-05,0.178,0.229,95.224,4,219866,False,La vie défile en silence (Como Han Pasado Los Años) - French Version,4,Divorcio,G#,major,G# major
Julio Iglesias,2001-01-01,0.779,0.728,7,-9.571,1,0.0903,0.073,0.000127,0.129,0.547,89.97,4,251466,False,Mira (El Bacalao) - French 2004 Greatest Hits Version,5,Divorcio,G,major,G major
Julio Iglesias,2001-01-01,0.641,0.693,3,-8.531,1,0.105,0.107,0.0,0.206,0.399,91.921,4,244133,False,Divorcio,6,Divorcio,D#,major,D# major
Julio Iglesias,2001-01-01,0.443,0.495,6,-14.569,1,0.0304,0.687,0.074,0.157,0.0756,89.001,4,280573,False,La Carretera II,7,Divorcio,F#,major,F# major
Julio Iglesias,2001-01-01,0.357,0.27,2,-11.519,1,0.0325,0.526,8.62e-05,0.111,0.0635,73.068,3,310666,False,La Ciudad De Madrugada,8,Divorcio,D,major,D major
Julio Iglesias,2001-01-01,0.448,0.358,8,-11.767,1,0.0432,0.515,7.74e-05,0.157,0.127,100.545,4,183666,False,Qué Ganaste,9,Divorcio,G#,major,G# major
Julio Iglesias,2001-01-01,0.731,0.477,8,-12.619,0,0.0322,0.0692,0.000967,0.179,0.483,114.772,4,184626,False,Esa Mujer,10,Divorcio,G#,minor,G# minor
Julio Iglesias,2001-01-01,0.452,0.33,3,-14.105,1,0.0321,0.436,0.0071,0.18,0.497,80.371,4,210440,False,Crazy In Love,11,Divorcio,D#,major,D# major
Julio Iglesias,2001-01-01,0.317,0.407,0,-8.911,1,0.0294,0.439,8.88e-05,0.249,0.143,106.166,4,241133,False,Corazón De Papel,12,Divorcio,C,major,C major
Julio Iglesias,2001-01-01,0.481,0.453,9,-8.903,1,0.045,0.713,0.0,0.0897,0.135,114.049,4,235866,False,Echame A Mi La Culpa,13,Divorcio,A,major,A major
Julio Iglesias,2001-01-01,0.401,0.319,8,-11.181,1,0.0389,0.898,0.000405,0.15,0.235,96.238,4,219893,False,Como Han Pasado Los Años,14,Divorcio,G#,major,G# major
Julio Iglesias,2001-01-01,0.769,0.726,8,-9.07,1,0.0952,0.136,2.83e-05,0.323,0.497,87.984,4,272906,False,El Bacalao,15,Divorcio,G#,major,G# major
Julio Iglesias,2000-06-12,0.771,0.833,2,-5.47,1,0.0279,0.186,3.87e-05,0.077,0.96,126.189,4,224533,False,Gozar La Vida,1,Noche De Cuatro Lunas,D,major,D major
Julio Iglesias,2000-06-12,0.518,0.643,9,-8.397,1,0.038,0.511,1.61e-05,0.123,0.327,93.95,4,275933,False,Día A Día,2,Noche De Cuatro Lunas,A,major,A major
Julio Iglesias,2000-06-12,0.669,0.685,7,-7.578,1,0.0589,0.353,0.0,0.0838,0.192,96.032,4,269466,False,Me Siento De Aquí,3,Noche De Cuatro Lunas,G,major,G major
Julio Iglesias,2000-06-12,0.297,0.616,6,-6.094,0,0.0336,0.429,1.06e-05,0.105,0.352,200.494,4,294960,False,Te Voy A Contar Mi Vida,4,Noche De Cuatro Lunas,F#,minor,F# minor
Julio Iglesias,2000-06-12,0.594,0.882,9,-8.668,0,0.0486,0.0846,0.0321,0.152,0.403,115.001,4,269826,False,No Es Amor Ni Es Amar (Gone Too Far),5,Noche De Cuatro Lunas,A,minor,A minor
Julio Iglesias,2000-06-12,0.505,0.637,9,-6.483,0,0.0711,0.255,0.0,0.119,0.462,79.424,4,288933,False,Corazón Partío,6,Noche De Cuatro Lunas,A,minor,A minor
Julio Iglesias,2000-06-12,0.46,0.537,7,-9.942,1,0.0468,0.612,2.5e-05,0.429,0.182,143.928,4,305773,False,Seremos Libres,7,Noche De Cuatro Lunas,G,major,G major
Julio Iglesias,2000-06-12,0.54,0.404,5,-8.693,1,0.0294,0.608,1.81e-06,0.349,0.265,82.378,4,235493,False,"Dos Corazones, Dos Historias (Dos Corações E Uma Historia)",8,Noche De Cuatro Lunas,F,major,F major
Julio Iglesias,2000-06-12,0.645,0.845,11,-7.465,0,0.047,0.015,2.17e-05,0.0806,0.636,91.208,4,293333,False,Mal Acostumbrado (Mal Acostumada),9,Noche De Cuatro Lunas,B,minor,B minor
Julio Iglesias,2000-06-12,0.71,0.753,2,-7.558,1,0.099,0.46,4.3e-05,0.159,0.612,87.022,4,248173,False,Vida,10,Noche De Cuatro Lunas,D,major,D major
Julio Iglesias,2000-06-12,0.722,0.698,2,-8.29,1,0.0581,0.0305,0.0,0.323,0.386,96.396,4,215840,False,Mamacita (Paparico),11,Noche De Cuatro Lunas,D,major,D major
Julio Iglesias,2000-06-12,0.764,0.87,4,-7.708,1,0.0486,0.0645,0.000311,0.193,0.123,107.997,4,215866,False,La Empalizada,12,Noche De Cuatro Lunas,E,major,E major
Julio Iglesias,2000-06-12,0.659,0.633,7,-9.398,1,0.0297,0.243,0.00276,0.261,0.243,94.031,4,244693,False,Noche De Cuatro Lunas (American Lady),13,Noche De Cuatro Lunas,G,major,G major
Julio Iglesias,1997-01-02,0.394,0.59,5,-5.807,1,0.0284,0.153,3.52e-06,0.124,0.593,111.757,4,213000,False,Caminito,1,Corazon Latino,F,major,F major
Julio Iglesias,1997-01-02,0.475,0.89,2,-4.244,0,0.0629,0.216,4.52e-06,0.25,0.695,92.971,3,136466,False,Obsesión,2,Corazon Latino,D,minor,D minor
Julio Iglesias,1997-01-02,0.436,0.724,0,-4.538,1,0.0397,0.411,1.07e-05,0.162,0.573,109.2,4,246893,False,Júrame,3,Corazon Latino,C,major,C major
Julio Iglesias,1997-01-02,0.372,0.845,9,-2.658,0,0.0474,0.298,0.0,0.0561,0.827,99.47,4,223333,False,Moliendo Café,4,Corazon Latino,A,minor,A minor
Julio Iglesias,1997-01-02,0.421,0.659,8,-5.043,1,0.0292,0.378,0.000145,0.0753,0.458,109.439,4,210333,False,Cucurrucucu Paloma,5,Corazon Latino,G#,major,G# major
Julio Iglesias,1997-01-02,0.401,0.614,3,-4.346,1,0.0447,0.233,0.0,0.0544,0.468,85.037,3,158573,False,Cuando Vivas Conmigo,6,Corazon Latino,D#,major,D# major
Julio Iglesias,1997-01-02,0.328,0.551,5,-5.835,1,0.0281,0.0928,1.25e-05,0.145,0.365,108.22,3,199426,False,Amanecí en Tus Brazos,7,Corazon Latino,F,major,F major
Julio Iglesias,1997-01-02,0.433,0.834,2,-2.899,1,0.0571,0.494,0.0,0.229,0.64,113.626,4,180800,False,Maria Bonita,8,Corazon Latino,D,major,D major
Julio Iglesias,1997-01-02,0.431,0.495,0,-4.711,1,0.0274,0.249,0.0,0.168,0.489,95.37,3,177200,False,Río Rebelde,9,Corazon Latino,C,major,C major
Julio Iglesias,1997-01-02,0.34,0.691,5,-3.162,0,0.0301,0.679,0.0,0.141,0.583,93.67,4,208200,False,Así Nacemos,10,Corazon Latino,F,minor,F minor
Julio Iglesias,1997-01-02,0.448,0.832,4,-4.073,1,0.0636,0.366,0.0,0.645,0.725,118.645,4,193866,False,Ese Día Llegará,11,Corazon Latino,E,major,E major
Julio Iglesias,1997-01-02,0.4,0.597,9,-3.531,1,0.0302,0.385,0.0,0.267,0.24,106.435,4,231306,False,Por el Amor de una Mujer,12,Corazon Latino,A,major,A major
Julio Iglesias,1997-01-02,0.416,0.475,7,-5.821,0,0.0341,0.67,3.28e-06,0.116,0.162,87.132,4,211600,False,Abrázame,13,Corazon Latino,G,minor,G minor
Julio Iglesias,1997-01-02,0.297,0.688,2,-4.682,1,0.035,0.614,0.000932,0.259,0.555,127.736,4,203453,False,Yo Canto,14,Corazon Latino,D,major,D major
Julio Iglesias,1997-01-02,0.557,0.768,6,-2.455,1,0.0339,0.725,0.0,0.111,0.767,112.405,4,252680,False,Un Canto a Galicia (En Directo),15,Corazon Latino,F#,major,F# major
Julio Iglesias,1997-01-02,0.514,0.466,9,-7.506,0,0.0372,0.91,0.0,0.126,0.377,79.099,4,173626,False,Soy,16,Corazon Latino,A,minor,A minor
Julio Iglesias,1997-01-02,0.414,0.702,0,-3.48,1,0.0459,0.538,0.0,0.474,0.493,125.242,4,222840,False,A Flor de Piel,17,Corazon Latino,C,major,C major
Julio Iglesias,1997-01-02,0.513,0.49,1,-6.206,1,0.0428,0.389,0.0,0.164,0.484,120.212,3,237866,False,Recuerdos de Ypacarai,1,Corazon Latino,C#,major,C# major
Julio Iglesias,1997-01-02,0.424,0.471,6,-8.057,0,0.0298,0.508,0.028,0.139,0.484,109.55,4,212466,False,Sombras,2,Corazon Latino,F#,minor,F# minor
Julio Iglesias,1997-01-02,0.577,0.645,5,-5.771,1,0.0313,0.167,5.18e-06,0.107,0.672,116.54,4,221200,False,Guantanamera,3,Corazon Latino,F,major,F major
Julio Iglesias,1997-01-02,0.463,0.658,2,-7.334,1,0.0331,0.0963,0.000904,0.0818,0.509,113.772,4,167400,False,"Ay, Ay, Ay",4,Corazon Latino,D,major,D major
Julio Iglesias,1997-01-02,0.349,0.523,5,-6.926,1,0.0318,0.23,0.0,0.232,0.449,81.672,3,195066,False,No Me Amenaces,5,Corazon Latino,F,major,F major
Julio Iglesias,1997-01-02,0.431,0.62,2,-7.266,1,0.0277,0.127,1.21e-05,0.253,0.327,107.7,4,244600,False,Noche de Ronda,6,Corazon Latino,D,major,D major
Julio Iglesias,1997-01-02,0.287,0.637,7,-5.664,1,0.0356,0.265,0.0,0.139,0.559,175.9,3,224666,False,"Corazón, Corazón",7,Corazon Latino,G,major,G major
Julio Iglesias,1997-01-02,0.233,0.514,5,-7.267,0,0.041,0.716,0.000381,0.146,0.352,163.328,5,224933,False,No Soy de Aquí,8,Corazon Latino,F,minor,F minor
Julio Iglesias,1997-01-02,0.351,0.343,10,-8.237,0,0.0349,0.832,5.72e-06,0.0646,0.463,138.973,4,170000,False,El Amor,9,Corazon Latino,A#,minor,A# minor
Julio Iglesias,1997-01-02,0.329,0.579,4,-3.961,1,0.0303,0.581,0.0,0.855,0.549,104.611,3,187933,False,A Veces Llegan Cartas,10,Corazon Latino,E,major,E major
Julio Iglesias,1997-01-02,0.536,0.616,4,-6.127,1,0.0315,0.262,0.0,0.0707,0.682,125.614,4,208000,False,Manuela,11,Corazon Latino,E,major,E major
Julio Iglesias,1997-01-02,0.516,0.375,6,-8.242,0,0.0317,0.58,0.0,0.118,0.303,121.61,4,196200,False,Desde Que Tú Te Has Ido,12,Corazon Latino,F#,minor,F# minor
Julio Iglesias,1997-01-02,0.377,0.401,4,-8.355,0,0.035,0.925,0.629,0.135,0.338,76.634,3,230400,False,Como el Álamo al Camino,13,Corazon Latino,E,minor,E minor
Julio Iglesias,1997-01-02,0.654,0.868,10,-5.398,0,0.0485,0.515,6.44e-06,0.188,0.93,135.896,4,166000,False,Quiero,14,Corazon Latino,A#,minor,A# minor
Julio Iglesias,1997-01-02,0.469,0.576,4,-5.254,1,0.0306,0.62,1.43e-06,0.0938,0.43,89.373,4,227066,False,Minueto,15,Corazon Latino,E,major,E major
Julio Iglesias,1997-01-02,0.3,0.455,3,-6.818,0,0.0317,0.726,1.62e-05,0.235,0.396,81.782,4,169200,False,Gwendolyne,16,Corazon Latino,D#,minor,D# minor
Julio Iglesias,1997-01-02,0.349,0.741,5,-6.497,1,0.0459,0.00766,0.00421,0.179,0.671,94.757,4,164133,False,Mis Recuerdos,17,Corazon Latino,F,major,F major
Julio Iglesias,1997-01-02,0.458,0.545,5,-6.03,0,0.0274,0.51,5.29e-06,0.133,0.402,101.278,4,192066,False,Historia de un Amor,1,Corazon Latino,F,minor,F minor
Julio Iglesias,1997-01-02,0.464,0.863,5,-3.553,0,0.0395,0.017,0.000618,0.13,0.822,108.242,4,186333,False,Mañana de Carnaval,2,Corazon Latino,F,minor,F minor
Julio Iglesias,1997-01-02,0.287,0.559,2,-4.231,1,0.0298,0.265,0.0,0.139,0.216,103.372,3,185200,False,Vaya Con Dios,3,Corazon Latino,D,major,D major
Julio Iglesias,1997-01-02,0.363,0.888,0,-1.695,1,0.0531,0.565,0.0,0.113,0.702,131.822,4,160933,False,Alma Llanera,4,Corazon Latino,C,major,C major
Julio Iglesias,1997-01-02,0.316,0.456,7,-4.915,1,0.0291,0.0838,2.14e-05,0.118,0.381,135.947,3,204800,False,Ella,5,Corazon Latino,G,major,G major
Julio Iglesias,1997-01-02,0.286,0.549,2,-6.936,1,0.0279,0.0164,0.000115,0.268,0.326,105.079,4,215733,False,Solamente una Vez,6,Corazon Latino,D,major,D major
Julio Iglesias,1997-01-02,0.391,0.608,6,-4.433,1,0.0269,0.268,0.0,0.104,0.368,107.885,4,185866,False,De un Mundo Raro,7,Corazon Latino,F#,major,F# major
Julio Iglesias,1997-01-02,0.489,0.633,7,-4.993,1,0.0314,0.461,0.00165,0.138,0.866,119.437,4,218533,False,Sentado a Beira do Caminho,8,Corazon Latino,G,major,G major
Julio Iglesias,1997-01-02,0.586,0.54,3,-6.276,1,0.0535,0.442,0.0,0.0927,0.634,115.013,4,237200,False,Cuidado Amor,9,Corazon Latino,D#,major,D# major
Julio Iglesias,1997-01-02,0.37,0.536,2,-8.413,1,0.0343,0.697,9.69e-05,0.0914,0.445,121.01,4,220866,False,Niña,10,Corazon Latino,D,major,D major
Julio Iglesias,1997-01-02,0.34,0.567,0,-4.348,1,0.0283,0.259,1.18e-06,0.193,0.435,111.354,3,207333,False,Dieciséis Años,11,Corazon Latino,C,major,C major
Julio Iglesias,1997-01-02,0.573,0.643,4,-5.115,0,0.0499,0.68,0.0,0.432,0.739,130.827,4,171400,False,"A Veces Tú, a Veces Yo",12,Corazon Latino,E,minor,E minor
Julio Iglesias,1997-01-02,0.409,0.675,9,-4.865,1,0.0392,0.391,0.0,0.292,0.838,102.456,4,185173,False,Vivir,13,Corazon Latino,A,major,A major
Julio Iglesias,1997-01-02,0.301,0.437,4,-9.733,0,0.0434,0.844,0.423,0.559,0.209,73.593,3,195426,False,Feelings (En Directo),14,Corazon Latino,E,minor,E minor
Julio Iglesias,1997-01-02,0.378,0.578,5,-4.045,1,0.0262,0.127,0.0,0.102,0.583,101.285,4,219600,False,La Vida Sigue Igual,15,Corazon Latino,F,major,F major
Julio Iglesias,1997-01-02,0.273,0.503,2,-6.096,1,0.0293,0.294,1.19e-05,0.162,0.406,79.789,4,240133,False,Voy Siguiendo Mi Camino,16,Corazon Latino,D,major,D major
Julio Iglesias,1996-08-24,0.478,0.386,5,-8.078,0,0.0311,0.182,1.8e-05,0.277,0.372,121.3,5,154266,False,La Cumparsita,1,Tango,F,minor,F minor
Julio Iglesias,1996-08-24,0.314,0.202,3,-11.329,1,0.0331,0.838,0.00134,0.116,0.114,120.855,5,181293,False,El Dia Que Me Quieras,2,Tango,D#,major,D# major
Julio Iglesias,1996-08-24,0.492,0.319,2,-10.324,1,0.0391,0.474,2.51e-06,0.172,0.529,119.496,4,161333,False,A Media Luz,3,Tango,D,major,D major
Julio Iglesias,1996-08-24,0.358,0.339,2,-8.625,0,0.0329,0.763,2.85e-05,0.11,0.215,106.226,4,213106,False,Volver,4,Tango,D,minor,D minor
Julio Iglesias,1996-08-24,0.533,0.42,5,-6.352,1,0.0312,0.615,2.53e-06,0.122,0.36,120.627,4,163026,False,Yira...Yira,5,Tango,F,major,F major
Julio Iglesias,1996-08-24,0.469,0.48,4,-7.764,0,0.0638,0.77,0.0,0.16,0.447,121.189,4,167573,False,Mano A Mano,6,Tango,E,minor,E minor
Julio Iglesias,1996-08-24,0.528,0.483,4,-8.099,1,0.0466,0.57,1.63e-06,0.157,0.406,119.473,4,166466,False,El Choclo,7,Tango,E,major,E major
Julio Iglesias,1996-08-24,0.603,0.305,0,-10.574,1,0.0352,0.651,0.000231,0.106,0.516,120.021,4,185226,False,"Adios, Pampa Mia",8,Tango,C,major,C major
Julio Iglesias,1996-08-24,0.505,0.4,3,-9.258,1,0.0463,0.334,0.0,0.158,0.461,118.605,4,169466,False,Cambalache,9,Tango,D#,major,D# major
Julio Iglesias,1996-08-24,0.27,0.29,0,-8.476,1,0.0366,0.838,4.69e-05,0.222,0.176,168.331,5,171640,False,!Uno! . . .,10,Tango,C,major,C major
Julio Iglesias,1996-08-24,0.469,0.285,2,-8.761,1,0.0312,0.527,7.96e-05,0.151,0.344,114.363,5,147266,False,Caminito,11,Tango,D,major,D major
Julio Iglesias,1996-08-24,0.386,0.261,9,-10.453,1,0.0565,0.754,0.0,0.111,0.174,169.716,5,159533,False,Mi Buenos Aires Querido,12,Tango,A,major,A major
Julio Iglesias,1995-11-16,0.501,0.326,2,-15.687,1,0.0312,0.623,0.016,0.128,0.0697,122.689,4,281200,False,La Carretera,1,La Carretera,D,major,D major
Julio Iglesias,1995-11-16,0.478,0.23,10,-14.452,1,0.0374,0.636,0.00278,0.115,0.055,113.652,4,233426,False,Cosas De La Vida,2,La Carretera,A#,major,A# major
Julio Iglesias,1995-11-16,0.712,0.511,8,-11.544,0,0.127,0.305,0.0,0.288,0.738,81.676,4,230000,False,Baila Morena,3,La Carretera,G#,minor,G# minor
Julio Iglesias,1995-11-16,0.679,0.545,0,-9.4,0,0.0298,0.393,0.000182,0.0767,0.31,121.499,4,216573,False,Derroche,4,La Carretera,C,minor,C minor
Julio Iglesias,1995-11-16,0.388,0.33,7,-13.23,1,0.0498,0.569,8.85e-05,0.117,0.107,138.42,5,206906,False,El Ultimo Verano,5,La Carretera,G,major,G major
Julio Iglesias,1995-11-16,0.629,0.869,7,-8.113,1,0.0355,0.0427,0.00148,0.0629,0.876,98.691,4,264533,False,"Agua Dulce, Agua Salá",6,La Carretera,G,major,G major
Julio Iglesias,1995-11-16,0.31,0.221,6,-14.712,0,0.0556,0.471,0.0101,0.263,0.102,171.683,5,254800,False,Sin Excusas Ni Rodeos,7,La Carretera,F#,minor,F# minor
Julio Iglesias,1995-11-16,0.36,0.4,11,-11.348,0,0.0851,0.583,0.0,0.122,0.4,81.092,3,164106,False,Mal De Amores,8,La Carretera,B,minor,B minor
Julio Iglesias,1995-11-16,0.628,0.628,7,-11.678,1,0.052,0.449,3.28e-06,0.213,0.362,94.802,4,247506,False,Rumbas (Medley),9,La Carretera,G,major,G major
Julio Iglesias,1995-11-16,0.513,0.379,8,-10.679,0,0.106,0.707,1.78e-06,0.143,0.427,81.013,3,191306,False,Vuela Alto,10,La Carretera,G#,minor,G# minor
Julio Iglesias,1995-11-16,0.537,0.333,2,-15.261,1,0.0329,0.642,0.00687,0.129,0.075,123.071,4,244160,False,Su Questa Strada (La Carretera),11,La Carretera,D,major,D major
Julio Iglesias,1994,0.435,0.179,5,-16.606,0,0.0328,0.811,0.0153,0.135,0.201,106.632,4,196000,False,Crazy,1,Crazy,F,minor,F minor
Julio Iglesias,1994,0.239,0.282,5,-13.067,1,0.0313,0.581,8.75e-06,0.118,0.097,94.518,4,185906,False,Let It Be Me (feat. Art Garfunkel),2,Crazy,F,major,F major
Julio Iglesias,1994,0.634,0.45,9,-14.342,0,0.0321,0.68,0.0,0.116,0.41,107.779,4,255693,False,Mammy Blue,3,Crazy,A,minor,A minor
Julio Iglesias,1994,0.477,0.265,5,-15.943,0,0.0286,0.854,0.0414,0.0752,0.175,82.912,4,263173,False,Fragile,4,Crazy,F,minor,F minor
Julio Iglesias,1994,0.832,0.627,4,-9.739,0,0.0316,0.484,0.00183,0.35,0.902,120.887,4,234906,False,Guajira / Oye Como Va,5,Crazy,E,minor,E minor
Julio Iglesias,1994,0.447,0.526,10,-8.064,1,0.0299,0.413,0.0,0.12,0.137,79.657,4,239640,False,When You Tell Me That You Love Me,6,Crazy,A#,major,A# major
Julio Iglesias,1994,0.445,0.357,1,-12.969,1,0.0411,0.734,4.11e-05,0.109,0.193,174.927,4,257866,False,I Keep Telling Myself,7,Crazy,C#,major,C# major
Julio Iglesias,1994,0.348,0.36,9,-13.244,1,0.0353,0.756,0.0,0.137,0.331,99.214,4,232493,False,Pelo Am Or De Uma Mulher (Por El Amor De Una Mujer) - Spanish,8,Crazy,A,major,A major
Julio Iglesias,1994,0.209,0.238,4,-11.382,0,0.0313,0.759,6.41e-05,0.107,0.041,171.481,4,348893,False,Caruso - Spanish,9,Crazy,E,minor,E minor
Julio Iglesias,1994,0.32,0.398,2,-12.876,1,0.0381,0.44,1.04e-05,0.232,0.243,123.635,4,278466,False,Song Of Joy - English,10,Crazy,D,major,D major
Julio Iglesias,1994,0.38,0.396,2,-10.434,1,0.0366,0.563,0.0,0.0799,0.285,97.313,4,239133,False,Dizem Que Os Homens Não Devem Chorar (Los Hombres No Deben Llorar) - Portuguese,1,Ao Meu Brasil,D,major,D major
Julio Iglesias,1994,0.62,0.794,11,-8.507,0,0.0456,0.0509,0.00101,0.086,0.662,91.054,4,308933,False,Mal Acostumada,2,Ao Meu Brasil,B,minor,B minor
Julio Iglesias,1994,0.619,0.611,0,-8.149,0,0.0286,0.388,5.67e-05,0.119,0.348,122.045,4,215400,False,História De Amor (Derroche),3,Ao Meu Brasil,C,minor,C minor
Julio Iglesias,1994,0.307,0.194,2,-13.086,1,0.0294,0.752,1.38e-06,0.207,0.0981,102.906,4,180866,False,Se Um Dia Fores Minha (El Día Que Me Quieras) - Portuguese,4,Ao Meu Brasil,D,major,D major
Julio Iglesias,1994,0.488,0.372,2,-13.082,1,0.036,0.578,0.0308,0.131,0.0745,122.803,4,296133,False,A ESTRADA (La Carretera) - Portuguese,5,Ao Meu Brasil,D,major,D major
Julio Iglesias,1994,0.663,0.581,10,-7.359,1,0.0328,0.211,0.0,0.184,0.516,113.028,4,186440,False,Jogue Para Mim A Culpa (Échame A Mí La Culpa) - Portuguese,6,Ao Meu Brasil,A#,major,A# major
Julio Iglesias,1994,0.766,0.816,2,-5.597,1,0.0359,0.288,0.0,0.0828,0.887,126.032,4,215600,False,Viver A Vida (Gozar La Vida) (Duo com Daniel),7,Ao Meu Brasil,D,major,D major
Julio Iglesias,1994,0.359,0.393,4,-9.589,1,0.043,0.574,0.0,0.139,0.442,94.742,4,273093,False,Dois Amigos (featuring with Zezé di Camargo & Luciano) (feat. Zezé Di Camargo & Luciano),8,Ao Meu Brasil,E,major,E major
Julio Iglesias,1994,0.638,0.929,2,-6.678,1,0.0422,0.0668,0.000429,0.0841,0.76,100.19,4,265706,False,"Água Doce, Água Do Mar (Agua Dulce, Agua Salá) - Portuguese",9,Ao Meu Brasil,D,major,D major
Julio Iglesias,1994,0.724,0.778,2,-5.873,1,0.146,0.493,1.56e-05,0.179,0.63,86.942,4,249760,False,Vida (Vida) - Portuguese,10,Ao Meu Brasil,D,major,D major
Julio Iglesias,1994,0.5,0.433,7,-9.477,0,0.0586,0.649,0.0,0.176,0.383,80.78,3,201706,False,"Voa Amigo, Voa Alto (Vuela Alto) - Portuguese",11,Ao Meu Brasil,G,minor,G minor
Julio Iglesias,1994,0.437,0.403,9,-10.945,1,0.0303,0.75,1.11e-06,0.119,0.353,99.753,4,232666,False,Pelo Amor De Uma Mulher (Por El Amor De Una Mujer),12,Ao Meu Brasil,A,major,A major
Julio Iglesias,1994,0.499,0.367,7,-11.914,0,0.0302,0.547,0.000712,0.129,0.211,116.784,4,219373,False,"Cançao Do Mar (Meu Brasil, Meu Portugal) - Portuguese",13,Ao Meu Brasil,G,minor,G minor
Julio Iglesias,1993-09-25,0.518,0.728,2,-6.7,0,0.0461,0.0253,5.68e-06,0.086,0.609,130.066,4,242960,False,Don Quichotte,1,Et L' Amour Crea La Femme,D,minor,D minor
Julio Iglesias,1993-09-25,0.432,0.413,7,-11.459,1,0.0451,0.501,0.0,0.161,0.387,91.974,4,215306,False,Les sourires de mes souvenirs (Momentos),2,Et L' Amour Crea La Femme,G,major,G major
Julio Iglesias,1993-09-25,0.546,0.747,1,-7.871,1,0.078,0.102,0.000143,0.117,0.796,104.676,4,202093,False,"Amor, amor, amor",3,Et L' Amour Crea La Femme,C#,major,C# major
Julio Iglesias,1993-09-25,0.337,0.475,1,-7.592,1,0.0614,0.585,2.01e-05,0.181,0.417,113.515,4,255173,False,Dabord et puis,4,Et L' Amour Crea La Femme,C#,major,C# major
Julio Iglesias,1993-09-25,0.703,0.769,5,-8.087,1,0.0394,0.302,0.000342,0.0851,0.929,87.43,4,211266,False,C'est bon tout ça,5,Et L' Amour Crea La Femme,F,major,F major
Julio Iglesias,1993-09-25,0.615,0.708,9,-7.891,1,0.0494,0.451,0.0,0.198,0.548,106.746,4,217133,False,Et l'amour créa la femme (Si el Amor Llama a Tu Puerta),6,Et L' Amour Crea La Femme,A,major,A major
Julio Iglesias,1993-09-25,0.383,0.429,0,-8.803,0,0.0271,0.514,7.04e-05,0.367,0.247,106.121,4,236693,False,Nostalgie (Nathalie),7,Et L' Amour Crea La Femme,C,minor,C minor
Julio Iglesias,1993-09-25,0.515,0.516,6,-7.017,0,0.0349,0.531,0.0,0.077,0.263,111.819,4,204600,False,L' amour fragile,8,Et L' Amour Crea La Femme,F#,minor,F# minor
Julio Iglesias,1993-09-25,0.45,0.545,10,-7.564,1,0.0365,0.216,5.78e-06,0.167,0.45,101.778,4,229866,False,Ne me parle plus d'amour (No Me Vuelvo a Enamorar),9,Et L' Amour Crea La Femme,A#,major,A# major
Julio Iglesias,1993-09-25,0.659,0.73,1,-7.518,1,0.116,0.459,0.0,0.117,0.5,90.776,4,223440,False,Oh la la amour,10,Et L' Amour Crea La Femme,C#,major,C# major
Julio Iglesias,1992-09-15,0.501,0.42,6,-12.017,1,0.036,0.457,0.0,0.189,0.811,113.563,4,257826,False,Wenn Ein Schiff Vorüberfährt (Un Canto A Galicia),1,Schenk Mir Deine Liebe,F#,major,F# major
Julio Iglesias,1992-09-15,0.524,0.46,7,-12.638,1,0.0328,0.171,1.08e-05,0.247,0.78,120.732,4,211026,False,Du bist die Sonne in meinen Augen (Sentado a Beira do Caminho),2,Schenk Mir Deine Liebe,G,major,G major
Julio Iglesias,1992-09-15,0.474,0.585,2,-10.977,1,0.0356,0.718,1.75e-06,0.442,0.623,125.693,4,243200,False,Quiereme Mucho - Yours,3,Schenk Mir Deine Liebe,D,major,D major
Julio Iglesias,1992-09-15,0.482,0.465,5,-12.248,1,0.0762,0.518,0.0,0.0949,0.775,119.12,4,165360,False,"Meine Liebe, Die Findet Zu Dir (Mi Amor Es Mas Joven Que Yo)",4,Schenk Mir Deine Liebe,F,major,F major
Julio Iglesias,1992-09-15,0.568,0.474,4,-11.158,1,0.0448,0.625,0.0,0.268,0.8,116.856,4,184533,False,Er War Ja Nur Ein Ziguener (Seguire MI Camino),5,Schenk Mir Deine Liebe,E,major,E major
Julio Iglesias,1992-09-15,0.396,0.494,2,-12.85,1,0.0532,0.247,0.0,0.104,0.559,80.896,4,185373,False,"Kein Addio, Kein Goodbye",6,Schenk Mir Deine Liebe,D,major,D major
Julio Iglesias,1992-09-15,0.617,0.45,4,-10.944,1,0.0286,0.788,0.0,0.103,0.627,98.845,4,259706,False,Alle Liebe Dieser Erde,7,Schenk Mir Deine Liebe,E,major,E major
Julio Iglesias,1992-09-15,0.375,0.527,4,-10.373,1,0.0488,0.342,0.0,0.26,0.884,119.633,4,202693,False,Und Das Meer Singt Sein Lied (Cantandole Al Mar),8,Schenk Mir Deine Liebe,E,major,E major
Julio Iglesias,1992-09-15,0.424,0.358,2,-12.667,1,0.0311,0.616,0.0,0.194,0.332,112.906,4,207200,False,Schenk MIr Deine Liebe,9,Schenk Mir Deine Liebe,D,major,D major
Julio Iglesias,1992-09-15,0.411,0.358,0,-9.834,1,0.0313,0.248,0.025,0.112,0.662,95.169,3,172200,False,Du In Deiner Welt (Rio Rebelde),10,Schenk Mir Deine Liebe,C,major,C major
Julio Iglesias,1992-09-15,0.432,0.396,0,-10.369,1,0.0405,0.749,9.82e-05,0.156,0.595,123.519,4,287866,False,Me Olvide De Vivir,11,Schenk Mir Deine Liebe,C,major,C major
Julio Iglesias,1992-09-15,0.436,0.298,8,-11.096,1,0.0291,0.666,6.16e-05,0.088,0.486,108.755,4,208026,False,Cu-Cu-Rru-Cu-Cu Paloma,12,Schenk Mir Deine Liebe,G#,major,G# major
Julio Iglesias,1992-09-15,0.595,0.429,4,-12.662,0,0.0568,0.658,0.0,0.443,0.803,130.488,4,168706,False,"A Veces Tu, A Veces Yo",13,Schenk Mir Deine Liebe,E,minor,E minor
Julio Iglesias,1992-09-15,0.557,0.743,5,-9.914,1,0.0838,0.558,0.0,0.649,0.812,89.983,4,228360,False,Ich Schick' Dir Eine Weisse Wolke,14,Schenk Mir Deine Liebe,F,major,F major
Julio Iglesias,1992-09-15,0.563,0.479,5,-10.856,1,0.0402,0.767,0.0,0.0827,0.813,128.26,4,191200,False,Komm Wieder Madonna,15,Schenk Mir Deine Liebe,F,major,F major
Julio Iglesias,1992-09-15,0.569,0.455,6,-10.919,1,0.0342,0.802,2.25e-05,0.275,0.811,113.322,4,252866,False,Un Canto a Galicia,16,Schenk Mir Deine Liebe,F#,major,F# major
Julio Iglesias,1992-04-05,0.639,0.637,2,-13.353,1,0.0865,0.398,4.03e-06,0.162,0.354,100.076,4,244666,False,Milonga (Medley) - Spanish,1,Calor,D,major,D major
Julio Iglesias,1992-04-05,0.314,0.169,1,-16.547,0,0.0364,0.785,0.00049,0.296,0.118,140.077,4,239533,False,Lia,2,Calor,C#,minor,C# minor
Julio Iglesias,1992-04-05,0.529,0.474,8,-16.871,1,0.0513,0.0786,0.00225,0.396,0.175,92.003,4,263466,False,A Caña Y A Care (America),3,Calor,G#,major,G# major
Julio Iglesias,1992-04-05,0.369,0.325,8,-13.252,1,0.0319,0.595,0.0,0.115,0.212,103.218,4,246826,False,La Quiero Como Es,4,Calor,G#,major,G# major
Julio Iglesias,1992-04-05,0.547,0.344,2,-15.799,1,0.0412,0.161,4.39e-06,0.344,0.316,136.005,3,200826,False,De Domingo a Domingo,5,Calor,D,major,D major
Julio Iglesias,1992-04-05,0.281,0.141,1,-19.487,1,0.0497,0.837,1.68e-05,0.0854,0.118,176.158,5,277306,False,Uno,6,Calor,C#,major,C# major
Julio Iglesias,1992-04-05,0.459,0.289,0,-14.276,1,0.0367,0.752,0.0,0.0885,0.149,82.901,3,228733,False,Y Aunque Te Haga Calor,7,Calor,C,major,C major
Julio Iglesias,1992-04-05,0.698,0.538,10,-19.434,0,0.0457,0.0131,0.0241,0.105,0.857,90.107,4,214733,False,Me Ama Mo,8,Calor,A#,minor,A# minor
Julio Iglesias,1992-04-05,0.497,0.177,2,-20.894,0,0.0289,0.721,0.000923,0.194,0.374,99.62,4,223906,False,Somos,9,Calor,D,minor,D minor
Julio Iglesias,1992-04-05,0.517,0.34,3,-17.08,1,0.04,0.363,0.0,0.281,0.313,97.122,4,223533,False,Esos Amores,10,Calor,D#,major,D# major
Julio Iglesias,1990-05-14,0.647,0.537,7,-14.766,0,0.0974,0.52,0.0,0.227,0.594,96.083,4,179440,False,Pauvres diables,1,Julio,G,minor,G minor
Julio Iglesias,1990-05-14,0.536,0.63,7,-12.706,0,0.178,0.65,1.26e-06,0.328,0.93,128.85,4,147400,False,Ne t'en vas pas je t'aime (Si Mi Lasci No Vale),2,Julio,G,minor,G minor
Julio Iglesias,1990-05-14,0.61,0.516,6,-13.338,1,0.0851,0.487,0.0,0.0687,0.484,120.172,4,254040,False,Ma chance et ma chanson (La Nave Del Olvido),3,Julio,F#,major,F# major
Julio Iglesias,1990-05-14,0.306,0.187,7,-17.177,0,0.0546,0.652,3.34e-06,0.0904,0.0711,88.2,4,210960,False,Viens m'embrasser (Abrázame),4,Julio,G,minor,G minor
Julio Iglesias,1990-05-14,0.532,0.387,2,-14.606,1,0.0345,0.0854,0.0,0.22,0.378,103.515,4,298626,False,Il faut toujours un perdant (Hey),5,Julio,D,major,D major
Julio Iglesias,1990-05-14,0.531,0.334,4,-15.202,1,0.0388,0.598,1.41e-06,0.103,0.738,125.375,4,206226,False,Manuela,6,Julio,E,major,E major
Julio Iglesias,1990-05-14,0.437,0.339,2,-13.382,0,0.0418,0.594,0.0,0.175,0.524,120.397,4,177200,False,J'ai besoin d'un peu d'amour (Por Un Poco De Tu Amor),7,Julio,D,minor,D minor
Julio Iglesias,1990-05-14,0.485,0.397,4,-13.114,1,0.0437,0.658,0.0,0.517,0.857,123.039,4,191533,False,Fidele (Amantes),8,Julio,E,major,E major
Julio Iglesias,1990-05-14,0.432,0.381,5,-12.985,0,0.0472,0.316,0.0,0.546,0.427,107.92,4,208773,False,Je n'ai pas changé (No Vengo Ni Voy),9,Julio,F,minor,F minor
Julio Iglesias,1990-05-14,0.434,0.346,10,-13.888,1,0.0379,0.512,1.65e-05,0.0827,0.449,101.657,4,229240,False,Ne me parle plus d'amour (No Me Vuelvo a Enamorar),10,Julio,A#,major,A# major
Julio Iglesias,1990-05-14,0.741,0.763,2,-12.331,1,0.295,0.585,0.0,0.285,0.785,102.897,4,171106,False,Une nuit de carnaval (Paloma Blanca),11,Julio,D,major,D major
Julio Iglesias,1990-05-14,0.553,0.441,4,-12.447,0,0.0938,0.745,1.72e-06,0.389,0.672,132.217,4,179666,False,"Le monde est fou, le monde est beau (A Veces Tu A Veces Yo)",12,Julio,E,minor,E minor
Julio Iglesias,1990-05-14,0.542,0.411,0,-16.677,1,0.103,0.443,0.0,0.135,0.813,90.456,4,233200,False,Sentimental (Un Sentimental),13,Julio,C,major,C major
Julio Iglesias,1990-05-14,0.443,0.423,5,-12.022,1,0.0537,0.533,0.0,0.531,0.562,124.882,4,222693,False,A Flor De Piel,14,Julio,F,major,F major
Julio Iglesias,1990-05-14,0.29,0.439,0,-11.666,0,0.0338,0.693,0.000705,0.409,0.518,107.44,4,192933,False,J'ai besoin de toi (Cada Dia Mas),15,Julio,C,minor,C minor
Julio Iglesias,1990-05-14,0.495,0.331,5,-14.345,0,0.0407,0.554,4.28e-05,0.0882,0.519,112.849,4,211866,False,Quand tu n'es plus là (Caminito),16,Julio,F,minor,F minor
Julio Iglesias,1990-05-14,0.498,0.624,2,-12.175,1,0.0392,0.0771,4.05e-06,0.166,0.75,121.87,4,231173,False,Ou Est Passee Ma Boheme ? (Quiereme Mucho),17,Julio,D,major,D major
Julio Iglesias,1990-05-14,0.597,0.572,9,-14.506,1,0.0765,0.317,0.0,0.132,0.601,104.131,4,209373,False,Souriez madame (Con una Pinta Asi),18,Julio,A,major,A major
Julio Iglesias,1990-05-14,0.452,0.311,9,-12.882,1,0.0381,0.509,0.0,0.291,0.348,104.057,4,229800,False,Por El Amor De Una Mujer,19,Julio,A,major,A major
Julio Iglesias,1990-05-14,0.573,0.423,6,-12.084,1,0.0338,0.799,6.3e-06,0.262,0.783,113.288,4,253000,False,Un Canto a Galicia,20,Julio,F#,major,F# major
Julio Iglesias,1990,0.406,0.278,5,-14.578,1,0.0289,0.743,3.94e-05,0.113,0.0657,95.959,4,202066,False,Can't Help Falling In Love,1,Starry Night,F,major,F major
Julio Iglesias,1990,0.558,0.247,0,-17.029,1,0.026,0.855,0.00361,0.101,0.239,97.87,4,193160,False,And I Love Her,2,Starry Night,C,major,C major
Julio Iglesias,1990,0.349,0.203,3,-15.894,1,0.0345,0.86,0.00123,0.116,0.138,128.988,4,237373,False,Mona Lisa,3,Starry Night,D#,major,D# major
Julio Iglesias,1990,0.296,0.242,5,-13.506,1,0.0312,0.798,6.93e-06,0.143,0.0954,106.308,3,209693,False,Cryin' Time,4,Starry Night,F,major,F major
Julio Iglesias,1990,0.319,0.22,1,-14.652,0,0.0536,0.862,2.31e-06,0.111,0.102,83.085,3,190306,False,Yesterday When I Was Young,5,Starry Night,C#,minor,C# minor
Julio Iglesias,1990,0.578,0.371,9,-11.341,1,0.0355,0.486,0.0,0.112,0.116,110.85,3,257933,False,When I Need You,6,Starry Night,A,major,A major
Julio Iglesias,1990,0.559,0.465,10,-16.065,1,0.0321,0.759,0.0651,0.119,0.306,96.714,4,249533,False,99 Miles from L.A.,7,Starry Night,A#,major,A# major
Julio Iglesias,1990,0.31,0.133,5,-17.574,1,0.0327,0.815,3.25e-06,0.0644,0.234,94.584,3,258066,False,Vincent (Starry Night),8,Starry Night,F,major,F major
Julio Iglesias,1990,0.328,0.118,11,-16.196,0,0.0409,0.734,3.25e-05,0.129,0.111,114.238,0,214040,False,If You Go Away,9,Starry Night,B,minor,B minor
Julio Iglesias,1990,0.54,0.321,4,-13.855,1,0.0317,0.749,8.52e-05,0.109,0.141,91.002,4,205733,False,Love Has Been a Friend to Me,10,Starry Night,E,major,E major
Julio Iglesias,1989-04-25,0.363,0.453,0,-16.916,0,0.0345,0.129,0.000137,0.065,0.274,104.384,4,433960,False,Latino,1,Raices,C,minor,C minor
Julio Iglesias,1989-04-25,0.567,0.749,4,-12.703,0,0.0522,0.0633,0.0,0.122,0.644,103.076,4,279373,False,Caballo Viejo/Bamboleo,2,Raices,E,minor,E minor
Julio Iglesias,1989-04-25,0.458,0.467,10,-15.208,1,0.0449,0.335,0.0,0.266,0.561,126.975,4,555066,False,Mexico,3,Raices,A#,major,A# major
Julio Iglesias,1989-04-25,0.345,0.623,7,-16.591,1,0.0491,0.03,0.00404,0.16,0.401,103.624,4,431600,False,Brasil,4,Raices,G,major,G major
Julio Iglesias,1989-04-25,0.355,0.399,0,-16.509,1,0.0354,0.0987,2.44e-06,0.285,0.41,97.783,4,376333,False,Italia,5,Raices,C,major,C major
Julio Iglesias,1989-04-25,0.258,0.474,1,-16.976,1,0.0524,0.199,4.14e-06,0.0799,0.222,95.225,4,323600,False,Francia,6,Raices,C#,major,C# major
Julio Iglesias,1988-04-23,0.503,0.338,7,-13.734,1,0.0263,0.257,2.98e-05,0.21,0.323,67.018,4,241600,False,Love Is On Our Side Again,1,Non Stop,G,major,G major
Julio Iglesias,1988-04-23,0.421,0.361,9,-16.801,1,0.031,0.267,0.0133,0.135,0.505,84.127,4,231626,False,I Know It's Over,2,Non Stop,A,major,A major
Julio Iglesias,1988-04-23,0.29,0.233,7,-16.155,1,0.0316,0.604,1e-06,0.123,0.134,152.982,4,243200,False,"Never, Never, Never",3,Non Stop,G,major,G major
Julio Iglesias,1988-04-23,0.6,0.628,2,-13.132,1,0.0302,0.0145,0.00135,0.19,0.753,113.073,4,250866,False,"Ae, Ao",4,Non Stop,D,major,D major
Julio Iglesias,1988-04-23,0.257,0.405,0,-14.978,1,0.0341,0.297,2.26e-06,0.0426,0.151,72.621,3,277800,False,Words And Music,5,Non Stop,C,major,C major
Julio Iglesias,1988-04-23,0.491,0.405,6,-12.947,1,0.0299,0.336,1.5e-06,0.0331,0.287,128.413,4,340760,False,My Love,6,Non Stop,F#,major,F# major
Julio Iglesias,1988-04-23,0.577,0.383,2,-17.0,0,0.0315,0.243,0.0335,0.324,0.293,87.283,4,243573,False,Everytime We Fall In Love,7,Non Stop,D,minor,D minor
Julio Iglesias,1988-04-23,0.638,0.596,10,-13.822,1,0.044,0.203,0.0242,0.0606,0.961,79.934,4,251333,False,Too Many Women,8,Non Stop,A#,major,A# major
Julio Iglesias,1988-04-23,0.401,0.345,1,-13.937,1,0.0362,0.324,0.0,0.124,0.216,136.022,4,225800,False,If I Ever Needed You (I Need You Now),9,Non Stop,C#,major,C# major
Julio Iglesias,1987-10-23,0.481,0.23,8,-19.746,1,0.0393,0.488,0.0,0.286,0.212,76.678,4,256760,False,Lo Mejor De Tu Vida,1,Un Hombre Solo,G#,major,G# major
Julio Iglesias,1987-10-23,0.638,0.369,1,-18.768,1,0.0423,0.452,1.04e-06,0.0674,0.6,112.832,4,320026,False,Todo el Amor Que Te Hache Falta,2,Un Hombre Solo,C#,major,C# major
Julio Iglesias,1987-10-23,0.429,0.179,4,-20.958,0,0.0521,0.714,5.5e-06,0.0922,0.201,75.386,4,212240,False,Intentando Otra Vez Enamorarte,3,Un Hombre Solo,E,minor,E minor
Julio Iglesias,1987-10-23,0.332,0.278,7,-19.265,0,0.0304,0.157,0.0,0.132,0.304,103.798,4,228066,False,Procura Hablarle Tu,4,Un Hombre Solo,G,minor,G minor
Julio Iglesias,1987-10-23,0.491,0.394,2,-17.751,0,0.045,0.203,1.52e-06,0.104,0.633,147.028,3,265840,False,Que No Se Rompa La Noche,5,Un Hombre Solo,D,minor,D minor
Julio Iglesias,1987-10-23,0.377,0.225,10,-19.53,1,0.0418,0.305,0.0,0.101,0.154,146.961,4,232266,False,Un Hombre Solo,6,Un Hombre Solo,A#,major,A# major
Julio Iglesias,1987-10-23,0.56,0.383,9,-17.79,1,0.037,0.173,0.0,0.0842,0.343,111.09,4,295373,False,Te Voy A Dejar De Querer,7,Un Hombre Solo,A,major,A major
Julio Iglesias,1987-10-23,0.423,0.224,7,-18.974,1,0.0462,0.31,4.4e-05,0.108,0.04,91.91,4,230000,False,Evadiendome,8,Un Hombre Solo,G,major,G major
Julio Iglesias,1987-10-23,0.606,0.356,4,-16.733,0,0.041,0.225,0.0,0.116,0.311,110.949,4,206826,False,Alguien,9,Un Hombre Solo,E,minor,E minor
Julio Iglesias,1987-10-23,0.416,0.00691,1,-33.601,0,0.0374,0.972,0.00262,0.0809,0.299,136.714,4,103773,False,El Mar Que Llevo Dentro,10,Un Hombre Solo,C#,minor,C# minor
Julio Iglesias,1987-08-29,0.44,0.447,11,-13.885,0,0.0645,0.232,0.0,0.116,0.132,138.119,5,246226,False,Un Padre Come Me,1,Tutto L'Amore Che Ti Manca,B,minor,B minor
Julio Iglesias,1987-08-29,0.65,0.4,1,-16.172,1,0.0513,0.413,1.61e-06,0.0643,0.596,110.739,4,275000,False,Tutto L'Amore Che Ti Manca,2,Tutto L'Amore Che Ti Manca,C#,major,C# major
Julio Iglesias,1987-08-29,0.477,0.377,6,-14.797,1,0.0513,0.286,0.0,0.126,0.0781,135.909,4,268466,False,America,3,Tutto L'Amore Che Ti Manca,F#,major,F# major
Julio Iglesias,1987-08-29,0.426,0.276,7,-17.887,1,0.039,0.103,0.000378,0.118,0.0559,91.146,4,231933,False,Evadendomi,4,Tutto L'Amore Che Ti Manca,G,major,G major
Julio Iglesias,1987-08-29,0.545,0.484,11,-13.648,1,0.0507,0.119,0.0,0.132,0.343,118.625,4,197360,False,Il Miele In Corpo,5,Tutto L'Amore Che Ti Manca,B,major,B major
Julio Iglesias,1987-08-29,0.347,0.347,2,-16.659,0,0.0347,0.464,0.00293,0.202,0.211,87.34,4,241373,False,Se Mi Dai Una Mano Tu,6,Tutto L'Amore Che Ti Manca,D,minor,D minor
Julio Iglesias,1987-08-29,0.397,0.245,8,-16.308,1,0.0454,0.453,0.0,0.192,0.197,73.524,4,258533,False,Innocenza Selvaggia,7,Tutto L'Amore Che Ti Manca,G#,major,G# major
Julio Iglesias,1987-08-29,0.367,0.575,2,-13.164,1,0.0567,0.175,0.0,0.217,0.249,94.01,4,245333,False,Compagna Antagonista,8,Tutto L'Amore Che Ti Manca,D,major,D major
Julio Iglesias,1987-08-29,0.293,0.332,10,-15.267,1,0.0409,0.451,0.0,0.0937,0.161,145.868,4,232773,False,Un Uomo Solo,9,Tutto L'Amore Che Ti Manca,A#,major,A# major
Julio Iglesias,1987-08-29,0.575,0.36,9,-15.775,1,0.0403,0.181,0.0,0.102,0.28,109.846,4,248466,False,Se Vuoi Continuare Cosi,10,Tutto L'Amore Che Ti Manca,A,major,A major
Julio Iglesias,1985-10-23,0.345,0.407,2,-13.823,0,0.0378,0.685,0.000609,0.425,0.171,174.29,4,240933,False,"Ni Te Tengo, Ni Te Olvido",1,Libra,D,minor,D minor
Julio Iglesias,1985-10-23,0.609,0.402,7,-13.479,0,0.0451,0.802,7.63e-05,0.116,0.312,85.457,4,222933,False,Tu Y Yo,2,Libra,G,minor,G minor
Julio Iglesias,1985-10-23,0.633,0.764,0,-11.747,0,0.0745,0.0357,0.00427,0.192,0.568,118.728,4,241133,False,I've Got You Under My Skin,3,Libra,C,minor,C minor
Julio Iglesias,1985-10-23,0.459,0.318,7,-13.971,1,0.0569,0.785,0.0,0.107,0.184,80.016,4,224960,False,Dire,4,Libra,G,major,G major
Julio Iglesias,1985-10-23,0.613,0.586,1,-12.464,1,0.0279,0.117,0.000711,0.0718,0.768,93.812,4,187693,False,Abril en Portugal (Coimbra),5,Libra,C#,major,C# major
Julio Iglesias,1985-10-23,0.591,0.415,10,-12.724,1,0.0388,0.11,2.9e-05,0.139,0.416,104.462,4,223400,False,Felicidades,6,Libra,A#,major,A# major
Julio Iglesias,1985-10-23,0.532,0.314,6,-14.545,0,0.0446,0.831,0.0,0.0923,0.179,110.329,4,189706,False,Esta Cobardia,7,Libra,F#,minor,F# minor
Julio Iglesias,1985-10-23,0.677,0.697,6,-10.504,1,0.0361,0.135,0.000649,0.0661,0.747,103.428,4,300160,False,Coracao Apaixonado,8,Libra,F#,major,F# major
Julio Iglesias,1985-10-23,0.553,0.307,2,-14.691,0,0.0382,0.594,0.000352,0.11,0.229,72.823,4,188373,False,"Ni Tu Gato Gris, Ni Tu Perro Fiel",9,Libra,D,minor,D minor
Julio Iglesias,1985-10-23,0.445,0.321,3,-13.152,1,0.0282,0.724,3.83e-05,0.278,0.247,93.852,4,217600,False,Todo y Nada,10,Libra,D#,major,D# major
Julio Iglesias,1984,0.505,0.339,10,-16.662,0,0.0293,0.529,0.0,0.146,0.528,85.949,4,241733,False,All of You (feat. Diana Ross),1,1100 Bel Air Place,A#,minor,A# minor
Julio Iglesias,1984,0.572,0.196,5,-19.047,0,0.0353,0.809,0.000211,0.064,0.191,110.212,4,259760,False,Two Lovers,2,1100 Bel Air Place,F,minor,F minor
Julio Iglesias,1984,0.649,0.484,5,-15.926,1,0.0581,0.504,1.36e-05,0.0913,0.654,90.578,4,230160,False,Bambou Medley: Il Tape Sur Des Bambous / Jamaica,3,1100 Bel Air Place,F,major,F major
Julio Iglesias,1984,0.207,0.304,7,-16.923,1,0.0329,0.612,4.22e-05,0.107,0.189,190.018,4,232440,False,The Air That I Breathe,4,1100 Bel Air Place,G,major,G major
Julio Iglesias,1984,0.421,0.244,11,-18.09,1,0.0383,0.744,0.0,0.127,0.18,68.4,4,216573,False,The Last Time,5,1100 Bel Air Place,B,major,B major
Julio Iglesias,1984,0.736,0.435,9,-15.466,1,0.0587,0.73,3.69e-05,0.0748,0.641,121.474,4,250093,False,Moonlight Lady,6,1100 Bel Air Place,A,major,A major
Julio Iglesias,1984,0.317,0.0747,5,-20.398,1,0.0305,0.899,0.000533,0.0792,0.11,89.383,4,208533,False,When I Fall in Love,7,1100 Bel Air Place,F,major,F major
Julio Iglesias,1984,0.677,0.633,2,-16.023,1,0.0526,0.259,0.00728,0.137,0.625,99.705,4,363826,False,"Me Va, Me Va",8,1100 Bel Air Place,D,major,D major
Julio Iglesias,1984,0.389,0.142,9,-21.315,0,0.0402,0.311,0.0019,0.119,0.0625,60.559,4,190000,False,If (E Poi),9,1100 Bel Air Place,A,minor,A minor
Julio Iglesias,1984,0.541,0.296,6,-18.169,1,0.0321,0.501,2.42e-06,0.0949,0.342,82.313,4,213960,False,To All the Girls I've Loved Before,10,1100 Bel Air Place,F#,major,F# major
Julio Iglesias,1983,0.302,0.414,0,-12.266,1,0.0383,0.713,0.000637,0.389,0.575,122.37,4,283733,False,Non Si Vive Cosi (Can't Live Like This),1,Julio,C,major,C major
Julio Iglesias,1983,0.451,0.676,1,-11.572,1,0.0731,0.331,1.37e-05,0.106,0.81,104.461,4,199466,False,Amor,2,Julio,C#,major,C# major
Julio Iglesias,1983,0.231,0.363,7,-13.27,0,0.0356,0.727,0.0,0.135,0.238,168.157,4,214693,False,Abracame (Wrap Your Arms Around Me),3,Julio,G,minor,G minor
Julio Iglesias,1983,0.464,0.695,2,-11.784,1,0.0482,0.0615,9.73e-05,0.2,0.689,122.841,4,232266,False,Ou Est Passee Ma Boheme? (Carefree Days),4,Julio,D,major,D major
Julio Iglesias,1983,0.512,0.651,0,-14.134,1,0.0578,0.238,0.0,0.213,0.532,119.114,4,281266,False,Begin the Beguine (Volver a Empezar),5,Julio,C,major,C major
Julio Iglesias,1983,0.533,0.426,2,-13.918,1,0.0297,0.324,0.0,0.201,0.387,104.171,4,228173,False,Hey,6,Julio,D,major,D major
Julio Iglesias,1983,0.375,0.301,0,-14.272,0,0.0292,0.738,1.98e-05,0.321,0.296,106.446,4,233666,False,Nostalgie (Nostalgia),7,Julio,C,minor,C minor
Julio Iglesias,1983,0.478,0.36,0,-13.913,1,0.0294,0.54,0.0,0.353,0.663,104.431,4,294440,False,La Paloma (The Dove),8,Julio,C,major,C major
Julio Iglesias,1983,0.518,0.488,7,-12.329,0,0.0378,0.67,0.0,0.0971,0.71,82.485,4,205333,False,Wo Bist Du (Where Are You),9,Julio,G,minor,G minor
Julio Iglesias,1983,0.346,0.318,0,-15.187,1,0.0333,0.614,0.0,0.128,0.422,105.104,4,197240,False,De Niña a Mujer (From Childhood to Womanhood),10,Julio,C,major,C major
Julio Iglesias,1983,0.331,0.542,2,-15.453,0,0.0496,0.0473,0.713,0.356,0.512,135.524,4,99640,False,Obertura (Overture) - Live,1,In Concert (Live),D,minor,D minor
Julio Iglesias,1983,0.362,0.459,10,-15.864,1,0.0618,0.232,1.6e-06,0.883,0.507,126.926,4,155960,False,Volver a Empezar (Begin the Beguine) - Live,2,In Concert (Live),A#,major,A# major
Julio Iglesias,1983,0.394,0.169,0,-19.068,1,0.0402,0.81,3.42e-05,0.409,0.338,98.878,4,240666,False,Pensami (Júrame) - Live,3,In Concert (Live),C,major,C major
Julio Iglesias,1983,0.586,0.524,0,-13.786,1,0.0849,0.619,0.0,0.648,0.511,102.874,4,163533,False,Vivir a Dos (Live Together),4,In Concert (Live),C,major,C major
Julio Iglesias,1983,0.371,0.124,7,-22.745,0,0.0508,0.839,0.000493,0.875,0.19,71.191,1,212266,False,"Grande, Grande, Grande, (Great, Great, Great) - Live",5,In Concert (Live),G,minor,G minor
Julio Iglesias,1983,0.289,0.111,5,-19.506,1,0.0522,0.778,2.18e-06,0.513,0.343,81.158,4,248733,False,Cantando a Francia (Singing to France): - Live,6,In Concert (Live),F,major,F major
Julio Iglesias,1983,0.506,0.107,6,-26.244,1,0.0645,0.682,0.000125,0.357,0.413,90.075,4,220893,False,Momentos (Moments) - Live,7,In Concert (Live),F#,major,F# major
Julio Iglesias,1983,0.403,0.119,9,-22.484,0,0.045,0.676,0.0,0.341,0.269,80.592,3,204666,False,"As Time Goes By (From the Motion Picture ""Casablanca"") (feat. Stephanie Spruill) - Live",8,In Concert (Live),A,minor,A minor
Julio Iglesias,1983,0.336,0.218,8,-17.355,1,0.0445,0.748,7.66e-05,0.509,0.324,93.156,4,381173,False,Cantando a Latino America (I) [Singing to Latin America Medley 1]: - Live,9,In Concert (Live),G#,major,G# major
Julio Iglesias,1983,0.369,0.198,7,-21.728,1,0.0506,0.531,9e-05,0.629,0.214,78.043,5,141933,False,Homenaje a Cole Porter (Homage to Cole Porter): - Live,10,In Concert (Live),G,major,G major
Julio Iglesias,1983,0.274,0.204,4,-19.796,0,0.0479,0.822,1.46e-05,0.637,0.181,76.384,4,203960,False,Feelings - Live,11,In Concert (Live),E,minor,E minor
Julio Iglesias,1983,0.334,0.224,2,-17.284,1,0.0451,0.59,0.000158,0.361,0.222,89.835,4,252000,False,Hey - Live,12,In Concert (Live),D,major,D major
Julio Iglesias,1983,0.28,0.307,11,-17.135,0,0.043,0.341,0.000426,0.393,0.247,108.217,4,187426,False,Nathalie - Live,13,In Concert (Live),B,minor,B minor
Julio Iglesias,1983,0.0762,0.0319,2,-34.828,0,0.0429,0.794,0.906,0.399,0.156,80.44,4,76160,False,Obertura (Overture) - Second - Live,1,In Concert (Live),D,minor,D minor
Julio Iglesias,1983,0.398,0.445,0,-16.283,0,0.0691,0.538,1.6e-05,0.374,0.529,133.357,4,226266,False,Quijote (Quixote) - Live,2,In Concert (Live),C,minor,C minor
Julio Iglesias,1983,0.373,0.257,3,-21.573,1,0.0797,0.617,4.84e-05,0.404,0.535,107.185,4,191906,False,Fidele (Amantes) - Live,3,In Concert (Live),D#,major,D# major
Julio Iglesias,1983,0.361,0.076,9,-26.63,1,0.0517,0.613,0.0,0.112,0.234,96.198,3,120293,False,De Nina a Mujer (From a Child to a Woman) - Live,4,In Concert (Live),A,major,A major
Julio Iglesias,1983,0.385,0.106,3,-32.863,1,0.0879,0.834,2.51e-06,0.173,0.424,88.176,3,100240,False,"Ou Est Passe Ma Boheme ""Quiereme Mucho"" (Carefree Days) (feat. Niña Vanessa) - Live",5,In Concert (Live),D#,major,D# major
Julio Iglesias,1983,0.434,0.3,7,-17.914,1,0.0649,0.683,6.44e-06,0.224,0.355,119.763,4,527973,False,Cantando a Latino America (II) [Singing to Latin America Medley]: - Live,6,In Concert (Live),G,major,G major
Julio Iglesias,1983,0.634,0.293,4,-24.172,1,0.0958,0.481,0.00105,0.121,0.72,90.161,4,127200,False,Samba de Minha Terra (Samba of My Land) - Live,7,In Concert (Live),E,major,E major
Julio Iglesias,1983,0.401,0.261,6,-19.936,1,0.0404,0.437,0.00172,0.714,0.303,113.994,4,203560,False,Un Canto Galicia (A Song to Galicia) - Live,8,In Concert (Live),F#,major,F# major
Julio Iglesias,1983,0.422,0.223,5,-20.938,1,0.0589,0.816,7.45e-06,0.377,0.289,70.264,3,106360,False,Quand Tu N'es Plus La (Caminito) [When You Are Not Here Anymore] - Live,9,In Concert (Live),F,major,F major
Julio Iglesias,1983,0.549,0.312,1,-22.444,1,0.056,0.579,7.03e-05,0.243,0.594,94.18,4,165133,False,Un Sentimental (A Sentimental) - Live,10,In Concert (Live),C#,major,C# major
Julio Iglesias,1983,0.341,0.152,9,-19.763,1,0.0511,0.704,4.05e-06,0.871,0.319,180.685,3,320706,False,Cantando a Mexico (Singing to Mexico): - Live,11,In Concert (Live),A,major,A major
Julio Iglesias,1983,0.304,0.189,0,-20.517,1,0.0495,0.204,0.00785,0.784,0.488,91.346,3,251093,False,Me Olvide de Vivir (! Forgot to Live),12,In Concert (Live),C,major,C major
Julio Iglesias,1983,0.489,0.402,7,-20.379,1,0.0836,0.37,0.0,0.189,0.479,100.789,4,100426,False,Paloma Blanca (White Dove) - Live,13,In Concert (Live),G,major,G major
Julio Iglesias,1982-08-29,0.507,0.725,7,-8.445,0,0.075,0.0168,5.19e-06,0.076,0.513,129.737,4,243226,False,Sono un vagabondo (Quijote),1,Momenti,G,minor,G minor
Julio Iglesias,1982-08-29,0.25,0.469,4,-10.45,1,0.0545,0.651,1.36e-05,0.377,0.291,173.746,4,248733,False,La donna che voglio,2,Momenti,E,major,E major
Julio Iglesias,1982-08-29,0.515,0.528,5,-8.949,0,0.0433,0.245,0.0,0.318,0.609,113.573,4,211773,False,Bella bella,3,Momenti,F,minor,F minor
Julio Iglesias,1982-08-29,0.357,0.427,7,-11.951,1,0.049,0.55,3.04e-06,0.123,0.275,90.541,4,215933,False,Momenti,4,Momenti,G,major,G major
Julio Iglesias,1982-08-29,0.468,0.691,1,-9.677,1,0.0868,0.0575,0.000194,0.169,0.543,105.089,4,204266,False,"Amor, amor, amor",5,Momenti,C#,major,C# major
Julio Iglesias,1982-08-29,0.307,0.493,0,-9.628,0,0.0293,0.42,0.0,0.367,0.255,107.0,4,237826,False,Nathalie,6,Momenti,C,minor,C minor
Julio Iglesias,1982-08-29,0.366,0.546,10,-9.437,1,0.0386,0.281,0.0,0.156,0.458,101.357,4,231106,False,Se l'amore se ne va,7,Momenti,A#,major,A# major
Julio Iglesias,1982-08-29,0.559,0.758,0,-10.011,1,0.0675,0.0564,0.0,0.26,0.48,118.472,4,262293,False,Venezia a Settembre,8,Momenti,C,major,C major
Julio Iglesias,1982-08-29,0.416,0.532,4,-11.995,0,0.0394,0.225,1.48e-05,0.438,0.203,102.096,4,218000,False,Avanti tutta (No soy de aquí),9,Momenti,E,minor,E minor
Julio Iglesias,1982-08-29,0.541,0.798,11,-9.073,0,0.117,0.578,0.0,0.341,0.603,101.843,4,198466,False,Arrangiati amore,10,Momenti,B,minor,B minor
Julio Iglesias,1982,0.354,0.191,0,-16.572,0,0.0304,0.669,1.08e-05,0.201,0.32,106.561,4,234893,False,Nathalie (Nathalie),1,Moments,C,minor,C minor
Julio Iglesias,1982,0.445,0.209,7,-16.498,1,0.0522,0.71,0.0,0.114,0.335,90.636,4,214160,False,Momentos,2,Moments,G,major,G major
Julio Iglesias,1982,0.484,0.326,0,-13.942,1,0.0297,0.418,0.0,0.256,0.59,104.213,4,294760,False,La Paloma (Traditional) (The Dove),3,Moments,C,major,C major
Julio Iglesias,1982,0.425,0.234,5,-16.075,1,0.0361,0.819,0.0,0.289,0.426,113.195,4,210640,False,Las Cosas Que Tiene La Vida (The Things Life Has),4,Moments,F,major,F major
Julio Iglesias,1982,0.517,0.557,1,-13.595,1,0.0774,0.247,3.03e-05,0.154,0.802,103.769,4,200400,False,Amor (Love),5,Moments,C#,major,C# major
Julio Iglesias,1982,0.555,0.383,2,-15.004,0,0.0409,0.156,0.0,0.0758,0.669,129.827,4,241240,False,Quijote (Quixote),6,Moments,D,minor,D minor
Julio Iglesias,1982,0.226,0.292,10,-15.994,1,0.0543,0.592,0.0,0.128,0.419,202.541,4,228760,False,No Me Vuelvo A Enamorar (I Won't Fall In Love Again),7,Moments,A#,major,A# major
Julio Iglesias,1982,0.664,0.498,0,-13.824,0,0.12,0.564,0.0,0.176,0.479,90.469,4,237866,False,Con la Misma Piedra,8,Moments,C,minor,C minor
Julio Iglesias,1982,0.437,0.278,4,-15.274,1,0.056,0.739,0.0,0.29,0.247,88.861,4,244133,False,Esa Mujer (That Woman),9,Moments,E,major,E major
Julio Iglesias,1982,0.605,0.422,9,-14.839,1,0.0555,0.714,0.0,0.113,0.594,106.762,4,216506,False,Si el Amor Llama a Tu Puerta,10,Moments,A,major,A major
Julio Iglesias,1981-09-25,0.501,0.438,2,-8.331,1,0.0331,0.371,0.0,0.164,0.28,103.191,4,300866,False,Mit Tranen in den Augen ist Man blind (Hey),1,Zartlichkeiten,D,major,D major
Julio Iglesias,1981-09-25,0.437,0.464,4,-8.446,0,0.046,0.52,0.0,0.409,0.254,99.018,4,222893,False,"Ich hab gelacht, Ich hab geweint",2,Zartlichkeiten,E,minor,E minor
Julio Iglesias,1981-09-25,0.352,0.504,2,-7.639,0,0.0484,0.617,0.0,0.388,0.52,75.621,5,174373,False,"Eine Rose, die nie welkt (Por un poco de tu amor)",3,Zartlichkeiten,D,minor,D minor
Julio Iglesias,1981-09-25,0.485,0.556,0,-7.715,1,0.0365,0.358,0.0,0.117,0.376,129.61,4,275626,False,"Amigo, Ich wollt' immer ein Adler sein (Gavilan o paloma)",4,Zartlichkeiten,C,major,C major
Julio Iglesias,1981-09-25,0.517,0.532,5,-7.634,1,0.0319,0.402,0.0,0.269,0.547,94.493,4,242066,False,Bleib bei Mir Bis zum Morgen (Para que no me olvides),5,Zartlichkeiten,F,major,F major
Julio Iglesias,1981-09-25,0.489,0.621,7,-6.498,0,0.0481,0.708,0.0,0.0906,0.572,82.077,4,211866,False,Wo bist Du (Como tu),6,Zartlichkeiten,G,minor,G minor
Julio Iglesias,1981-09-25,0.529,0.644,2,-8.034,1,0.0464,0.239,1.76e-06,0.263,0.589,122.252,4,234133,False,Du bist mein erster Gedanke,7,Zartlichkeiten,D,major,D major
Julio Iglesias,1981-09-25,0.578,0.833,0,-7.315,1,0.122,0.129,2.36e-06,0.191,0.542,118.379,4,285600,False,...Aber der Traum war sehr Schon (When They Begin the Beguine),8,Zartlichkeiten,C,major,C major
Julio Iglesias,1981-09-25,0.544,0.71,5,-8.471,1,0.0366,0.429,0.0,0.0745,0.652,101.095,4,203906,False,Wo mein Sonne scheint,9,Zartlichkeiten,F,major,F major
Julio Iglesias,1981-09-25,0.472,0.561,0,-7.204,1,0.0373,0.237,0.0,0.266,0.548,110.176,4,247093,False,Sie war da (Jurame),10,Zartlichkeiten,C,major,C major
Julio Iglesias,1981,0.441,0.259,0,-16.074,1,0.031,0.665,0.0,0.31,0.363,104.724,4,197893,False,De Nina A Mujer (From A Child To A Woman),1,From A Child To A Woman,C,major,C major
Julio Iglesias,1981,0.539,0.549,0,-16.089,1,0.0666,0.252,0.0,0.193,0.453,118.644,4,281360,False,Volver A Empezar (Begin the Beguine),2,From A Child To A Woman,C,major,C major
Julio Iglesias,1981,0.27,0.173,7,-19.277,1,0.0392,0.584,0.0,0.38,0.171,81.379,4,220333,False,Despues De Ti,3,From A Child To A Woman,G,major,G major
Julio Iglesias,1981,0.571,0.524,11,-14.057,0,0.0449,0.735,0.0,0.232,0.736,101.715,4,200800,False,Que Nadie Sepa Mi Sufrir,4,From A Child To A Woman,B,minor,B minor
Julio Iglesias,1981,0.543,0.43,5,-16.421,1,0.0335,0.604,3.26e-06,0.0857,0.685,100.843,4,197626,False,Isla En El Sol,5,From A Child To A Woman,F,major,F major
Julio Iglesias,1981,0.517,0.301,6,-16.208,0,0.0335,0.641,0.0,0.145,0.386,99.105,4,213960,False,O Me Quieres O Me Dejas (Devaneos) (Love Me Or Leave Me),6,From A Child To A Woman,F#,minor,F# minor
Julio Iglesias,1981,0.52,0.3,6,-17.542,0,0.0464,0.475,0.0,0.296,0.631,116.906,4,203800,False,Y Pensar...,7,From A Child To A Woman,F#,minor,F# minor
Julio Iglesias,1981,0.679,0.554,0,-13.147,1,0.0302,0.353,0.0,0.394,0.712,108.683,4,177493,False,"Si, Madame",8,From A Child To A Woman,C,major,C major
Julio Iglesias,1981,0.537,0.151,6,-20.825,1,0.0357,0.319,1.79e-06,0.145,0.436,99.487,4,226360,False,"Grande, Grande, Grande (Great, Great, Great)",9,From A Child To A Woman,F#,major,F# major
Julio Iglesias,1981,0.513,0.461,7,-15.182,0,0.0409,0.393,0.0,0.146,0.682,82.184,4,211000,False,Como Tu (Like You),10,From A Child To A Woman,G,minor,G minor
Julio Iglesias,1981,0.43,0.25,0,-17.067,1,0.029,0.702,0.0,0.383,0.413,104.387,4,198200,False,De Niña a Mujer,1,De Nina A Mujer,C,major,C major
Julio Iglesias,1981,0.487,0.514,0,-17.713,1,0.0734,0.217,0.0,0.115,0.397,118.644,4,282533,False,Volver a Empezar (Begin the Beguine),2,De Nina A Mujer,C,major,C major
Julio Iglesias,1981,0.339,0.191,2,-19.803,1,0.0358,0.609,0.0,0.365,0.177,79.484,4,221666,False,Despues De Ti,3,De Nina A Mujer,D,major,D major
Julio Iglesias,1981,0.497,0.475,11,-15.761,0,0.0407,0.724,0.0,0.226,0.694,101.384,4,202400,False,Que Nadie Sepa Mi Sufrir,4,De Nina A Mujer,B,minor,B minor
Julio Iglesias,1981,0.52,0.409,5,-17.667,1,0.0315,0.649,6.81e-06,0.131,0.679,100.902,4,200426,False,Isla en el Sol,5,De Nina A Mujer,F,major,F major
Julio Iglesias,1981,0.46,0.278,6,-19.318,0,0.0346,0.414,0.0,0.308,0.313,99.038,4,214600,False,O Me Quieres O Me Dejas,6,De Nina A Mujer,F#,minor,F# minor
Julio Iglesias,1981,0.461,0.257,6,-21.783,0,0.0413,0.319,5.97e-06,0.266,0.653,116.873,4,204960,False,Y Pensar...,7,De Nina A Mujer,F#,minor,F# minor
Julio Iglesias,1981,0.617,0.47,10,-16.673,1,0.0287,0.373,0.0,0.311,0.736,108.781,4,179133,False,"Si, Madame",8,De Nina A Mujer,A#,major,A# major
Julio Iglesias,1981,0.425,0.151,11,-23.248,1,0.0333,0.249,5.73e-05,0.162,0.365,99.562,4,227666,False,"Grande, Grande, Grande",9,De Nina A Mujer,B,major,B major
Julio Iglesias,1981,0.435,0.418,7,-18.123,0,0.0413,0.448,0.0,0.151,0.647,82.461,4,210706,False,Como Tú,10,De Nina A Mujer,G,minor,G minor
Julio Iglesias,1980,0.475,0.484,0,-11.494,1,0.0364,0.229,0.0,0.461,0.499,109.929,4,245826,False,C'est ma vie (Júrame),1,Sentimental,C,major,C major
Julio Iglesias,1980,0.492,0.645,1,-13.004,1,0.167,0.297,1.29e-06,0.329,0.637,104.692,4,206800,False,Elle (Morrinas),2,Sentimental,C#,major,C# major
Julio Iglesias,1980,0.419,0.381,11,-13.009,1,0.0496,0.61,0.0,0.361,0.595,122.255,4,238533,False,Je chante (Por Ella),3,Sentimental,B,major,B major
Julio Iglesias,1980,0.743,0.811,2,-10.915,1,0.318,0.508,0.0,0.287,0.739,102.909,4,170066,False,Une nuit de carnaval (Paloma Blanca),4,Sentimental,D,major,D major
Julio Iglesias,1980,0.613,0.545,6,-12.562,1,0.0932,0.448,0.0,0.102,0.452,120.222,4,259399,False,Ma Chance Et Ma Chanson (La Nave Del Olvido),5,Sentimental,F#,major,F# major
Julio Iglesias,1980,0.48,0.403,5,-11.379,0,0.0397,0.462,1.53e-05,0.116,0.479,112.834,4,211133,False,Quand Tu N'Es Plus Là (Caminito),6,Sentimental,F,minor,F minor
Julio Iglesias,1980,0.557,0.521,0,-13.339,1,0.109,0.405,0.0,0.173,0.816,90.019,4,232106,False,Un Sentimental (I Am Sentimental),7,Sentimental,C,major,C major
Julio Iglesias,1980,0.268,0.44,2,-12.723,1,0.052,0.0599,0.0,0.29,0.331,204.493,4,297506,False,Il faut toujours un perdant (Hey),8,Sentimental,D,major,D major
Julio Iglesias,1980,0.65,0.713,7,-11.388,1,0.0784,0.431,0.0,0.109,0.773,118.713,4,185506,False,Jolie (Pajaro Chogüi),9,Sentimental,G,major,G major
Julio Iglesias,1980,0.385,0.361,2,-12.417,0,0.0444,0.531,0.0,0.112,0.475,119.865,4,176573,False,J'ai besoin d'un peu d'amour (Por Un Poco De Tu Amor),10,Sentimental,D,minor,D minor
Julio Iglesias,1980,0.425,0.341,11,-15.991,1,0.0419,0.713,0.0,0.849,0.618,120.05,4,241800,False,Por Ella,1,Hey!,B,major,B major
Julio Iglesias,1980,0.542,0.417,4,-14.627,1,0.0441,0.614,0.0,0.401,0.82,122.746,4,191693,False,Amantes,2,Hey!,E,major,E major
Julio Iglesias,1980,0.5,0.572,1,-15.39,1,0.143,0.409,0.0,0.326,0.7,103.953,4,207266,False,Morriñas,3,Hey!,C#,major,C# major
Julio Iglesias,1980,0.435,0.314,9,-16.673,1,0.0364,0.271,7.64e-06,0.124,0.681,135.398,4,218160,False,Viejas Tradiciones (Old Traditions),4,Hey!,A,major,A major
Julio Iglesias,1980,0.709,0.521,5,-15.377,1,0.0365,0.52,0.000831,0.341,0.963,87.059,4,209426,False,Ron y Coca Cola,5,Hey!,F,major,F major
Julio Iglesias,1980,0.543,0.337,2,-15.481,1,0.037,0.307,0.0,0.242,0.334,103.454,4,298093,False,Hey,6,Hey!,D,major,D major
Julio Iglesias,1980,0.577,0.468,0,-15.617,1,0.128,0.313,0.0,0.381,0.755,90.023,4,239026,False,Un Sentimental (I Am Sentimental),7,Hey!,C,major,C major
Julio Iglesias,1980,0.708,0.607,2,-14.969,1,0.188,0.359,0.0,0.16,0.759,100.948,4,173426,False,Paloma Blanca,8,Hey!,D,major,D major
Julio Iglesias,1980,0.535,0.483,11,-14.287,0,0.0548,0.516,0.0,0.158,0.6,121.573,4,253160,False,La Nave Del Olvido (The Ship of Forgetfulness),9,Hey!,B,minor,B minor
Julio Iglesias,1980,0.633,0.6,7,-13.932,1,0.111,0.568,0.0,0.199,0.859,118.586,4,187000,False,Pajaro Chogüi,10,Hey!,G,major,G major
Julio Iglesias,1979-09-25,0.363,0.319,0,-13.719,1,0.0412,0.72,0.000115,0.16,0.603,115.788,4,290333,False,Me Olvide De Vivir,1,Emociones,C,major,C major
Julio Iglesias,1979-09-25,0.468,0.406,1,-12.827,1,0.0634,0.508,0.0,0.215,0.522,112.576,4,275933,False,Le mal de toi (Voy a Perder La Cabeza por Tu Amor),2,Emociones,C#,major,C# major
Julio Iglesias,1979-09-25,0.689,0.395,4,-14.566,0,0.0366,0.567,0.0,0.257,0.769,120.553,4,209360,False,Spanish Girl,3,Emociones,E,minor,E minor
Julio Iglesias,1979-09-25,0.623,0.605,7,-13.795,0,0.103,0.541,6.31e-06,0.755,0.607,96.203,4,172600,False,Pobre Diablo,4,Emociones,G,minor,G minor
Julio Iglesias,1979-09-25,0.609,0.679,7,-12.418,1,0.0427,0.265,0.0,0.0673,0.863,128.864,4,163040,False,"Quiereme - Baseada en las Danzas polovtsianas de ""el Principe Igor""",5,Emociones,G,major,G major
Julio Iglesias,1979-09-25,0.489,0.295,1,-15.227,1,0.0398,0.239,0.0,0.318,0.372,79.922,4,294040,False,Preguntale,6,Emociones,C#,major,C# major
Julio Iglesias,1979-09-25,0.49,0.451,2,-15.263,1,0.0363,0.708,1.76e-06,0.436,0.63,125.71,4,244506,False,Quiereme Mucho - Yours,7,Emociones,D,major,D major
Julio Iglesias,1979-09-25,0.666,0.536,0,-14.034,1,0.085,0.349,0.0,0.245,0.544,105.412,4,202773,False,Souriez madame (Con una Pinta Asi),8,Emociones,C,major,C major
Julio Iglesias,1979-09-25,0.447,0.317,5,-15.701,0,0.0459,0.541,0.0,0.463,0.452,107.436,4,204200,False,Chi mi aspettava non è più là (No Vengo Ni Voy),9,Emociones,F,minor,F minor
Julio Iglesias,1979-09-25,0.664,0.634,10,-13.297,0,0.145,0.472,0.0,0.122,0.887,128.34,4,180960,False,"Un Dia Tu, Un Dia Yo",10,Emociones,A#,minor,A# minor
Julio Iglesias,1979-09-17,0.304,0.382,0,-13.908,1,0.0376,0.794,0.000519,0.142,0.61,123.701,4,287933,False,Non si vive così (Me Olvide de Vivir),1,Innamorarsi Alla Mia Età,C,major,C major
Julio Iglesias,1979-09-17,0.42,0.543,11,-12.538,1,0.059,0.257,0.0,0.33,0.44,112.542,4,309560,False,Innamorarsi alla mia età (Innamorato alla mia età),2,Innamorarsi Alla Mia Età,B,major,B major
Julio Iglesias,1979-09-17,0.628,0.702,5,-12.727,0,0.0607,0.348,0.0,0.0917,0.653,96.47,4,178266,False,Quasi Un Santo - Italian Album Version,3,Innamorarsi Alla Mia Età,F,minor,F minor
Julio Iglesias,1979-09-17,0.386,0.418,9,-13.719,1,0.0323,0.477,1.63e-06,0.212,0.642,136.041,4,222600,False,La nostra buona educazione,4,Innamorarsi Alla Mia Età,A,major,A major
Julio Iglesias,1979-09-17,0.596,0.733,1,-13.31,1,0.221,0.189,0.000173,0.268,0.802,128.171,4,181240,False,Un giorno tu un giorno io - Italian Album Version,5,Innamorarsi Alla Mia Età,C#,major,C# major
Julio Iglesias,1979-09-17,0.35,0.467,2,-12.782,0,0.0565,0.581,0.0,0.539,0.483,121.976,4,168466,False,Se tornassi (Por un Poco de Tu Amor),6,Innamorarsi Alla Mia Età,D,minor,D minor
Julio Iglesias,1979-09-17,0.402,0.416,1,-13.208,1,0.0354,0.162,0.0,0.705,0.369,79.966,4,287560,False,A Meno Che - Italian Album Version,7,Innamorarsi Alla Mia Età,C#,major,C# major
Julio Iglesias,1979-09-17,0.405,0.723,2,-12.695,1,0.0483,0.0648,0.000102,0.234,0.703,122.723,4,257200,False,Quando si ama davvero - Italian Album Version,8,Innamorarsi Alla Mia Età,D,major,D major
Julio Iglesias,1979-09-17,0.432,0.469,5,-13.623,0,0.04,0.405,0.0,0.417,0.506,108.829,4,211040,False,Chi mi aspettava non è più là (No Vengo Ni Voy),9,Innamorarsi Alla Mia Età,F,minor,F minor
Julio Iglesias,1979-09-17,0.474,0.612,7,-12.721,0,0.0425,0.0415,0.0,0.167,0.761,82.229,4,214933,False,Amo Te - Italian Album Version,10,Innamorarsi Alla Mia Età,G,minor,G minor
Julio Iglesias,1979-08-03,0.637,0.573,7,-14.332,0,0.0894,0.486,0.0,0.433,0.573,96.175,4,178000,False,Pauvres diables,1,A Vous Les Femmes,G,minor,G minor
Julio Iglesias,1979-08-03,0.323,0.366,1,-14.065,1,0.0392,0.176,0.0,0.453,0.368,78.307,4,287866,False,L'amour c'est quoi? (Preguntale),2,A Vous Les Femmes,C#,major,C# major
Julio Iglesias,1979-08-03,0.465,0.371,9,-15.364,1,0.0369,0.223,0.0,0.304,0.597,135.472,4,210266,False,Les traditions,3,A Vous Les Femmes,A,major,A major
Julio Iglesias,1979-08-03,0.455,0.347,5,-14.864,0,0.0404,0.296,0.0,0.39,0.485,108.841,4,208840,False,Je n'ai pas changé (No Vengo Ni Voy),4,A Vous Les Femmes,F,minor,F minor
Julio Iglesias,1979-08-03,0.542,0.489,7,-12.977,0,0.0436,0.0991,0.0,0.0849,0.782,82.093,4,198333,False,Moi je t'aime (Summer Love),5,A Vous Les Femmes,G,minor,G minor
Julio Iglesias,1979-08-03,0.5,0.618,2,-12.654,1,0.0427,0.0704,3.63e-06,0.236,0.687,121.997,4,230840,False,Où est passée ma bohème (Quiereme Mucho),6,A Vous Les Femmes,D,major,D major
Julio Iglesias,1979-08-03,0.509,0.457,5,-12.54,0,0.0614,0.219,0.0,0.483,0.438,112.356,4,270693,False,Le mal de toi (Voy a Perder La Cabeza por Tu Amor),7,A Vous Les Femmes,F,minor,F minor
Julio Iglesias,1979-08-03,0.6,0.628,9,-13.917,1,0.0753,0.34,0.0,0.122,0.555,104.157,4,209373,False,Souriez madame (Con una Pinta Asi),8,A Vous Les Femmes,A,major,A major
Julio Iglesias,1979-08-03,0.413,0.291,3,-15.758,1,0.0348,0.539,0.0,0.0783,0.556,110.384,4,175466,False,Je l'aime encore (Donde Estaras),9,A Vous Les Femmes,D#,major,D# major
Julio Iglesias,1979-08-03,0.667,0.576,1,-14.158,1,0.193,0.32,0.000232,0.0614,0.78,127.878,4,181066,False,"Un jour c'est toi, un jour c'est moi (Give Me Your Love)",10,A Vous Les Femmes,C#,major,C# major
Julio Iglesias,1978-08-29,0.459,0.482,0,-12.405,1,0.0416,0.0862,6.03e-05,0.351,0.533,109.319,4,245760,False,Pensami (Júrame) - Live,1,"Sono Un Pirata, Sono Un Signore",C,major,C major
Julio Iglesias,1978-08-29,0.587,0.537,0,-11.598,1,0.033,0.203,0.0,0.341,0.643,99.019,4,180133,False,"Sono un pirata, sono un signore (Soy un Truhán, Soy un Señor)",2,"Sono Un Pirata, Sono Un Signore",C,major,C major
Julio Iglesias,1978-08-29,0.456,0.268,3,-17.861,1,0.0382,0.373,3.69e-06,0.116,0.556,109.338,4,183440,False,Dove Sarai - Italian Album Version,3,"Sono Un Pirata, Sono Un Signore",D#,major,D# major
Julio Iglesias,1978-08-29,0.445,0.407,0,-14.059,1,0.0391,0.5,0.0,0.0986,0.331,129.034,4,278826,False,Amigo - Italian Album Version,4,"Sono Un Pirata, Sono Un Signore",C,major,C major
Julio Iglesias,1978-08-29,0.224,0.338,7,-13.992,0,0.0434,0.524,5.92e-06,0.488,0.356,171.114,4,225226,False,Abbracciami,5,"Sono Un Pirata, Sono Un Signore",G,minor,G minor
Julio Iglesias,1978-08-29,0.508,0.31,5,-13.022,1,0.0288,0.298,0.0,0.366,0.496,94.129,4,246600,False,Restiamo ancora insieme (Para Que No Me Olvides),6,"Sono Un Pirata, Sono Un Signore",F,major,F major
Julio Iglesias,1978-08-29,0.355,0.251,4,-17.184,0,0.0382,0.565,0.000122,0.121,0.254,105.233,4,228973,False,33 Anni - Italian Album Version,7,"Sono Un Pirata, Sono Un Signore",E,minor,E minor
Julio Iglesias,1978-08-29,0.411,0.426,4,-12.935,1,0.0431,0.493,0.0,0.1,0.519,116.586,4,191933,False,Seguirò II Mio Cammino - Italian Album Version,8,"Sono Un Pirata, Sono Un Signore",E,major,E major
Julio Iglesias,1978-08-29,0.514,0.364,0,-13.028,0,0.0334,0.215,0.0,0.446,0.495,109.398,4,192440,False,Sono Sempre Io - Italian Album Version,9,"Sono Un Pirata, Sono Un Signore",C,minor,C minor
Julio Iglesias,1978-08-29,0.654,0.574,10,-17.562,0,0.0712,0.0305,0.00016,0.284,0.758,90.679,4,302493,False,Stai - Italian Album Version,10,"Sono Un Pirata, Sono Un Signore",A#,minor,A# minor
Julio Iglesias,1978-08-29,0.405,0.403,4,-14.348,1,0.037,0.409,0.000487,0.199,0.704,124.492,4,200800,False,Manuela - Italian,1,Da Manuela A Pensami,E,major,E major
Julio Iglesias,1978-08-29,0.372,0.343,6,-15.974,0,0.0396,0.758,0.0,0.148,0.391,119.159,4,186533,False,Da quando sei tornata,2,Da Manuela A Pensami,F#,minor,F# minor
Julio Iglesias,1978-08-29,0.47,0.32,2,-18.329,1,0.0412,0.723,4.55e-06,0.157,0.389,119.729,4,240773,False,Bimba,3,Da Manuela A Pensami,D,major,D major
Julio Iglesias,1978-08-29,0.359,0.39,5,-14.778,0,0.046,0.729,0.0,0.341,0.412,90.719,3,208973,False,Quella di sempre,4,Da Manuela A Pensami,F,minor,F minor
Julio Iglesias,1978-08-29,0.446,0.366,5,-14.436,0,0.0315,0.307,5.74e-05,0.113,0.688,112.33,4,213133,False,Caminito,5,Da Manuela A Pensami,F,minor,F minor
Julio Iglesias,1978-08-29,0.547,0.539,0,-14.374,1,0.2,0.117,0.0,0.357,0.775,109.928,4,184200,False,Se mi lasci non vale,6,Da Manuela A Pensami,C,major,C major
Julio Iglesias,1978-08-29,0.504,0.474,8,-13.856,1,0.0548,0.264,0.0,0.184,0.648,114.978,4,243293,False,A Eleonora perchè è un fiore,7,Da Manuela A Pensami,G#,major,G# major
Julio Iglesias,1978-08-29,0.441,0.478,1,-15.047,1,0.121,0.268,0.0,0.532,0.535,133.669,4,197533,False,Anima ribelle,8,Da Manuela A Pensami,C#,major,C# major
Julio Iglesias,1978-08-29,0.366,0.334,7,-14.139,1,0.035,0.637,0.0,0.172,0.323,120.156,4,215173,False,Non rimane che un addio,9,Da Manuela A Pensami,G,major,G major
Julio Iglesias,1978-08-29,0.282,0.295,2,-18.369,1,0.0339,0.0939,0.00198,0.29,0.29,103.382,4,217973,False,Solamente Una Vez,10,Da Manuela A Pensami,D,major,D major
Julio Iglesias,1978-08-29,0.558,0.505,0,-12.625,1,0.0314,0.343,0.0,0.362,0.729,98.998,4,180733,False,"Sono un pirata, sono un signore (Soy un Truhán, Soy un Señor)",11,Da Manuela A Pensami,C,major,C major
Julio Iglesias,1978-08-29,0.357,0.293,4,-15.451,1,0.0438,0.714,5.24e-05,0.11,0.323,116.718,4,225173,False,Un amore a matita,12,Da Manuela A Pensami,E,major,E major
Julio Iglesias,1978-08-29,0.502,0.278,5,-14.222,1,0.0282,0.468,0.0,0.211,0.579,94.013,4,246866,False,Restiamo ancora insieme (Para Que No Me Olvides),13,Da Manuela A Pensami,F,major,F major
Julio Iglesias,1978-08-29,0.369,0.309,9,-16.939,1,0.0735,0.601,0.0,0.221,0.182,105.858,4,223773,False,Passar di mano (Por el Amor e una Mujer),14,Da Manuela A Pensami,A,major,A major
Julio Iglesias,1978-08-29,0.553,0.477,5,-13.022,1,0.0349,0.199,0.0,0.216,0.669,116.018,4,228640,False,Guantanamera,15,Da Manuela A Pensami,F,major,F major
Julio Iglesias,1978-08-29,0.418,0.445,0,-13.679,1,0.042,0.176,5.73e-05,0.516,0.577,109.765,4,244973,False,Pensami (Júrame) - Live,16,Da Manuela A Pensami,C,major,C major
Julio Iglesias,1978-08-29,0.365,0.408,0,-13.098,1,0.0402,0.612,0.0,0.549,0.483,125.137,4,223400,False,Piccole Grandi Cose,17,Da Manuela A Pensami,C,major,C major
Julio Iglesias,1978-08-29,0.426,0.247,3,-16.104,0,0.0409,0.659,1.43e-06,0.152,0.524,121.078,4,239093,False,La ragazza di Ypacaria,18,Da Manuela A Pensami,D#,minor,D# minor
Julio Iglesias,1978-08-29,0.467,0.428,2,-15.967,1,0.164,0.628,0.0,0.546,0.668,138.965,4,174333,False,Quel punto in più,19,Da Manuela A Pensami,D,major,D major
Julio Iglesias,1978-08-29,0.469,0.278,6,-15.056,1,0.0299,0.246,0.0,0.0908,0.441,108.304,4,193493,False,De Un Mundo Raro,20,Da Manuela A Pensami,F#,major,F# major
Julio Iglesias,1978-04-01,0.57,0.402,6,-13.357,1,0.0349,0.803,1.36e-05,0.271,0.811,113.3,4,254893,False,Un Canto a Galicia,1,Por Una Mujer,F#,major,F# major
Julio Iglesias,1978-04-01,0.496,0.435,5,-12.737,1,0.0406,0.648,0.0,0.0866,0.889,92.821,4,149600,False,Hombre Solitario,2,Por Una Mujer,F,major,F major
Julio Iglesias,1978-04-01,0.414,0.377,1,-11.67,0,0.0337,0.559,0.0,0.746,0.593,106.894,3,188333,False,A Veces Llegan Cartas,3,Por Una Mujer,C#,minor,C# minor
Julio Iglesias,1978-04-01,0.436,0.239,0,-14.811,1,0.033,0.266,0.0,0.299,0.574,61.732,4,173693,False,Rio Rebelde,4,Por Una Mujer,C,major,C major
Julio Iglesias,1978-04-01,0.355,0.272,9,-14.268,1,0.0329,0.711,0.0,0.427,0.468,86.286,5,216066,False,Si Vol Vieras Otra Vez,5,Por Una Mujer,A,major,A major
Julio Iglesias,1978-04-01,0.496,0.54,7,-13.479,1,0.0329,0.104,9.37e-05,0.681,0.694,97.53,4,293493,False,Por Una Mujer,6,Por Una Mujer,G,major,G major
Julio Iglesias,1978-04-01,0.243,0.271,5,-15.914,0,0.042,0.663,0.000345,0.166,0.382,166.892,4,223400,False,No Soy De Aqui,7,Por Una Mujer,F,minor,F minor
Julio Iglesias,1978-04-01,0.298,0.295,0,-14.203,1,0.0351,0.426,0.000586,0.151,0.347,83.632,4,268706,False,En Un Rincon Del Desvan,8,Por Una Mujer,C,major,C major
Julio Iglesias,1978-04-01,0.458,0.25,0,-14.269,1,0.0419,0.0638,2.27e-05,0.569,0.54,119.129,4,214106,False,Sweet Caroline,9,Por Una Mujer,C,major,C major
Julio Iglesias,1978-04-01,0.391,0.254,4,-14.707,0,0.0352,0.679,0.000154,0.172,0.455,77.885,3,225466,False,Como El Alamo Al Camino,10,Por Una Mujer,E,minor,E minor
Julio Iglesias,1978-03-15,0.48,0.226,2,-16.21,1,0.0367,0.686,3.38e-05,0.126,0.554,115.472,4,201293,False,Vivencias,1,SOY ... JULIO IGLESIAS,D,major,D major
Julio Iglesias,1978-03-15,0.327,0.209,4,-16.638,0,0.0407,0.882,3.8e-05,0.143,0.364,82.447,4,182266,False,Es Una Ciudad Cualquiera,2,SOY ... JULIO IGLESIAS,E,minor,E minor
Julio Iglesias,1978-03-15,0.56,0.178,9,-19.549,0,0.0491,0.925,6.3e-06,0.161,0.468,79.53,4,171960,False,Soy,3,SOY ... JULIO IGLESIAS,A,minor,A minor
Julio Iglesias,1978-03-15,0.488,0.257,4,-15.33,1,0.0406,0.686,2.93e-06,0.122,0.376,90.284,4,226000,False,Minueto,4,SOY ... JULIO IGLESIAS,E,major,E major
Julio Iglesias,1978-03-15,0.527,0.329,5,-15.826,1,0.0421,0.528,0.000231,0.362,0.835,118.75,4,155933,False,Mi Amor Es Mas Joven Que Yo,5,SOY ... JULIO IGLESIAS,F,major,F major
Julio Iglesias,1978-03-15,0.34,0.236,0,-16.589,1,0.0382,0.303,2.31e-05,0.447,0.445,112.19,3,206133,False,Dieciseis Años,6,SOY ... JULIO IGLESIAS,C,major,C major
Julio Iglesias,1978-03-15,0.482,0.204,2,-20.228,1,0.0384,0.831,0.00237,0.0751,0.428,120.668,4,221466,False,Niña,7,SOY ... JULIO IGLESIAS,D,major,D major
Julio Iglesias,1978-03-15,0.453,0.0854,2,-22.539,1,0.0393,0.748,3.32e-05,0.202,0.315,84.564,4,238493,False,Una Leyenda,8,SOY ... JULIO IGLESIAS,D,major,D major
Julio Iglesias,1978-03-15,0.336,0.364,5,-14.039,0,0.0421,0.686,0.0,0.562,0.58,91.594,4,208266,False,Asi Nacemos,9,SOY ... JULIO IGLESIAS,F,minor,F minor
Julio Iglesias,1978-03-15,0.34,0.164,0,-20.873,1,0.0476,0.907,0.0128,0.315,0.134,70.475,4,269866,False,Vete Ya,10,SOY ... JULIO IGLESIAS,C,major,C major
Julio Iglesias,1978-01-15,0.487,0.242,5,-15.913,0,0.0339,0.544,1.04e-05,0.393,0.683,111.858,4,211533,False,Caminito,1,America,F,minor,F minor
Julio Iglesias,1978-01-15,0.513,0.188,3,-17.256,0,0.0546,0.821,3.36e-05,0.112,0.522,119.62,3,239826,False,Recuerdos De Ypacarai,2,America,D#,minor,D# minor
Julio Iglesias,1978-01-15,0.316,0.176,5,-20.266,0,0.0434,0.685,0.00058,0.241,0.426,67.57,5,191373,False,Historia De Un Amor,3,America,F,minor,F minor
Julio Iglesias,1978-01-15,0.501,0.551,2,-14.39,0,0.0647,0.402,9.56e-06,0.262,0.697,93.795,4,140560,False,Obsesion,4,America,D,minor,D minor
Julio Iglesias,1978-01-15,0.416,0.163,6,-21.395,0,0.0388,0.785,0.483,0.449,0.495,109.269,4,211333,False,Sombras,5,America,F#,minor,F# minor
Julio Iglesias,1978-01-15,0.599,0.45,0,-15.413,0,0.0385,0.122,0.00184,0.153,0.896,107.652,4,185466,False,Mañana De Carnaval,6,America,C,minor,C minor
Julio Iglesias,1978-01-15,0.33,0.428,0,-13.684,1,0.0463,0.667,0.000291,0.542,0.572,105.572,4,247200,False,Jurame,7,America,C,major,C major
Julio Iglesias,1978-01-15,0.606,0.339,5,-15.076,1,0.0334,0.356,8.84e-05,0.0775,0.656,116.076,4,225773,False,Guantanamera,8,America,F,major,F major
Julio Iglesias,1978-01-15,0.26,0.22,2,-17.331,1,0.0333,0.639,0.000125,0.154,0.274,102.501,3,185106,False,Vaya Con Dios,9,America,D,major,D major
Julio Iglesias,1978-01-15,0.521,0.455,9,-13.817,0,0.04,0.43,1.91e-06,0.128,0.907,100.653,4,234866,False,Moliendo Café,10,America,A,minor,A minor
Julio Iglesias,1978-01-15,0.448,0.255,2,-19.251,1,0.034,0.293,0.177,0.107,0.591,113.305,4,181106,False,"Ay, Ay, Ay",11,America,D,major,D major
Julio Iglesias,1978-01-15,0.444,0.434,0,-13.298,1,0.0577,0.631,0.0,0.111,0.811,132.043,4,160373,False,Alma Llanera,12,America,C,major,C major
Julio Iglesias,1978,0.55,0.524,0,-15.947,1,0.0721,0.319,0.0,0.159,0.469,118.701,4,284266,False,Begin the Beguine (Volver a Empezar),1,Begin the Beguine,C,major,C major
Julio Iglesias,1978,0.622,0.575,7,-14.086,1,0.0389,0.419,0.0,0.0659,0.911,128.51,4,166293,False,"Quiereme - Baseada en las Danzas polovtsianas de ""el Principe Igor""",2,Begin the Beguine,G,major,G major
Julio Iglesias,1978,0.43,0.272,0,-15.526,1,0.04,0.716,3.87e-05,0.278,0.582,123.948,4,292573,False,Me Olvide De Vivir,3,Begin the Beguine,C,major,C major
Julio Iglesias,1978,0.388,0.403,2,-13.198,0,0.0451,0.636,0.0,0.27,0.567,85.431,4,178226,False,Por Un Poco De Tu Amor,4,Begin the Beguine,D,minor,D minor
Julio Iglesias,1978,0.506,0.122,6,-22.046,1,0.0383,0.35,3.7e-06,0.195,0.434,99.731,4,229173,False,"Grande, Grande, Grande",5,Begin the Beguine,F#,major,F# major
Julio Iglesias,1978,0.427,0.519,7,-13.514,0,0.0423,0.435,0.0,0.106,0.708,82.357,4,211626,False,Como Tú,6,Begin the Beguine,G,minor,G minor
Julio Iglesias,1978,0.595,0.323,5,-15.571,1,0.0334,0.395,3.71e-05,0.149,0.682,116.106,4,226133,False,Guantanamera,7,Begin the Beguine,F,major,F major
Julio Iglesias,1978,0.536,0.402,2,-15.787,1,0.0479,0.63,0.0,0.263,0.522,123.923,4,251600,False,Quiereme Mucho - Yours,8,Begin the Beguine,D,major,D major
Julio Iglesias,1978,0.535,0.311,2,-16.09,1,0.0343,0.449,0.0,0.187,0.32,103.543,4,300600,False,Hey - Spanish,9,Begin the Beguine,D,major,D major
Julio Iglesias,1978,0.634,0.58,10,-14.522,0,0.152,0.588,0.0,0.0859,0.887,128.183,4,182466,False,"Un Dia Tu, Un Dia Yo",10,Begin the Beguine,A#,minor,A# minor
Julio Iglesias,1978,0.573,0.426,0,-14.448,1,0.0349,0.602,0.0,0.393,0.724,98.719,4,186706,False,"Soy un Truhán, Soy un Señor",11,Begin the Beguine,C,major,C major
Julio Iglesias,1978,0.36,0.14,8,-19.531,1,0.0349,0.562,0.00243,0.416,0.364,119.922,4,253226,False,Candilejas,12,Begin the Beguine,G#,major,G# major
Julio Iglesias,1978,0.328,0.197,10,-16.202,0,0.0349,0.657,0.0,0.0864,0.544,139.64,4,170133,False,El Amor,13,Begin the Beguine,A#,minor,A# minor
Julio Iglesias,1978,0.394,0.202,4,-19.629,0,0.0359,0.842,0.00398,0.2,0.324,105.45,3,229800,False,33 Años - 33 Years,14,Begin the Beguine,E,minor,E minor
Julio Iglesias,1978,0.543,0.395,5,-17.198,1,0.0339,0.566,1e-05,0.0979,0.638,100.883,4,201106,False,Isla en el Sol,15,Begin the Beguine,F,major,F major
Julio Iglesias,1978,0.473,0.26,1,-17.094,1,0.0441,0.314,0.0,0.331,0.345,79.944,4,295600,False,Preguntale,16,Begin the Beguine,C#,major,C# major
Julio Iglesias,1978,0.559,0.501,0,-12.149,1,0.0365,0.51,0.0,0.365,0.62,98.801,4,184133,False,"Soy un Truhán, Soy un Señor",1,A Mis 33 Anos,C,major,C major
Julio Iglesias,1978,0.386,0.256,6,-17.224,1,0.0425,0.816,0.000111,0.085,0.264,117.309,4,258959,False,Sono Io,2,A Mis 33 Anos,F#,major,F# major
Julio Iglesias,1978,0.6,0.546,7,-13.652,0,0.0588,0.561,0.0,0.484,0.889,136.991,4,137533,False,Si Me Dejas No Vale - Si Mi Losci Non Vale,3,A Mis 33 Anos,G,minor,G minor
Julio Iglesias,1978,0.372,0.392,2,-13.223,0,0.0418,0.722,0.0,0.318,0.572,81.953,4,176066,False,Por Un Poco De Tu Amor,4,A Mis 33 Anos,D,minor,D minor
Julio Iglesias,1978,0.448,0.38,4,-15.734,1,0.0408,0.43,0.00544,0.217,0.581,126.858,4,217733,False,Un Gorrion Sentimental (Domani E Un Giorno In Piu),5,A Mis 33 Anos,E,major,E major
Julio Iglesias,1978,0.432,0.32,4,-14.77,1,0.0413,0.868,1.28e-05,0.102,0.625,114.992,4,198826,False,Seguire Mi Camino,6,A Mis 33 Anos,E,major,E major
Julio Iglesias,1978,0.369,0.22,4,-19.038,0,0.0374,0.872,0.0388,0.131,0.298,105.379,3,229240,False,33 Años,7,A Mis 33 Anos,E,minor,E minor
Julio Iglesias,1978,0.445,0.384,0,-14.475,0,0.0318,0.847,5.49e-06,0.406,0.512,108.645,4,192933,False,Cada Dia Mas,8,A Mis 33 Anos,C,minor,C minor
Julio Iglesias,1978,0.348,0.259,3,-18.732,1,0.0365,0.777,0.000445,0.115,0.557,110.504,4,184706,False,Donde Estaras?,9,A Mis 33 Anos,D#,major,D# major
Julio Iglesias,1978,0.396,0.292,2,-15.921,0,0.0399,0.519,0.0,0.285,0.564,125.294,4,209506,False,Goodbye Amore Mio (Goodbye A Modo Mio),10,A Mis 33 Anos,D,minor,D minor
Julio Iglesias,1976-07-07,0.324,0.519,2,-12.878,1,0.0857,0.319,0.00104,0.964,0.224,122.428,4,336013,False,Introducción / Vivencias (En Directo),1,En el Olympia (En Directo),D,major,D major
Julio Iglesias,1976-07-07,0.359,0.435,9,-14.184,1,0.0562,0.688,0.0,0.845,0.485,111.135,4,219266,False,Por el Amor de una Mujer (En Directo),2,En el Olympia (En Directo),A,major,A major
Julio Iglesias,1976-07-07,0.496,0.679,7,-12.965,1,0.452,0.475,0.0,0.794,0.633,122.913,4,219480,False,Dicen (En Directo),3,En el Olympia (En Directo),G,major,G major
Julio Iglesias,1976-07-07,0.338,0.204,2,-17.789,1,0.0467,0.79,1.88e-06,0.501,0.473,150.122,4,99400,False,Solamente una Vez (En Directo),4,En el Olympia (En Directo),D,major,D major
Julio Iglesias,1976-07-07,0.48,0.378,7,-12.911,1,0.0523,0.541,0.0,0.31,0.817,66.627,4,96826,False,"Corazón, Corazón (En Directo)",5,En el Olympia (En Directo),G,major,G major
Julio Iglesias,1976-07-07,0.448,0.539,2,-13.834,1,0.413,0.5,0.0,0.635,0.514,109.777,4,192813,False,Maria Bonita (En Directo),6,En el Olympia (En Directo),D,major,D major
Julio Iglesias,1976-07-07,0.528,0.159,10,-19.871,0,0.0574,0.863,1.87e-05,0.756,0.443,135.669,4,161400,False,El Amor (En Directo),7,En el Olympia (En Directo),A#,minor,A# minor
Julio Iglesias,1976-07-07,0.593,0.444,4,-13.908,1,0.131,0.614,0.0,0.708,0.863,131.719,4,180093,False,"A Veces Tú, a Veces Yo (En Directo)",8,En el Olympia (En Directo),E,major,E major
Julio Iglesias,1976-07-07,0.299,0.433,7,-14.004,0,0.0739,0.681,2.95e-06,0.975,0.377,156.746,4,220973,False,Abrázame (En Directo),9,En el Olympia (En Directo),G,minor,G minor
Julio Iglesias,1976-07-07,0.437,0.296,6,-14.356,1,0.0757,0.671,0.0,0.438,0.53,117.379,4,234440,False,Un Canto a Galicia (En Directo),10,En el Olympia (En Directo),F#,major,F# major
Julio Iglesias,1976-07-07,0.461,0.233,4,-17.093,1,0.117,0.772,4.14e-06,0.375,0.532,119.404,4,260933,False,Manuela (En Directo),11,En el Olympia (En Directo),E,major,E major
Julio Iglesias,1976-07-07,0.375,0.381,5,-15.709,0,0.422,0.568,7.12e-06,0.21,0.419,74.576,3,322906,False,Así Nacemos (En Directo),12,En el Olympia (En Directo),F,minor,F minor
Julio Iglesias,1976-07-07,0.225,0.321,4,-15.792,0,0.0436,0.767,0.144,0.639,0.251,69.887,4,192560,False,Feelings (En Directo),13,En el Olympia (En Directo),E,minor,E minor
Julio Iglesias,1976-07-07,0.661,0.732,10,-10.863,0,0.105,0.325,0.0,0.828,0.862,136.224,4,180253,False,Quiero (En Directo),14,En el Olympia (En Directo),A#,minor,A# minor
Julio Iglesias,1976-07-07,0.386,0.227,8,-18.47,1,0.0668,0.71,6.55e-05,0.166,0.423,124.802,1,289653,False,Candilejas (En Directo),15,En el Olympia (En Directo),G#,major,G# major
Julio Iglesias,1976-07-07,0.393,0.112,1,-20.393,0,0.107,0.848,2.89e-06,0.368,0.418,79.481,4,205826,False,Quién (En Directo),16,En el Olympia (En Directo),C#,minor,C# minor
Julio Iglesias,1976-07-07,0.48,0.604,10,-13.394,1,0.084,0.375,1.9e-06,0.386,0.632,96.307,4,268400,False,La Mer (En Directo),17,En el Olympia (En Directo),A#,major,A# major
Julio Iglesias,1976-07-07,0.388,0.486,3,-14.236,1,0.157,0.417,1.72e-05,0.704,0.498,92.52,4,300626,False,Minueto (En Directo),18,En el Olympia (En Directo),D#,major,D# major
Julio Iglesias,1976,0.508,0.37,5,-11.397,0,0.0309,0.224,0.0,0.332,0.691,112.799,4,210373,False,Caminito,1,America,F,minor,F minor
Julio Iglesias,1976,0.506,0.307,1,-12.873,1,0.0493,0.66,0.0,0.192,0.503,120.133,3,237573,False,Recuerdos de Ypacarai,2,America,C#,major,C# major
Julio Iglesias,1976,0.387,0.275,5,-14.821,0,0.0414,0.521,0.0,0.219,0.433,99.999,4,191040,False,Historia de un Amor,3,America,F,minor,F minor
Julio Iglesias,1976,0.497,0.688,2,-10.329,0,0.0727,0.228,0.0,0.252,0.623,93.074,4,140306,False,Obsesión,4,America,D,minor,D minor
Julio Iglesias,1976,0.445,0.246,6,-17.187,0,0.035,0.647,0.105,0.453,0.496,109.629,4,210733,False,Sombras,5,America,F#,minor,F# minor
Julio Iglesias,1976,0.594,0.584,5,-11.745,0,0.0368,0.0277,0.000256,0.209,0.87,108.066,4,184746,False,Mañana de Carnaval,6,America,F,minor,F minor
Julio Iglesias,1976,0.407,0.538,0,-10.065,1,0.0384,0.407,3.85e-06,0.585,0.557,109.295,4,245533,False,Júrame,7,America,C,major,C major
Julio Iglesias,1976,0.617,0.446,5,-11.286,1,0.0305,0.22,2.76e-06,0.243,0.654,116.469,4,224173,False,Guantanamera,8,America,F,major,F major
Julio Iglesias,1976,0.183,0.273,2,-15.833,1,0.0351,0.364,1.18e-06,0.187,0.213,52.001,4,183973,False,Vaya Con Dios,9,America,D,major,D major
Julio Iglesias,1976,0.501,0.633,9,-8.425,0,0.0494,0.307,0.0,0.0782,0.801,101.384,4,230906,False,Moliendo Café,10,America,A,minor,A minor
Julio Iglesias,1976,0.469,0.372,2,-16.415,1,0.032,0.113,0.00322,0.0739,0.565,113.753,4,176200,False,"Ay, Ay, Ay",11,America,D,major,D major
Julio Iglesias,1976,0.443,0.573,0,-10.188,1,0.0857,0.587,0.0,0.103,0.72,133.112,4,159493,False,Alma Llanera,12,America,C,major,C major
Julio Iglesias,1975,0.406,0.234,7,-14.85,0,0.0341,0.758,2.05e-06,0.13,0.192,87.492,4,209266,False,Abrázame,1,El Amor,G,minor,G minor
Julio Iglesias,1975,0.619,0.406,4,-12.968,0,0.0739,0.74,0.0,0.378,0.699,130.999,4,171493,False,"A Veces Tú, a Veces Yo",2,El Amor,E,minor,E minor
Julio Iglesias,1975,0.582,0.548,0,-12.08,1,0.0334,0.417,2.95e-06,0.0664,0.612,103.483,4,189306,False,Tema de Amor,3,El Amor,C,major,C major
Julio Iglesias,1975,0.413,0.174,4,-17.993,1,0.0507,0.706,0.0,0.173,0.182,116.978,3,218093,False,Quién,4,El Amor,E,major,E major
Julio Iglesias,1975,0.601,0.325,3,-13.93,1,0.0608,0.603,0.0,0.0922,0.624,114.954,4,238266,False,Cuidado Amor,5,El Amor,D#,major,D# major
Julio Iglesias,1975,0.726,0.673,8,-9.711,0,0.0446,0.476,0.0,0.097,0.951,135.997,4,168346,False,Quiero,6,El Amor,G#,minor,G# minor
Julio Iglesias,1975,0.35,0.237,10,-13.523,0,0.0412,0.819,1.88e-06,0.0644,0.471,139.175,4,169000,False,El Amor,7,El Amor,A#,minor,A# minor
Julio Iglesias,1975,0.569,0.434,11,-12.994,0,0.0287,0.214,1.58e-05,0.0795,0.644,119.054,4,216680,False,My Sweet Lord,8,El Amor,B,minor,B minor
Julio Iglesias,1975,0.606,0.427,10,-11.049,0,0.0545,0.514,0.0,0.0849,0.653,132.809,4,165693,False,Déjala,9,El Amor,A#,minor,A# minor
Julio Iglesias,1975,0.385,0.206,8,-15.061,1,0.0357,0.569,8.3e-05,0.142,0.347,120.732,4,252800,False,Candilejas,10,El Amor,G#,major,G# major
Julio Iglesias,1975,0.422,0.354,8,-10.443,1,0.0291,0.491,0.0,0.0659,0.488,109.589,4,206173,False,Cucurrucucu Paloma,1,A Mexico,G#,major,G# major
Julio Iglesias,1975,0.431,0.318,5,-11.012,1,0.0305,0.394,0.0,0.571,0.471,82.134,3,190666,False,No Me Amenaces,2,A Mexico,F,major,F major
Julio Iglesias,1975,0.354,0.262,7,-11.787,1,0.0313,0.125,2.68e-05,0.545,0.363,134.965,3,203346,False,Ella,3,A Mexico,G,major,G major
Julio Iglesias,1975,0.504,0.337,3,-11.521,1,0.0368,0.565,0.0,0.301,0.432,85.895,3,155680,False,Cuando Vivas Conmigo,4,A Mexico,D#,major,D# major
Julio Iglesias,1975,0.283,0.383,2,-11.488,1,0.0308,0.192,8.62e-05,0.287,0.314,97.793,1,239000,False,Noche de Ronda,5,A Mexico,D,major,D major
Julio Iglesias,1975,0.305,0.322,2,-14.358,1,0.0309,0.031,0.00035,0.259,0.323,102.873,4,215573,False,Solamente una Vez,6,A Mexico,D,major,D major
Julio Iglesias,1975,0.337,0.35,5,-12.919,1,0.0317,0.106,3.55e-05,0.178,0.453,106.028,4,198240,False,Amanecí en Tus Brazos,7,A Mexico,F,major,F major
Julio Iglesias,1975,0.344,0.384,7,-11.218,1,0.0386,0.402,0.0,0.232,0.592,88.507,1,222240,False,"Corazón, Corazón",8,A Mexico,G,major,G major
Julio Iglesias,1975,0.525,0.293,6,-12.271,1,0.0305,0.124,0.0,0.147,0.438,108.746,4,191400,False,De un Mundo Raro,9,A Mexico,F#,major,F# major
Julio Iglesias,1975,0.554,0.491,2,-13.757,1,0.0427,0.343,0.0,0.0585,0.738,113.336,4,178800,False,Maria Bonita,10,A Mexico,D,major,D major
Julio Iglesias,1974,0.47,0.337,2,-11.947,1,0.0343,0.622,0.0,0.154,0.532,115.444,4,201373,False,Vivencias,1,Soy,D,major,D major
Julio Iglesias,1974,0.361,0.308,4,-13.981,0,0.0372,0.814,0.0,0.363,0.386,83.516,4,181360,False,En una Ciudad Cualquiera,2,Soy,E,minor,E minor
Julio Iglesias,1974,0.396,0.317,9,-13.692,0,0.0492,0.872,0.0,0.11,0.421,77.624,4,171800,False,Soy,3,Soy,A,minor,A minor
Julio Iglesias,1974,0.431,0.378,4,-12.636,1,0.0363,0.665,0.0,0.102,0.41,91.477,4,225520,False,Minueto,4,Soy,E,major,E major
Julio Iglesias,1974,0.506,0.446,5,-12.465,1,0.0369,0.526,0.0,0.24,0.886,118.892,4,155026,False,Mi Amor Es Más Joven Que Yo,5,Soy,F,major,F major
Julio Iglesias,1974,0.333,0.294,0,-14.15,1,0.0333,0.222,0.0,0.296,0.42,112.182,3,206200,False,Dieciséis Años,6,Soy,C,major,C major
Julio Iglesias,1974,0.498,0.371,2,-15.112,1,0.0366,0.573,0.0,0.06,0.492,121.213,4,220626,False,Niña,7,Soy,D,major,D major
Julio Iglesias,1974,0.332,0.205,2,-17.646,1,0.0411,0.311,0.0,0.382,0.377,80.243,4,237906,False,Una Leyenda,8,Soy,D,major,D major
Julio Iglesias,1974,0.368,0.467,5,-11.118,0,0.0392,0.702,0.0,0.397,0.581,129.581,4,208813,False,Así Nacemos,9,Soy,F,minor,F minor
Julio Iglesias,1974,0.254,0.333,0,-13.698,0,0.0342,0.705,5.29e-06,0.174,0.356,69.844,4,262666,False,Vete Ya,10,Soy,C,minor,C minor
Julio Iglesias,1974,0.432,0.419,5,-13.223,1,0.0491,0.337,0.0,0.451,0.502,125.419,4,221893,False,A Flor de Piel,1,A Flor de Piel,F,major,F major
Julio Iglesias,1974,0.398,0.443,9,-12.035,1,0.0386,0.36,0.0,0.197,0.884,104.577,4,184933,False,Vivir,2,A Flor de Piel,A,major,A major
Julio Iglesias,1974,0.481,0.532,0,-12.635,1,0.06,0.294,0.0,0.164,0.843,86.551,4,230733,False,Dicen,3,A Flor de Piel,C,major,C major
Julio Iglesias,1974,0.553,0.339,4,-16.339,1,0.0364,0.232,0.0,0.0715,0.75,125.478,4,206426,False,Manuela,4,A Flor de Piel,E,major,E major
Julio Iglesias,1974,0.474,0.25,7,-15.077,1,0.037,0.728,0.0,0.137,0.301,120.836,4,213533,False,Un Adiós a Media Voz,5,A Flor de Piel,G,major,G major
Julio Iglesias,1974,0.416,0.206,0,-17.24,0,0.0298,0.507,0.000114,0.107,0.202,89.368,4,208973,False,Te Quiero Así,6,A Flor de Piel,C,minor,C minor
Julio Iglesias,1974,0.39,0.339,9,-12.96,1,0.0393,0.229,0.0,0.272,0.271,98.138,4,228933,False,Por el Amor de una Mujer,7,A Flor de Piel,A,major,A major
Julio Iglesias,1974,0.5,0.141,4,-18.4,1,0.0503,0.78,0.0,0.136,0.282,121.86,4,195573,False,Desde Que Tú Te Has Ido,8,A Flor de Piel,E,major,E major
Julio Iglesias,1974,0.363,0.479,6,-11.221,1,0.0544,0.278,0.0,0.181,0.7,71.743,4,160933,False,Aún Me Queda la Esperanza,9,A Flor de Piel,F#,major,F# major
Julio Iglesias,1974,0.354,0.482,3,-13.369,1,0.0576,0.52,0.0,0.203,0.603,155.14,4,175773,False,En Cualquier Parte,10,A Flor de Piel,D#,major,D# major
Julio Iglesias,1972,0.583,0.542,6,-9.106,1,0.0339,0.752,0.0,0.389,0.809,112.359,4,255800,False,Un Canto a Galicia (En Directo),1,Un Canto a Galicia,F#,major,F# major
Julio Iglesias,1972,0.521,0.514,5,-10.441,1,0.0432,0.709,0.0,0.125,0.87,92.386,4,150333,False,Hombre Solitario,2,Un Canto a Galicia,F,major,F major
Julio Iglesias,1972,0.366,0.423,1,-10.245,0,0.0311,0.544,0.0,0.855,0.536,106.068,3,188200,False,A Veces Llegan Cartas,3,Un Canto a Galicia,C#,minor,C# minor
Julio Iglesias,1972,0.421,0.267,0,-13.083,1,0.0302,0.379,0.0,0.301,0.533,94.997,3,175000,False,Río Rebelde,4,Un Canto a Galicia,C,major,C major
Julio Iglesias,1972,0.319,0.366,9,-12.099,1,0.038,0.777,0.0,0.396,0.362,136.679,5,219000,False,Si Volvieras Otra Vez,5,Un Canto a Galicia,A,major,A major
Julio Iglesias,1972,0.487,0.688,7,-9.761,1,0.0354,0.157,3.45e-05,0.342,0.69,97.126,4,294133,False,Por una Mujer,6,Un Canto a Galicia,G,major,G major
Julio Iglesias,1972,0.327,0.346,5,-13.84,0,0.0369,0.589,1.5e-06,0.306,0.395,81.931,4,223333,False,No Soy de Aquí,7,Un Canto a Galicia,F,minor,F minor
Julio Iglesias,1972,0.279,0.349,0,-12.177,1,0.0408,0.528,4.12e-06,0.281,0.375,173.049,4,270466,False,En un Rincón del Desván,8,Un Canto a Galicia,C,major,C major
Julio Iglesias,1972,0.479,0.283,4,-13.228,0,0.0425,0.127,0.000117,0.646,0.552,117.603,4,218160,False,Sweet Caroline,9,Un Canto a Galicia,E,minor,E minor
Julio Iglesias,1972,0.383,0.228,4,-16.1,0,0.0368,0.89,0.0598,0.16,0.369,76.699,3,228960,False,Como el Álamo al Camino,10,Un Canto a Galicia,E,minor,E minor
Julio Iglesias,1970,0.264,0.317,3,-12.019,0,0.0333,0.867,4.15e-05,0.29,0.314,88.518,5,168160,False,Gwendolyne,1,Gwendolyne,D#,minor,D# minor
Julio Iglesias,1970,0.459,0.627,4,-10.557,0,0.0619,0.129,1.17e-06,0.139,0.514,127.161,4,176973,False,Colinas Verdes,2,Gwendolyne,E,minor,E minor
Julio Iglesias,1970,0.347,0.363,2,-11.266,1,0.0328,0.228,0.0,0.159,0.326,77.459,1,241266,False,Voy Siguiendo Mi Camino,3,Gwendolyne,D,major,D major
Julio Iglesias,1970,0.196,0.494,7,-11.237,1,0.0507,0.716,2.05e-06,0.272,0.247,48.943,4,225133,False,Pequeñas Manzanas Verdes,4,Gwendolyne,G,major,G major
Julio Iglesias,1970,0.509,0.444,7,-10.759,1,0.0334,0.526,0.000466,0.232,0.815,119.797,4,218000,False,Sentado a Beira do Caminho,5,Gwendolyne,G,major,G major
Julio Iglesias,1970,0.229,0.41,4,-12.997,1,0.0478,0.218,0.0,0.312,0.368,200.668,4,219333,False,A Veces Pregunto al Viento,6,Gwendolyne,E,major,E major
Julio Iglesias,1970,0.416,0.688,5,-8.955,1,0.0393,0.364,0.0,0.939,0.793,109.468,4,256666,False,Cuando Vuelva a Amanecer,7,Gwendolyne,F,major,F major
Julio Iglesias,1970,0.555,0.4,7,-11.726,1,0.0279,0.32,0.00021,0.407,0.685,104.526,4,176240,False,Raindrops Keep Falling on My Head,8,Gwendolyne,G,major,G major
Julio Iglesias,1970,0.531,0.55,10,-11.006,1,0.036,0.207,0.0,0.106,0.875,132.981,4,146666,False,En un Burrito Orejon,9,Gwendolyne,A#,major,A# major
Julio Iglesias,1970,0.456,0.648,4,-9.279,1,0.0551,0.294,0.0,0.786,0.825,118.577,4,192826,False,Ese Día Llegará,10,Gwendolyne,E,major,E major
Julio Iglesias,1970,0.328,0.626,4,-9.229,1,0.0585,0.341,1.08e-06,0.828,0.852,121.234,4,196573,False,Cantándole al Mar,11,Gwendolyne,E,major,E major
Julio Iglesias,1969,0.383,0.401,5,-11.106,1,0.0276,0.264,0.0,0.248,0.586,100.082,4,218000,False,La Vida Sigue Igual,1,Yo Canto,F,major,F major
Julio Iglesias,1969,0.278,0.277,0,-10.905,0,0.0356,0.561,1.21e-05,0.125,0.295,124.635,3,192000,False,Tenía una Guitarra,2,Yo Canto,C,minor,C minor
Julio Iglesias,1969,0.211,0.416,9,-11.233,1,0.0341,0.224,0.0,0.123,0.651,154.694,4,226000,False,"Bla, Bla, Bla",3,Yo Canto,A,major,A major
Julio Iglesias,1969,0.286,0.407,7,-14.223,1,0.0302,0.122,7.74e-06,0.19,0.62,84.675,4,179000,False,El Viejo Pablo,4,Yo Canto,G,major,G major
Julio Iglesias,1969,0.284,0.436,2,-12.059,1,0.0321,0.44,0.0,0.15,0.514,81.802,4,234000,False,Hace Unos Años,5,Yo Canto,D,major,D major
Julio Iglesias,1969,0.438,0.558,3,-13.45,1,0.0322,0.0211,6.94e-05,0.442,0.798,99.779,4,174000,False,"No Llores, Mi Amor",6,Yo Canto,D#,major,D# major
Julio Iglesias,1969,0.309,0.492,2,-11.539,1,0.0356,0.353,0.0,0.378,0.639,125.969,4,201000,False,Yo Canto,7,Yo Canto,D,major,D major
Julio Iglesias,1969,0.184,0.435,3,-14.634,1,0.0345,0.205,0.0,0.195,0.574,171.97,4,244000,False,Alguien Que Pasó,8,Yo Canto,D#,major,D# major
Julio Iglesias,1969,0.366,0.524,5,-13.859,1,0.0381,0.0119,5.69e-05,0.609,0.8,94.744,4,165000,False,Mis Recuerdos,9,Yo Canto,F,major,F major
Julio Iglesias,1969,0.353,0.312,5,-13.208,1,0.0296,0.616,0.0,0.235,0.68,92.12,4,167000,False,En un Barrio Que Hay en la Ciudad,10,Yo Canto,F,major,F major
Julio Iglesias,1969,0.298,0.53,4,-14.155,0,0.0424,0.141,9.44e-06,0.247,0.548,131.807,4,146000,False,Lágrimas Tiene el Camino,11,Yo Canto,E,minor,E minor
Julio Iglesias,1969,0.297,0.382,3,-13.484,1,0.0319,0.465,1.03e-06,0.463,0.685,93.55,4,268000,False,Chiquilla,12,Yo Canto,D#,major,D# major
Morat,2024-02-20,0.0705,0.0476,0,-26.747,1,0.0357,0.972,0.928,0.112,0.0377,75.844,3,205999,False,Feo - Pt. 1 / Endel Sleep Soundscape,1,Antes De Que Amanezca (Endel Sleep Soundscape),C,major,C major
Morat,2024-02-20,0.148,0.0943,0,-24.778,1,0.035,0.973,0.875,0.0981,0.0392,87.301,4,191625,False,Feo - Pt. 2 / Endel Sleep Soundscape,2,Antes De Que Amanezca (Endel Sleep Soundscape),C,major,C major
Morat,2024-02-20,0.069,0.0694,0,-25.847,1,0.037,0.973,0.923,0.0976,0.0369,75.72,3,216374,False,Feo - Pt. 3 / Endel Sleep Soundscape,3,Antes De Que Amanezca (Endel Sleep Soundscape),C,major,C major
Morat,2024-02-20,0.136,0.0391,0,-26.858,1,0.0377,0.976,0.934,0.0558,0.0338,100.078,4,200271,False,Feo - Pt. 4 / Endel Sleep Soundscape,4,Antes De Que Amanezca (Endel Sleep Soundscape),C,major,C major
Morat,2024-02-20,0.17,0.161,4,-24.12,1,0.0475,0.901,0.958,0.0968,0.0394,119.597,4,190439,False,Nunca Volvieron - Pt. 1 / Endel Sleep Soundscape,5,Antes De Que Amanezca (Endel Sleep Soundscape),E,major,E major
Morat,2024-02-20,0.0843,0.125,4,-26.604,1,0.0375,0.829,0.724,0.123,0.0394,84.42,4,183397,False,Nunca Volvieron - Pt. 2 / Endel Sleep Soundscape,6,Antes De Que Amanezca (Endel Sleep Soundscape),E,major,E major
Morat,2024-02-20,0.0676,0.0534,4,-27.607,1,0.0403,0.866,0.929,0.0873,0.0392,77.19,4,228959,False,Nunca Volvieron - Pt. 3 / Endel Sleep Soundscape,7,Antes De Que Amanezca (Endel Sleep Soundscape),E,major,E major
Morat,2024-02-20,0.197,0.092,4,-30.846,1,0.0489,0.928,0.884,0.0999,0.17,80.721,4,165203,False,Nunca Volvieron - Pt. 4 / Endel Sleep Soundscape,8,Antes De Que Amanezca (Endel Sleep Soundscape),E,major,E major
Morat,2024-02-20,0.156,0.3,11,-20.04,1,0.0414,0.899,0.845,0.131,0.0933,134.047,3,187999,False,Someone I Used to Know - Pt. 1 / Endel Sleep Soundscape,9,Antes De Que Amanezca (Endel Sleep Soundscape),B,major,B major
Morat,2024-02-20,0.134,0.264,11,-19.586,1,0.0388,0.905,0.893,0.112,0.0539,89.949,1,207999,False,Someone I Used to Know - Pt. 2 / Endel Sleep Soundscape,10,Antes De Que Amanezca (Endel Sleep Soundscape),B,major,B major
Morat,2024-02-20,0.0898,0.252,11,-19.452,1,0.0369,0.849,0.917,0.178,0.0745,86.956,3,188000,False,Someone I Used to Know - Pt. 3 / Endel Sleep Soundscape,11,Antes De Que Amanezca (Endel Sleep Soundscape),B,major,B major
Morat,2024-02-20,0.176,0.239,11,-19.872,1,0.038,0.848,0.933,0.101,0.0469,140.091,3,192015,False,Someone I Used to Know - Pt. 4 / Endel Sleep Soundscape,12,Antes De Que Amanezca (Endel Sleep Soundscape),B,major,B major
Morat,2024-02-20,0.0772,0.177,2,-27.01,1,0.0445,0.864,0.942,0.0809,0.0906,81.954,3,212349,False,Demasiado Lejos - Pt. 1 / Endel Sleep Soundscape,13,Antes De Que Amanezca (Endel Sleep Soundscape),D,major,D major
Morat,2024-02-20,0.0614,0.224,2,-25.197,1,0.0483,0.874,0.896,0.103,0.0976,69.208,4,262263,False,Demasiado Lejos - Pt. 2 / Endel Sleep Soundscape,14,Antes De Que Amanezca (Endel Sleep Soundscape),D,major,D major
Morat,2024-02-20,0.0765,0.218,2,-24.985,1,0.0454,0.827,0.837,0.11,0.117,82.499,3,227871,False,Demasiado Lejos - Pt. 3 / Endel Sleep Soundscape,15,Antes De Que Amanezca (Endel Sleep Soundscape),D,major,D major
Morat,2024-02-20,0.153,0.217,2,-25.391,1,0.0433,0.822,0.801,0.0954,0.106,135.018,4,211769,False,Demasiado Lejos - Pt. 4 / Endel Sleep Soundscape,16,Antes De Que Amanezca (Endel Sleep Soundscape),D,major,D major
Morat,2024-02-20,0.181,0.109,2,-23.381,1,0.039,0.976,0.857,0.081,0.0359,142.169,4,162981,False,Sobreviviste - Pt. 1 / Endel Sleep Soundscape,17,Antes De Que Amanezca (Endel Sleep Soundscape),D,major,D major
Morat,2024-02-20,0.246,0.119,9,-23.056,1,0.038,0.93,0.92,0.101,0.0383,142.237,4,236264,False,Sobreviviste - Pt. 2 / Endel Sleep Soundscape,18,Antes De Que Amanezca (Endel Sleep Soundscape),A,major,A major
Morat,2024-02-20,0.273,0.124,2,-23.721,1,0.0398,0.917,0.887,0.114,0.037,142.316,4,236860,False,Sobreviviste - Pt. 3 / Endel Sleep Soundscape,19,Antes De Que Amanezca (Endel Sleep Soundscape),D,major,D major
Morat,2024-02-20,0.21,0.105,2,-24.07,1,0.0408,0.951,0.843,0.0816,0.0356,142.529,4,290091,False,Sobreviviste - Pt. 4 / Endel Sleep Soundscape,20,Antes De Que Amanezca (Endel Sleep Soundscape),D,major,D major
Morat,2024-02-20,0.168,0.108,11,-24.75,1,0.0434,0.864,0.919,0.0912,0.0353,124.658,4,221131,False,Tarde - Pt. 1 / Endel Sleep Soundscape,21,Antes De Que Amanezca (Endel Sleep Soundscape),B,major,B major
Morat,2024-02-20,0.088,0.043,11,-29.211,1,0.0422,0.681,0.925,0.107,0.0345,87.007,4,220869,False,Tarde - Pt. 2 / Endel Sleep Soundscape,22,Antes De Que Amanezca (Endel Sleep Soundscape),B,major,B major
Morat,2024-02-20,0.149,0.00531,11,-36.499,1,0.0504,0.908,0.93,0.0923,0.0362,136.274,5,208000,False,Tarde - Pt. 3 / Endel Sleep Soundscape,23,Antes De Que Amanezca (Endel Sleep Soundscape),B,major,B major
Morat,2024-02-20,0.142,0.00085,4,-39.342,1,0.065,0.929,0.948,0.103,0.0311,58.765,4,231567,False,Tarde - Pt. 4 / Endel Sleep Soundscape,24,Antes De Que Amanezca (Endel Sleep Soundscape),E,major,E major
Morat,2022-11-04,0.541,0.728,6,-6.256,0,0.037,0.105,0.0,0.107,0.592,149.132,4,165629,False,Llamada Perdida,1,SI AYER FUERA HOY,F#,minor,F# minor
Morat,2022-11-04,0.555,0.744,7,-5.278,1,0.0411,0.0489,0.0,0.0924,0.664,90.055,4,184666,False,Segundos Platos,2,SI AYER FUERA HOY,G,major,G major
Morat,2022-11-04,0.612,0.697,0,-5.476,1,0.0387,0.261,0.0,0.347,0.633,91.976,4,176086,False,Salir Con Vida,3,SI AYER FUERA HOY,C,major,C major
Morat,2022-11-04,0.667,0.571,0,-6.675,1,0.0245,0.434,0.0,0.188,0.651,95.022,3,144631,False,Debí Suponerlo,4,SI AYER FUERA HOY,C,major,C major
Morat,2022-11-04,0.543,0.876,0,-4.889,1,0.0494,0.00811,0.0,0.338,0.637,142.995,4,180552,False,506,5,SI AYER FUERA HOY,C,major,C major
Morat,2022-11-04,0.566,0.495,7,-6.67,1,0.03,0.72,0.0,0.331,0.703,88.869,4,166179,False,Santa Fe,6,SI AYER FUERA HOY,G,major,G major
Morat,2022-11-04,0.479,0.536,10,-6.11,1,0.0389,0.345,0.0,0.0727,0.716,112.489,4,181775,False,Nunca Al Revés,7,SI AYER FUERA HOY,A#,major,A# major
Morat,2022-11-04,0.511,0.498,9,-7.008,1,0.0482,0.794,0.0,0.372,0.673,118.661,3,228399,False,Si La Ves,8,SI AYER FUERA HOY,A,major,A major
Morat,2022-11-04,0.485,0.609,4,-5.722,1,0.0337,0.734,0.0,0.386,0.238,157.834,4,218760,False,Las Cometas Siempre Vuelan En Agosto,9,SI AYER FUERA HOY,E,major,E major
Morat,2022-11-04,0.569,0.552,9,-7.176,1,0.069,0.45,0.0,0.247,0.367,153.742,4,188961,False,Valen Más,10,SI AYER FUERA HOY,A,major,A major
Morat,2022-11-04,0.582,0.804,11,-4.155,1,0.0389,0.0493,0.0,0.0624,0.732,138.014,4,182187,False,París,11,SI AYER FUERA HOY,B,major,B major
Morat,2021-07-16,0.59,0.807,0,-6.006,1,0.0443,0.00607,0.0,0.196,0.938,74.496,4,204608,False,A Dónde Vamos,1,¿A Dónde Vamos?,C,major,C major
Morat,2021-07-16,0.693,0.757,11,-3.882,1,0.0335,0.0332,0.0,0.0812,0.807,138.03,4,240319,False,No Termino,2,¿A Dónde Vamos?,B,major,B major
Morat,2021-07-16,0.558,0.769,0,-4.024,1,0.0357,0.015,0.0,0.235,0.695,161.972,4,203946,False,En Coma,3,¿A Dónde Vamos?,C,major,C major
Morat,2021-07-16,0.464,0.892,8,-3.221,1,0.064,0.00537,0.0,0.198,0.696,180.066,4,169040,False,Al Aire,4,¿A Dónde Vamos?,G#,major,G# major
Morat,2021-07-16,0.551,0.818,0,-3.211,1,0.0414,0.0734,0.0,0.325,0.761,79.913,4,187373,False,De Cero,5,¿A Dónde Vamos?,C,major,C major
Morat,2021-07-16,0.737,0.492,0,-6.039,1,0.0271,0.338,0.0,0.12,0.559,93.018,3,192299,False,Primeras Veces,6,¿A Dónde Vamos?,C,major,C major
Morat,2021-07-16,0.565,0.861,6,-3.539,1,0.0503,0.0747,0.0,0.0498,0.851,93.074,4,211935,False,No Hay Más Que Hablar,7,¿A Dónde Vamos?,F#,major,F# major
Morat,2021-07-16,0.595,0.634,11,-5.702,1,0.0331,0.496,0.0,0.287,0.583,145.991,4,229107,False,Enamórate De Alguien Más,8,¿A Dónde Vamos?,B,major,B major
Morat,2021-07-16,0.612,0.466,4,-8.452,1,0.0303,0.847,2.02e-06,0.365,0.592,95.008,4,197092,False,Date La Vuelta,9,¿A Dónde Vamos?,E,major,E major
Morat,2021-07-16,0.484,0.58,11,-6.557,1,0.256,0.354,0.0,0.374,0.597,160.138,4,183693,False,Idiota,10,¿A Dónde Vamos?,B,major,B major
Morat,2021-07-16,0.713,0.621,6,-5.508,0,0.0711,0.231,0.0,0.0838,0.821,91.046,4,157493,False,Bajo La Mesa,11,¿A Dónde Vamos?,F#,minor,F# minor
Morat,2021-07-16,0.54,0.831,6,-4.585,1,0.0664,0.0418,0.0,0.0864,0.846,188.028,4,212146,False,Nunca Te Olvidé,12,¿A Dónde Vamos?,F#,major,F# major
Morat,2021-07-16,0.516,0.39,4,-7.432,1,0.0394,0.859,0.0,0.12,0.559,93.926,4,205866,False,Mi Pesadilla,13,¿A Dónde Vamos?,E,major,E major
Morat,2021-07-16,0.345,0.53,2,-6.429,1,0.0334,0.616,0.0,0.381,0.367,90.075,4,181316,False,Simplemente Pasan,14,¿A Dónde Vamos?,D,major,D major
Morat,2018-10-25,0.624,0.903,9,-4.523,1,0.0521,0.11,0.0,0.107,0.68,201.819,4,234656,False,Otras Se Pierden,1,Balas Perdidas (Edición Especial),A,major,A major
Morat,2018-10-25,0.328,0.517,2,-6.124,1,0.0777,0.266,0.0,0.262,0.287,184.446,3,221063,False,Acuérdate De Mí,2,Balas Perdidas (Edición Especial),D,major,D major
Morat,2018-10-25,0.691,0.973,2,-3.586,1,0.048,0.126,0.0,0.101,0.783,143.961,4,231532,False,Besos En Guerra,3,Balas Perdidas (Edición Especial),D,major,D major
Morat,2018-10-25,0.665,0.631,0,-6.365,1,0.0401,0.0225,0.0,0.304,0.58,141.094,4,176121,False,Cuando El Amor Se Escapa,4,Balas Perdidas (Edición Especial),C,major,C major
Morat,2018-10-25,0.734,0.685,0,-5.37,1,0.0453,0.117,0.0,0.109,0.754,92.044,4,216752,False,No Se Va,5,Balas Perdidas (Edición Especial),C,major,C major
Morat,2018-10-25,0.847,0.504,7,-6.057,1,0.0998,0.327,0.0,0.196,0.705,125.01,4,214831,False,Mi Vida Entera,6,Balas Perdidas (Edición Especial),G,major,G major
Morat,2018-10-25,0.713,0.64,6,-6.686,0,0.071,0.52,0.0,0.146,0.695,172.048,4,238780,False,El Embrujo,7,Balas Perdidas (Edición Especial),F#,minor,F# minor
Morat,2018-10-25,0.324,0.398,0,-7.309,1,0.0377,0.0575,0.0,0.281,0.477,77.81,4,220155,False,Yo No Merezco Volver,8,Balas Perdidas (Edición Especial),C,major,C major
Morat,2018-10-25,0.826,0.928,11,-4.181,0,0.0336,0.183,0.0,0.296,0.967,139.029,4,165786,False,Maldita Costumbre,9,Balas Perdidas (Edición Especial),B,minor,B minor
Morat,2018-10-25,0.806,0.778,1,-4.577,0,0.0616,0.133,0.0,0.218,0.84,95.993,4,219586,False,Cuando Nadie Ve,10,Balas Perdidas (Edición Especial),C#,minor,C# minor
Morat,2018-10-25,0.612,0.748,2,-5.503,1,0.0462,0.654,0.0,0.115,0.416,147.986,4,211045,False,Punto Y Aparte,11,Balas Perdidas (Edición Especial),D,major,D major
Morat,2018-10-25,0.742,0.191,7,-9.879,1,0.0451,0.802,0.0,0.127,0.351,112.57,3,118727,False,11 Besos,12,Balas Perdidas (Edición Especial),G,major,G major
Morat,2018-10-25,0.636,0.886,0,-3.471,1,0.0281,0.0451,0.0,0.229,0.724,139.909,4,220887,False,Causa Perdida,13,Balas Perdidas (Edición Especial),C,major,C major
Morat,2018-10-25,0.569,0.561,10,-6.946,1,0.028,0.231,0.0,0.103,0.531,88.091,4,212225,False,¿Qué Ganas?,14,Balas Perdidas (Edición Especial),A#,major,A# major
Morat,2018-10-25,0.642,0.662,1,-5.05,0,0.0437,0.238,0.0,0.107,0.487,83.007,4,213271,False,Mi Suerte,15,Balas Perdidas (Edición Especial),C#,minor,C# minor
Morat,2018-10-25,0.712,0.727,2,-3.15,1,0.162,0.168,0.0,0.296,0.465,180.039,4,174379,False,Presiento,16,Balas Perdidas (Edición Especial),D,major,D major
Morat,2018-10-25,0.624,0.903,9,-4.523,1,0.0521,0.11,0.0,0.107,0.68,201.819,4,234656,False,Otras Se Pierden,1,Balas Perdidas,A,major,A major
Morat,2018-10-25,0.328,0.517,2,-6.124,1,0.0777,0.266,0.0,0.262,0.287,184.446,3,221063,False,Acuérdate De Mí,2,Balas Perdidas,D,major,D major
Morat,2018-10-25,0.691,0.973,2,-3.586,1,0.048,0.126,0.0,0.101,0.783,143.961,4,231532,False,Besos En Guerra,3,Balas Perdidas,D,major,D major
Morat,2018-10-25,0.665,0.631,0,-6.365,1,0.0401,0.0225,0.0,0.304,0.58,141.094,4,176121,False,Cuando El Amor Se Escapa,4,Balas Perdidas,C,major,C major
Morat,2018-10-25,0.734,0.685,0,-5.37,1,0.0453,0.117,0.0,0.109,0.754,92.044,4,216752,False,No Se Va,5,Balas Perdidas,C,major,C major
Morat,2018-10-25,0.847,0.504,7,-6.057,1,0.0998,0.327,0.0,0.196,0.705,125.01,4,214831,False,Mi Vida Entera,6,Balas Perdidas,G,major,G major
Morat,2018-10-25,0.713,0.64,6,-6.686,0,0.071,0.52,0.0,0.146,0.695,172.048,4,238780,False,El Embrujo,7,Balas Perdidas,F#,minor,F# minor
Morat,2018-10-25,0.324,0.398,0,-7.309,1,0.0377,0.0575,0.0,0.281,0.477,77.81,4,220155,False,Yo No Merezco Volver,8,Balas Perdidas,C,major,C major
Morat,2018-10-25,0.826,0.928,11,-4.181,0,0.0336,0.183,0.0,0.296,0.967,139.029,4,165786,False,Maldita Costumbre,9,Balas Perdidas,B,minor,B minor
Morat,2018-10-25,0.806,0.778,1,-4.577,0,0.0616,0.133,0.0,0.218,0.84,95.993,4,219586,False,Cuando Nadie Ve,10,Balas Perdidas,C#,minor,C# minor
Morat,2018-10-25,0.612,0.748,2,-5.503,1,0.0462,0.654,0.0,0.115,0.416,147.986,4,211045,False,Punto Y Aparte,11,Balas Perdidas,D,major,D major
Morat,2018-10-25,0.742,0.191,7,-9.879,1,0.0451,0.802,0.0,0.127,0.351,112.57,3,118727,False,11 Besos,12,Balas Perdidas,G,major,G major
Morat,2017-06-23,0.665,0.804,9,-4.908,1,0.0343,0.277,0.0,0.182,0.889,143.956,4,237360,False,Mi Nuevo Vicio,1,Sobre El Amor Y Sus Efectos Secundarios... Y Unas Cuantas Cosas Más - Edición Especial,A,major,A major
Morat,2017-06-23,0.618,0.753,9,-5.725,1,0.0399,0.0453,0.0,0.0942,0.606,143.933,4,202120,False,En Un Sólo Dia,2,Sobre El Amor Y Sus Efectos Secundarios... Y Unas Cuantas Cosas Más - Edición Especial,A,major,A major
Morat,2017-06-23,0.638,0.868,8,-5.191,1,0.0334,0.109,0.0,0.231,0.485,101.013,4,229213,False,Aprender A Quererte,3,Sobre El Amor Y Sus Efectos Secundarios... Y Unas Cuantas Cosas Más - Edición Especial,G#,major,G# major
Morat,2017-06-23,0.486,0.568,2,-3.945,1,0.0311,0.449,0.0,0.0863,0.811,181.97,3,202426,False,Yo Más Te Adoro,4,Sobre El Amor Y Sus Efectos Secundarios... Y Unas Cuantas Cosas Más - Edición Especial,D,major,D major
Morat,2017-06-23,0.613,0.582,0,-7.237,1,0.0272,0.33,0.0,0.133,0.319,98.957,4,238160,False,Di Que No Te Vas,5,Sobre El Amor Y Sus Efectos Secundarios... Y Unas Cuantas Cosas Más - Edición Especial,C,major,C major
Morat,2017-06-23,0.55,0.392,1,-7.238,1,0.0298,0.601,0.0,0.0706,0.218,145.081,4,256012,False,Ladrona,6,Sobre El Amor Y Sus Efectos Secundarios... Y Unas Cuantas Cosas Más - Edición Especial,C#,major,C# major
Morat,2017-06-23,0.617,0.888,4,-4.567,1,0.0402,0.0705,0.0,0.162,0.771,130.97,4,240560,False,Cómo Te Atreves,7,Sobre El Amor Y Sus Efectos Secundarios... Y Unas Cuantas Cosas Más - Edición Especial,E,major,E major
Morat,2017-06-23,0.726,0.714,9,-6.526,0,0.0767,0.0873,0.0,0.149,0.786,137.013,4,241733,False,Una Vez Más,8,Sobre El Amor Y Sus Efectos Secundarios... Y Unas Cuantas Cosas Más - Edición Especial,A,minor,A minor
Morat,2017-06-23,0.414,0.592,11,-5.745,1,0.0586,0.602,0.0,0.0932,0.513,143.945,4,233440,False,Mil Tormentas,9,Sobre El Amor Y Sus Efectos Secundarios... Y Unas Cuantas Cosas Más - Edición Especial,B,major,B major
Morat,2017-06-23,0.34,0.342,5,-8.065,1,0.0398,0.801,0.0,0.383,0.353,83.399,4,264680,False,Ahora Que No Puedo Hablar,10,Sobre El Amor Y Sus Efectos Secundarios... Y Unas Cuantas Cosas Más - Edición Especial,F,major,F major
Morat,2017-06-23,0.644,0.804,7,-5.278,1,0.0409,0.121,0.0,0.11,0.585,135.948,4,203690,False,Amor Con Hielo,11,Sobre El Amor Y Sus Efectos Secundarios... Y Unas Cuantas Cosas Más - Edición Especial,G,major,G major
Morat,2017-06-23,0.598,0.688,10,-5.731,1,0.0433,0.333,0.0,0.101,0.659,142.015,4,229859,False,Cuánto Me Duele,12,Sobre El Amor Y Sus Efectos Secundarios... Y Unas Cuantas Cosas Más - Edición Especial,A#,major,A# major
Morat,2017-06-23,0.599,0.594,7,-5.94,1,0.027,0.466,0.0,0.123,0.638,139.992,4,199826,False,Ya No Estás Tú,13,Sobre El Amor Y Sus Efectos Secundarios... Y Unas Cuantas Cosas Más - Edición Especial,G,major,G major
Morat,2017-06-23,0.585,0.639,11,-5.268,1,0.0309,0.18,0.0,0.35,0.402,136.975,4,217935,False,La Última Vez,14,Sobre El Amor Y Sus Efectos Secundarios... Y Unas Cuantas Cosas Más - Edición Especial,B,major,B major
Morat,2017-06-23,0.676,0.814,9,-4.452,1,0.052,0.472,0.0,0.402,0.744,92.908,4,234500,False,Del Estadio Al Cielo,15,Sobre El Amor Y Sus Efectos Secundarios... Y Unas Cuantas Cosas Más - Edición Especial,A,major,A major
Morat,2017-06-23,0.474,0.802,6,-5.715,1,0.0339,0.0103,0.0,0.245,0.603,165.007,4,205556,False,Eres Tú,16,Sobre El Amor Y Sus Efectos Secundarios... Y Unas Cuantas Cosas Más - Edición Especial,F#,major,F# major
Morat,2017-06-23,0.617,0.935,6,-4.874,0,0.0322,0.0218,1.16e-06,0.064,0.827,144.002,4,241933,False,Mi Nuevo Vicio,17,Sobre El Amor Y Sus Efectos Secundarios... Y Unas Cuantas Cosas Más - Edición Especial,F#,minor,F# minor
Morat,2017-06-23,0.729,0.656,10,-6.912,0,0.165,0.272,0.0,0.064,0.878,93.986,4,177946,False,"Yo Contigo, Tú Conmigo - The Gong Gong Song / El Tema De La Película ""Gru 3 Mi Villano Favorito""",18,Sobre El Amor Y Sus Efectos Secundarios... Y Unas Cuantas Cosas Más - Edición Especial,A#,minor,A# minor
Morat,2017-06-23,0.632,0.631,2,-6.24,1,0.0288,0.254,0.0,0.346,0.615,127.967,4,231990,False,Cómo Te Atreves - Versión Acústica,19,Sobre El Amor Y Sus Efectos Secundarios... Y Unas Cuantas Cosas Más - Edición Especial,D,major,D major
Morat,2016-06-17,0.665,0.804,9,-4.908,1,0.0343,0.277,0.0,0.182,0.889,143.956,4,237360,False,Mi Nuevo Vicio,1,Sobre El Amor Y Sus Efectos Secundarios,A,major,A major
Morat,2016-06-17,0.618,0.753,9,-5.725,1,0.0399,0.0453,0.0,0.0942,0.606,143.933,4,202120,False,En Un Sólo Dia,2,Sobre El Amor Y Sus Efectos Secundarios,A,major,A major
Morat,2016-06-17,0.638,0.868,8,-5.191,1,0.0334,0.109,0.0,0.231,0.485,101.013,4,229213,False,Aprender A Quererte,3,Sobre El Amor Y Sus Efectos Secundarios,G#,major,G# major
Morat,2016-06-17,0.486,0.568,2,-3.945,1,0.0311,0.449,0.0,0.0863,0.811,181.97,3,202426,False,Yo Más Te Adoro,4,Sobre El Amor Y Sus Efectos Secundarios,D,major,D major
Morat,2016-06-17,0.613,0.582,0,-7.237,1,0.0272,0.33,0.0,0.133,0.319,98.957,4,238160,False,Di Que No Te Vas,5,Sobre El Amor Y Sus Efectos Secundarios,C,major,C major
Morat,2016-06-17,0.617,0.888,4,-4.567,1,0.0402,0.0705,0.0,0.162,0.771,130.97,4,240560,False,Cómo Te Atreves,6,Sobre El Amor Y Sus Efectos Secundarios,E,major,E major
Morat,2016-06-17,0.726,0.714,9,-6.526,0,0.0767,0.0873,0.0,0.149,0.786,137.013,4,241733,False,Una Vez Más,7,Sobre El Amor Y Sus Efectos Secundarios,A,minor,A minor
Morat,2016-06-17,0.414,0.592,11,-5.745,1,0.0586,0.602,0.0,0.0932,0.513,143.945,4,233440,False,Mil Tormentas,8,Sobre El Amor Y Sus Efectos Secundarios,B,major,B major
Morat,2016-06-17,0.34,0.342,5,-8.065,1,0.0398,0.801,0.0,0.383,0.353,83.399,4,264680,False,Ahora Que No Puedo Hablar,9,Sobre El Amor Y Sus Efectos Secundarios,F,major,F major
Morat,2016-06-17,0.602,0.669,10,-5.905,1,0.0379,0.398,0.0,0.105,0.683,142.041,4,230160,False,Cuánto Me Duele,10,Sobre El Amor Y Sus Efectos Secundarios,A#,major,A# major
Morat,2016-06-17,0.599,0.594,7,-5.94,1,0.027,0.466,0.0,0.123,0.638,139.992,4,199826,False,Ya No Estás Tú,11,Sobre El Amor Y Sus Efectos Secundarios,G,major,G major
Morat,2016-06-17,0.617,0.935,6,-4.874,0,0.0322,0.0218,1.16e-06,0.064,0.827,144.002,4,241933,False,Mi Nuevo Vicio,12,Sobre El Amor Y Sus Efectos Secundarios,F#,minor,F# minor
Creedence Clearwater Revival,2024-07-02,0.64,0.663,0,-7.516,1,0.0373,0.201,0.00806,0.152,0.665,132.768,4,140773,False,Fortunate Son,1,Summer Classics,C,major,C major
Creedence Clearwater Revival,2024-07-02,0.611,0.913,2,-5.241,1,0.0383,0.0228,0.678,0.154,0.736,130.249,4,162853,False,Up Around The Bend,2,Summer Classics,D,major,D major
Creedence Clearwater Revival,2024-07-02,0.508,0.769,2,-5.973,1,0.0326,0.0577,6.1e-06,0.063,0.939,178.95,4,141600,False,Bad Moon Rising,3,Summer Classics,D,major,D major
Creedence Clearwater Revival,2024-07-02,0.514,0.92,6,-6.664,1,0.0514,0.0163,0.0282,0.178,0.963,166.218,4,127493,False,Travelin' Band,4,Summer Classics,F#,major,F# major
Creedence Clearwater Revival,2024-07-02,0.606,0.933,2,-6.104,1,0.0337,0.065,0.0368,0.349,0.938,142.538,4,175213,False,Sweet Hitch-Hiker,5,Summer Classics,D,major,D major
Creedence Clearwater Revival,2024-07-02,0.74,0.821,4,-5.989,1,0.0302,0.0279,0.0766,0.285,0.801,128.873,4,162480,False,Hey Tonight,6,Summer Classics,E,major,E major
Creedence Clearwater Revival,2024-07-02,0.745,0.656,10,-6.393,1,0.0405,0.188,0.00337,0.0941,0.858,105.318,4,152453,False,Lookin' Out My Back Door,7,Summer Classics,A#,major,A# major
Creedence Clearwater Revival,2024-07-02,0.592,0.787,9,-5.937,1,0.0276,0.259,0.0339,0.117,0.675,105.159,4,141746,False,Porterville,8,Summer Classics,A,major,A major
Creedence Clearwater Revival,2024-07-02,0.656,0.604,9,-7.729,1,0.0362,0.0552,0.0667,0.0974,0.574,117.299,4,315200,False,Born On The Bayou,9,Summer Classics,A,major,A major
Creedence Clearwater Revival,2024-07-02,0.702,0.772,9,-9.677,1,0.0277,0.0312,0.00837,0.0808,0.973,141.697,4,154120,False,Green River,10,Summer Classics,A,major,A major
Creedence Clearwater Revival,2024-07-02,0.741,0.697,0,-7.03,1,0.0277,0.0665,2.35e-05,0.133,0.774,116.109,4,160133,False,Have You Ever Seen The Rain,11,Summer Classics,C,major,C major
Creedence Clearwater Revival,2024-07-02,0.884,0.303,4,-8.419,1,0.0517,0.303,0.908,0.101,0.541,116.543,4,204413,False,Side O' The Road,12,Summer Classics,E,major,E major
Creedence Clearwater Revival,2024-07-02,0.435,0.617,4,-11.391,0,0.0324,0.0601,0.00288,0.167,0.696,129.912,4,517159,False,Suzie Q,13,Summer Classics,E,minor,E minor
Creedence Clearwater Revival,2024-07-02,0.713,0.666,2,-6.648,1,0.0293,0.127,2.37e-05,0.0655,0.656,120.672,4,186506,False,Proud Mary,14,Summer Classics,D,major,D major
Creedence Clearwater Revival,2024-07-02,0.773,0.675,5,-8.697,1,0.0281,0.324,0.00011,0.0896,0.925,126.868,4,193293,False,Lodi,15,Summer Classics,F,major,F major
Creedence Clearwater Revival,2024-07-02,0.621,0.89,2,-7.605,1,0.0328,0.225,0.000573,0.174,0.965,148.415,4,175666,False,It Came Out Of The Sky,16,Summer Classics,D,major,D major
Creedence Clearwater Revival,2024-07-02,0.347,0.8,7,-6.652,1,0.0294,0.00149,0.775,0.0975,0.659,103.891,4,431226,False,Ramble Tamble,17,Summer Classics,G,major,G major
Creedence Clearwater Revival,2024-07-02,0.652,0.693,8,-3.979,0,0.0359,0.66,0.00804,0.304,0.907,116.293,4,183613,False,The Working Man,18,Summer Classics,G#,minor,G# minor
Creedence Clearwater Revival,2024-07-02,0.71,0.665,2,-7.632,1,0.0276,0.0519,0.02,0.177,0.798,127.472,4,164293,False,Commotion,19,Summer Classics,D,major,D major
Creedence Clearwater Revival,2024-07-02,0.641,0.612,2,-8.307,1,0.0361,0.0474,0.0588,0.102,0.854,136.417,4,184746,False,Run Through The Jungle,20,Summer Classics,D,major,D major
Creedence Clearwater Revival,2024-07-02,0.722,0.713,6,-9.147,1,0.0484,0.0237,3.14e-05,0.0516,0.614,146.625,4,182013,False,Bootleg,21,Summer Classics,F#,major,F# major
Creedence Clearwater Revival,2024-07-02,0.506,0.605,9,-7.914,1,0.0289,0.028,0.133,0.188,0.84,110.087,4,217106,False,Ninety-Nine And A Half (Won't Do),22,Summer Classics,A,major,A major
Creedence Clearwater Revival,2024-07-02,0.858,0.544,0,-9.289,1,0.0751,0.582,0.00105,0.0707,0.874,108.217,4,166280,False,Down On The Corner,23,Summer Classics,C,major,C major
Creedence Clearwater Revival,2024-07-02,0.677,0.777,2,-7.953,1,0.0254,0.271,0.0249,0.335,0.846,97.521,4,198733,False,Cross-Tie Walker,24,Summer Classics,D,major,D major
Creedence Clearwater Revival,2024-07-02,0.338,0.465,4,-9.634,1,0.0503,0.01,0.303,0.109,0.198,166.866,4,461293,False,Keep On Chooglin',25,Summer Classics,E,major,E major
Creedence Clearwater Revival,2022-11-30,0.203,0.654,9,-14.978,1,0.0818,0.256,0.0298,0.679,0.394,121.977,4,289114,False,Born On The Bayou - Live 1971,1,Keep On Burnin' (Live 1971),A,major,A major
Creedence Clearwater Revival,2022-11-30,0.257,0.585,11,-13.977,0,0.0434,0.065,3.91e-06,0.692,0.576,140.261,4,191166,False,Green River - Live 1971,2,Keep On Burnin' (Live 1971),B,minor,B minor
Creedence Clearwater Revival,2022-11-30,0.234,0.809,2,-13.161,1,0.0532,0.0297,2.12e-06,0.866,0.283,154.991,4,186021,False,It Came Out Of The Sky - Live 1971,3,Keep On Burnin' (Live 1971),D,major,D major
Creedence Clearwater Revival,2022-11-30,0.305,0.719,9,-12.704,1,0.0573,0.00453,1.22e-06,0.624,0.445,129.418,4,131836,False,Door To Door - Live 1971,4,Keep On Burnin' (Live 1971),A,major,A major
Creedence Clearwater Revival,2022-11-30,0.246,0.82,6,-12.679,1,0.0511,0.103,0.00033,0.722,0.557,167.022,4,131114,False,Travelin' Band - Live 1971,5,Keep On Burnin' (Live 1971),F#,major,F# major
Creedence Clearwater Revival,2022-11-30,0.18,0.835,7,-12.538,1,0.0627,0.0343,0.0,0.607,0.157,144.622,4,138894,False,Fortunate Son - Live 1971,6,Keep On Burnin' (Live 1971),G,major,G major
Creedence Clearwater Revival,2022-11-30,0.294,0.743,2,-13.22,1,0.0775,0.236,0.000181,0.961,0.467,141.421,4,149950,False,Commotion - Live 1971,7,Keep On Burnin' (Live 1971),D,major,D major
Creedence Clearwater Revival,2022-11-30,0.416,0.473,5,-13.627,1,0.0326,0.391,1.07e-06,0.708,0.702,130.7,4,191259,False,Lodi - Live 1971,8,Keep On Burnin' (Live 1971),F,major,F major
Creedence Clearwater Revival,2022-11-30,0.174,0.498,2,-13.432,1,0.0374,0.0705,0.0,0.628,0.765,95.956,4,127766,False,Bad Moon Rising - Live 1971,9,Keep On Burnin' (Live 1971),D,major,D major
Creedence Clearwater Revival,2022-11-30,0.344,0.587,2,-13.681,1,0.0569,0.0826,1.26e-06,0.711,0.567,134.673,4,170414,False,Proud Mary - Live 1971,10,Keep On Burnin' (Live 1971),D,major,D major
Creedence Clearwater Revival,2022-11-30,0.308,0.734,9,-13.156,1,0.0509,0.0344,0.000105,0.454,0.499,138.699,4,158976,False,Up Around The Bend - Live 1971,11,Keep On Burnin' (Live 1971),A,major,A major
Creedence Clearwater Revival,2022-11-30,0.283,0.776,4,-13.149,1,0.0748,0.0164,0.00013,0.98,0.316,139.045,4,145867,False,"Hey, Tonight - Live 1971",12,Keep On Burnin' (Live 1971),E,major,E major
Creedence Clearwater Revival,2022-11-30,0.301,0.835,2,-13.097,1,0.0573,0.187,0.0,0.838,0.372,147.71,4,166738,False,Sweet Hitchhiker - Live 1971,13,Keep On Burnin' (Live 1971),D,major,D major
Creedence Clearwater Revival,2022-11-30,0.131,0.618,4,-12.947,1,0.0435,0.00801,0.00143,0.848,0.245,98.328,4,493795,False,Keep On Chooglin' - Live 1971,14,Keep On Burnin' (Live 1971),E,major,E major
Creedence Clearwater Revival,2022-09-16,0.426,0.854,9,-9.513,1,0.0911,0.0809,0.0952,0.986,0.801,120.023,4,312662,False,"Born On The Bayou - At The Royal Albert Hall / London, UK / April 14, 1970",1,"At The Royal Albert Hall (At The Royal Albert Hall / London, UK / April 14, 1970)",A,major,A major
Creedence Clearwater Revival,2022-09-16,0.576,0.877,9,-9.418,0,0.0346,0.00554,0.0234,0.769,0.894,142.312,4,177279,False,"Green River - At The Royal Albert Hall / London, UK / April 14, 1970",2,"At The Royal Albert Hall (At The Royal Albert Hall / London, UK / April 14, 1970)",A,minor,A minor
Creedence Clearwater Revival,2022-09-16,0.562,0.882,0,-8.59,1,0.0404,0.00343,0.119,0.861,0.933,115.349,4,218550,False,"Tombstone Shadow - At The Royal Albert Hall / London, UK / April 14, 1970",3,"At The Royal Albert Hall (At The Royal Albert Hall / London, UK / April 14, 1970)",C,major,C major
Creedence Clearwater Revival,2022-09-16,0.437,0.969,6,-8.502,1,0.101,0.0077,0.0391,0.685,0.906,170.181,4,130502,False,"Travelin' Band - At The Royal Albert Hall / London, UK / April 14, 1970",4,"At The Royal Albert Hall (At The Royal Albert Hall / London, UK / April 14, 1970)",F#,major,F# major
Creedence Clearwater Revival,2022-09-16,0.347,0.918,0,-8.282,1,0.0515,0.00126,0.0277,0.283,0.559,147.65,4,135705,False,"Fortunate Son - At The Royal Albert Hall / London, UK / April 14, 1970",5,"At The Royal Albert Hall (At The Royal Albert Hall / London, UK / April 14, 1970)",C,major,C major
Creedence Clearwater Revival,2022-09-16,0.592,0.925,7,-8.778,0,0.0588,0.0216,0.176,0.976,0.793,134.962,4,164563,False,"Commotion - At The Royal Albert Hall / London, UK / April 14, 1970",6,"At The Royal Albert Hall (At The Royal Albert Hall / London, UK / April 14, 1970)",G,minor,G minor
Creedence Clearwater Revival,2022-09-16,0.564,0.819,2,-8.966,1,0.153,0.216,0.000317,0.727,0.641,126.7,4,217929,False,"Midnight Special - At The Royal Albert Hall / London, UK / April 14, 1970",7,"At The Royal Albert Hall (At The Royal Albert Hall / London, UK / April 14, 1970)",D,major,D major
Creedence Clearwater Revival,2022-09-16,0.588,0.965,2,-7.834,1,0.083,0.0157,0.00094,0.729,0.799,95.5,4,139092,False,"Bad Moon Rising - At The Royal Albert Hall / London, UK / April 14, 1970",8,"At The Royal Albert Hall (At The Royal Albert Hall / London, UK / April 14, 1970)",D,major,D major
Creedence Clearwater Revival,2022-09-16,0.577,0.958,2,-7.996,1,0.036,0.0176,0.000473,0.71,0.579,127.734,4,180981,False,"Proud Mary - At The Royal Albert Hall / London, UK / April 14, 1970",9,"At The Royal Albert Hall (At The Royal Albert Hall / London, UK / April 14, 1970)",D,major,D major
Creedence Clearwater Revival,2022-09-16,0.135,0.919,4,-6.791,1,0.0687,0.0079,0.000145,0.887,0.691,218.503,3,191348,False,"The Night Time Is The Right Time - At The Royal Albert Hall / London, UK / April 14, 1970",10,"At The Royal Albert Hall (At The Royal Albert Hall / London, UK / April 14, 1970)",E,major,E major
Creedence Clearwater Revival,2022-09-16,0.346,0.943,3,-7.719,1,0.108,0.101,0.000148,0.31,0.811,159.586,4,171024,False,"Good Golly Miss Molly - At The Royal Albert Hall / London, UK / April 14, 1970",11,"At The Royal Albert Hall (At The Royal Albert Hall / London, UK / April 14, 1970)",D#,major,D# major
Creedence Clearwater Revival,2022-09-16,0.18,0.842,9,-7.954,1,0.0498,0.00464,0.143,0.97,0.484,87.033,4,517398,False,"Keep On Chooglin' - At The Royal Albert Hall / London, UK / April 14, 1970",12,"At The Royal Albert Hall (At The Royal Albert Hall / London, UK / April 14, 1970)",A,major,A major
Creedence Clearwater Revival,2019-08-02,0.433,0.63,9,-7.607,1,0.0451,0.0101,0.192,0.823,0.749,120.51,4,333493,False,Born On The Bayou - Live At The Woodstock Music & Art Fair / 1969,1,Live At Woodstock,A,major,A major
Creedence Clearwater Revival,2019-08-02,0.497,0.833,9,-8.084,1,0.0299,0.00338,0.00196,0.358,0.819,140.118,4,196293,False,Green River - Live At The Woodstock Music & Art Fair / 1969,2,Live At Woodstock,A,major,A major
Creedence Clearwater Revival,2019-08-02,0.444,0.749,9,-9.168,1,0.0456,0.013,0.0346,0.0927,0.549,117.317,4,285626,False,Ninety-Nine And A Half (Won’t Do) - Live At The Woodstock Music & Art Fair / 1969,3,Live At Woodstock,A,major,A major
Creedence Clearwater Revival,2019-08-02,0.572,0.81,7,-8.337,1,0.0317,0.00703,0.0559,0.643,0.957,142.379,4,217746,False,Bootleg - Live At The Woodstock Music & Art Fair / 1969,4,Live At Woodstock,G,major,G major
Creedence Clearwater Revival,2019-08-02,0.492,0.801,0,-7.45,1,0.0339,0.00661,0.00333,0.801,0.724,134.447,4,167920,False,Commotion - Live At The Woodstock Music & Art Fair / 1969,5,Live At Woodstock,C,major,C major
Creedence Clearwater Revival,2019-08-02,0.318,0.866,2,-6.787,1,0.0441,0.0124,0.000852,0.686,0.916,192.538,4,133253,False,Bad Moon Rising - Live At The Woodstock Music & Art Fair / 1969,6,Live At Woodstock,D,major,D major
Creedence Clearwater Revival,2019-08-02,0.494,0.865,2,-7.761,1,0.0512,0.183,0.0334,0.8,0.418,125.655,4,231666,False,Proud Mary - Live At The Woodstock Music & Art Fair / 1969,7,Live At Woodstock,D,major,D major
Creedence Clearwater Revival,2019-08-02,0.33,0.922,0,-6.189,1,0.0609,0.0156,0.03,0.839,0.64,112.907,4,268080,False,I Put A Spell On You - Live At The Woodstock Music & Art Fair / 1969,8,Live At Woodstock,C,major,C major
Creedence Clearwater Revival,2019-08-02,0.454,0.885,4,-6.387,1,0.0487,0.0205,0.000399,0.756,0.592,112.878,3,209693,False,The Night Time Is The Right Time - Live At The Woodstock Music & Art Fair / 1969,9,Live At Woodstock,E,major,E major
Creedence Clearwater Revival,2019-08-02,0.266,0.764,4,-6.459,1,0.0461,0.00199,0.19,0.363,0.34,89.156,4,629093,False,Keep On Chooglin’ - Live At The Woodstock Music & Art Fair / 1969,10,Live At Woodstock,E,major,E major
Creedence Clearwater Revival,2019-08-02,0.332,0.899,9,-5.638,1,0.0463,0.0348,0.432,0.684,0.66,136.696,4,652186,False,Suzie Q - Live At The Woodstock Music & Art Fair / 1969,11,Live At Woodstock,A,major,A major
Creedence Clearwater Revival,1980-12,0.392,0.754,9,-7.422,1,0.0491,0.000153,0.187,0.551,0.517,120.061,4,314466,False,"Born On The Bayou - Remastered / Live At The Oakland Coliseum, Oakland, CA / January 31, 1970",1,The Concert,A,major,A major
Creedence Clearwater Revival,1980-12,0.459,0.883,11,-6.888,0,0.0359,0.000261,0.000366,0.74,0.705,143.337,4,180386,False,"Green River - Remastered / Live At The Oakland Coliseum, Oakland, CA / January 31, 1970",2,The Concert,B,minor,B minor
Creedence Clearwater Revival,1980-12,0.438,0.821,7,-6.853,1,0.0386,0.000164,0.0217,0.815,0.705,116.503,4,246026,False,"Tombstone Shadow - Remastered / Live At The Oakland Coliseum, Oakland, CA / January 31, 1970",3,The Concert,G,major,G major
Creedence Clearwater Revival,1980-12,0.626,0.872,4,-7.27,1,0.0419,0.0932,0.239,0.512,0.656,103.322,4,145533,False,"Don't Look Now - Remastered / Live At The Oakland Coliseum, Oakland, CA / January 31, 1970",4,The Concert,E,major,E major
Creedence Clearwater Revival,1980-12,0.281,0.975,11,-6.275,0,0.387,0.00195,0.0565,0.748,0.166,174.355,4,137586,False,"Travelin' Band - Remastered / Live At The Oakland Coliseum, Oakland, CA / January 31, 1970",5,The Concert,B,minor,B minor
Creedence Clearwater Revival,1980-12,0.403,0.907,7,-7.018,1,0.0336,0.000177,0.021,0.952,0.486,128.112,4,151626,False,"Who'll Stop The Rain - Remastered / Live At The Oakland Coliseum, Oakland, CA / January 31, 1970",6,The Concert,G,major,G major
Creedence Clearwater Revival,1980-12,0.446,0.926,2,-6.034,1,0.0828,0.00352,8.96e-05,0.68,0.614,188.904,4,136786,False,"Bad Moon Rising - Remastered / Live At The Oakland Coliseum, Oakland, CA / January 31, 1970",7,The Concert,D,major,D major
Creedence Clearwater Revival,1980-12,0.487,0.936,2,-6.003,1,0.0541,0.0013,0.00276,0.709,0.447,129.685,4,189786,False,"Proud Mary - Remastered / Live At The Oakland Coliseum, Oakland, CA / January 31, 1970",8,The Concert,D,major,D major
Creedence Clearwater Revival,1980-12,0.353,0.893,7,-5.763,1,0.0485,8.38e-05,0.00535,0.48,0.334,143.038,4,142360,False,"Fortunate Son - Remastered / Live At The Oakland Coliseum, Oakland, CA / January 31, 1970",9,The Concert,G,major,G major
Creedence Clearwater Revival,1980-12,0.383,0.883,2,-5.409,1,0.0311,0.000806,0.0181,0.655,0.472,137.298,4,156826,False,"Commotion - Remastered / Live At The Oakland Coliseum, Oakland, CA / January 31, 1970",10,The Concert,D,major,D major
Creedence Clearwater Revival,1980-12,0.413,0.711,2,-7.816,1,0.0556,0.00365,0.000227,0.416,0.538,128.853,4,228400,False,"The Midnight Special - Remastered / Live At The Oakland Coliseum, Oakland, CA / January 31, 1970",11,The Concert,D,major,D major
Creedence Clearwater Revival,1980-12,0.399,0.914,4,-6.272,1,0.0806,0.00204,0.000664,0.914,0.323,108.826,3,209440,False,"The Night Time Is The Right Time - Remastered / Live At The Oakland Coliseum, Oakland, CA / January 31, 1970",12,The Concert,E,major,E major
Creedence Clearwater Revival,1980-12,0.597,0.867,0,-6.048,1,0.0407,0.00548,0.00247,0.833,0.704,114.185,4,164506,False,"Down On The Corner - Remastered / Live At The Oakland Coliseum, Oakland, CA / January 31, 1970",13,The Concert,C,major,C major
Creedence Clearwater Revival,1980-12,0.195,0.945,11,-5.626,1,0.13,0.000216,0.109,0.912,0.0945,94.975,4,550240,False,"Keep On Chooglin' - Remastered / Live At The Oakland Coliseum, Oakland, CA / January 31, 1970",14,The Concert,B,major,B major
Creedence Clearwater Revival,1973-10-16,0.398,0.665,9,-10.454,1,0.0559,0.118,0.286,0.99,0.652,126.295,4,304093,False,"Born On The Bayou - Live In Europe / September 4-28th, 1971",1,Live In Europe,A,major,A major
Creedence Clearwater Revival,1973-10-16,0.395,0.763,9,-8.531,1,0.0523,0.113,0.00156,0.476,0.688,140.118,4,270840,False,"Medley: Green River/Susie Q - Live In Europe / September 4-28th, 1971",2,Live In Europe,A,major,A major
Creedence Clearwater Revival,1973-10-16,0.41,0.89,7,-8.382,1,0.0499,0.00776,0.00086,0.923,0.825,152.221,4,195093,False,"It Came Out Of The Sky - Live In Europe / September 4-28th, 1971",3,Live In Europe,G,major,G major
Creedence Clearwater Revival,1973-10-16,0.52,0.897,4,-7.297,0,0.0688,0.285,0.0,0.935,0.769,131.216,4,120733,False,"Door To Door - Live In Europe / September 4-28th, 1971",4,Live In Europe,E,minor,E minor
Creedence Clearwater Revival,1973-10-16,0.379,0.926,6,-6.464,1,0.108,0.358,0.00158,0.679,0.859,170.677,4,132440,False,"Travelin' Band - Live In Europe / September 4-28th, 1971",5,Live In Europe,F#,major,F# major
Creedence Clearwater Revival,1973-10-16,0.379,0.663,7,-8.55,1,0.0346,0.0439,0.0187,0.683,0.402,140.804,4,145160,False,"Fortunate Son - Live In Europe / September 4-28th, 1971",6,Live In Europe,G,major,G major
Creedence Clearwater Revival,1973-10-16,0.413,0.81,7,-7.927,1,0.0562,0.373,0.0527,0.928,0.541,147.015,4,154066,False,"Commotion - Live In Europe / September 4-28th, 1971",7,Live In Europe,G,major,G major
Creedence Clearwater Revival,1973-10-16,0.544,0.61,5,-10.117,1,0.0376,0.663,0.000273,0.706,0.598,132.496,4,193640,False,"Lodi - Live In Europe / September 4-28th, 1971",8,Live In Europe,F,major,F major
Creedence Clearwater Revival,1973-10-16,0.551,0.747,2,-10.822,1,0.0356,0.0485,0.00014,0.71,0.773,98.639,4,124600,False,"Bad Moon Rising - Live In Europe / September 4-28th, 1971",9,Live In Europe,D,major,D major
Creedence Clearwater Revival,1973-10-16,0.482,0.679,2,-10.834,1,0.0302,0.216,1.76e-05,0.956,0.749,134.781,4,172200,False,"Proud Mary - Live In Europe / September 4-28th, 1971",10,Live In Europe,D,major,D major
Creedence Clearwater Revival,1973-10-16,0.448,0.917,2,-7.77,1,0.0855,0.438,0.499,0.942,0.527,141.823,4,162133,False,"Up Around The Bend - Live In Europe / September 4-28th, 1971",11,Live In Europe,D,major,D major
Creedence Clearwater Revival,1973-10-16,0.286,0.905,4,-8.235,1,0.114,0.0239,0.692,0.965,0.247,148.155,4,150866,False,"Hey Tonight - Live In Europe / September 4-28th, 1971",12,Live In Europe,E,major,E major
Creedence Clearwater Revival,1973-10-16,0.363,0.907,7,-10.532,1,0.0997,0.0681,0.000374,0.671,0.556,151.216,4,192000,False,"Sweet Hitch-Hiker - Live In Europe / September 4-28th, 1971",13,Live In Europe,G,major,G major
Creedence Clearwater Revival,1973-10-16,0.294,0.633,9,-11.93,1,0.0366,0.148,0.188,0.929,0.338,90.032,4,758133,False,"Keep On Chooglin' - Live In Europe / September 4-28th, 1971",14,Live In Europe,A,major,A major
Creedence Clearwater Revival,1972-04-11,0.848,0.367,7,-13.262,1,0.049,0.215,8.2e-05,0.0522,0.893,121.586,4,206200,False,Lookin' For A Reason,1,Mardi Gras,G,major,G major
Creedence Clearwater Revival,1972-04-11,0.595,0.772,0,-12.334,1,0.0521,0.0166,3.22e-06,0.0837,0.887,112.262,4,179400,False,Take It Like A Friend,2,Mardi Gras,C,major,C major
Creedence Clearwater Revival,1972-04-11,0.774,0.443,7,-13.906,1,0.0363,0.121,0.0,0.0764,0.824,89.132,4,178640,False,Need Someone To Hold,3,Mardi Gras,G,major,G major
Creedence Clearwater Revival,1972-04-11,0.861,0.647,2,-12.454,1,0.07,0.0142,0.000336,0.118,0.968,125.914,4,133800,False,Tearin' Up The Country,4,Mardi Gras,D,major,D major
Creedence Clearwater Revival,1972-04-11,0.69,0.367,11,-14.697,1,0.0368,0.036,0.0,0.0774,0.324,136.945,4,239506,False,Someday Never Comes,5,Mardi Gras,B,major,B major
Creedence Clearwater Revival,1972-04-11,0.596,0.66,0,-12.624,1,0.047,0.0622,0.0,0.256,0.926,178.077,4,171866,False,What Are You Gonna Do,6,Mardi Gras,C,major,C major
Creedence Clearwater Revival,1972-04-11,0.756,0.591,5,-13.425,1,0.0329,0.00388,0.000366,0.104,0.917,119.124,4,147706,False,Sail Away,7,Mardi Gras,F,major,F major
Creedence Clearwater Revival,1972-04-11,0.648,0.54,9,-12.563,1,0.0326,0.0355,4.12e-06,0.0386,0.963,103.454,4,132866,False,Hello Mary Lou,8,Mardi Gras,A,major,A major
Creedence Clearwater Revival,1972-04-11,0.605,0.864,9,-11.752,1,0.0363,0.0902,0.0,0.0876,0.964,127.218,4,126626,False,Door To Door,9,Mardi Gras,A,major,A major
Creedence Clearwater Revival,1972-04-11,0.58,0.849,2,-11.664,1,0.0325,0.0316,0.0405,0.341,0.929,142.706,4,177266,False,Sweet Hitch-Hiker,10,Mardi Gras,D,major,D major
Creedence Clearwater Revival,1970-12-07,0.461,0.716,9,-6.83,1,0.0275,0.00502,0.716,0.356,0.52,103.884,4,383920,False,Pagan Baby,1,Pendulum (Expanded Edition),A,major,A major
Creedence Clearwater Revival,1970-12-07,0.81,0.653,7,-8.424,1,0.0415,0.603,0.0113,0.0897,0.582,131.735,4,226306,False,Sailor's Lament,2,Pendulum (Expanded Edition),G,major,G major
Creedence Clearwater Revival,1970-12-07,0.64,0.801,2,-7.392,1,0.0457,0.132,6.25e-06,0.0671,0.816,133.183,4,197413,False,Chameleon,3,Pendulum (Expanded Edition),D,major,D major
Creedence Clearwater Revival,1970-12-07,0.741,0.697,0,-7.028,1,0.0277,0.0664,2.28e-05,0.133,0.774,116.109,4,160133,False,Have You Ever Seen The Rain,4,Pendulum (Expanded Edition),C,major,C major
Creedence Clearwater Revival,1970-12-07,0.616,0.357,0,-9.911,1,0.032,0.287,0.249,0.118,0.257,130.806,4,223093,False,(Wish I Could) Hideaway,5,Pendulum (Expanded Edition),C,major,C major
Creedence Clearwater Revival,1970-12-07,0.5,0.543,0,-8.672,1,0.0328,0.183,0.65,0.202,0.843,133.788,4,340840,False,Born To Move,6,Pendulum (Expanded Edition),C,major,C major
Creedence Clearwater Revival,1970-12-07,0.709,0.78,4,-7.315,1,0.0323,0.0284,0.0839,0.185,0.691,128.826,4,162853,False,Hey Tonight,7,Pendulum (Expanded Edition),E,major,E major
Creedence Clearwater Revival,1970-12-07,0.408,0.452,4,-9.999,1,0.0362,0.211,0.718,0.0608,0.233,187.417,4,230906,False,It's Just A Thought,8,Pendulum (Expanded Edition),E,major,E major
Creedence Clearwater Revival,1970-12-07,0.804,0.718,4,-7.559,1,0.0622,0.405,0.000549,0.332,0.776,138.779,4,162600,False,Molina,9,Pendulum (Expanded Edition),E,major,E major
Creedence Clearwater Revival,1970-12-07,0.333,0.468,9,-9.614,0,0.0377,0.0801,0.561,0.0518,0.0697,121.044,4,382066,False,Rude Awakening #2,10,Pendulum (Expanded Edition),A,minor,A minor
Creedence Clearwater Revival,1970-12-07,0.523,0.646,7,-12.265,1,0.906,0.745,2.54e-05,0.265,0.646,95.64,3,197813,False,45 Revolutions Per Minute - Pt. 1,11,Pendulum (Expanded Edition),G,major,G major
Creedence Clearwater Revival,1970-12-07,0.558,0.501,7,-11.484,1,0.529,0.619,0.0,0.131,0.689,133.128,4,439853,False,45 Revolutions Per Minute - Pt. 2,12,Pendulum (Expanded Edition),G,major,G major
Creedence Clearwater Revival,1970-12-07,0.388,0.959,4,-7.81,1,0.048,0.000352,0.0381,0.969,0.442,144.508,4,150266,False,Hey Tonight - Live in Hamburg,13,Pendulum (Expanded Edition),E,major,E major
Creedence Clearwater Revival,1970-12-07,0.453,0.534,9,-13.147,1,0.0283,0.00656,0.752,0.139,0.574,104.267,4,384466,False,Pagan Baby,1,Pendulum,A,major,A major
Creedence Clearwater Revival,1970-12-07,0.821,0.471,0,-14.796,1,0.0443,0.518,0.0111,0.072,0.779,131.7,4,227706,False,Sailor's Lament,2,Pendulum,C,major,C major
Creedence Clearwater Revival,1970-12-07,0.666,0.658,2,-12.609,1,0.044,0.061,3.14e-05,0.0487,0.903,133.075,4,198733,False,Chameleon,3,Pendulum,D,major,D major
Creedence Clearwater Revival,1970-12-07,0.743,0.47,0,-13.154,1,0.029,0.0936,3.15e-05,0.186,0.89,116.122,4,160333,False,Have You Ever Seen The Rain,4,Pendulum,C,major,C major
Creedence Clearwater Revival,1970-12-07,0.64,0.229,7,-15.333,1,0.0334,0.324,0.192,0.14,0.278,130.886,4,225600,False,(Wish I Could) Hideaway,5,Pendulum,G,major,G major
Creedence Clearwater Revival,1970-12-07,0.498,0.369,0,-14.421,1,0.0375,0.269,0.695,0.141,0.813,134.714,4,340800,False,Born To Move,6,Pendulum,C,major,C major
Creedence Clearwater Revival,1970-12-07,0.704,0.589,4,-12.859,1,0.0315,0.0269,0.11,0.154,0.789,128.807,4,163706,False,Hey Tonight,7,Pendulum,E,major,E major
Creedence Clearwater Revival,1970-12-07,0.409,0.289,4,-15.412,1,0.0409,0.2,0.702,0.0592,0.235,186.416,4,233306,False,It's Just A Thought,8,Pendulum,E,major,E major
Creedence Clearwater Revival,1970-12-07,0.806,0.532,4,-13.311,1,0.0828,0.385,0.00043,0.0689,0.805,138.699,4,163173,False,Molina,9,Pendulum,E,major,E major
Creedence Clearwater Revival,1970-12-07,0.321,0.304,9,-16.52,0,0.0405,0.0829,0.413,0.0437,0.0695,122.942,4,381866,False,Rude Awakening #2,10,Pendulum,A,minor,A minor
Creedence Clearwater Revival,1970-07-25,0.347,0.8,7,-6.651,1,0.0294,0.00147,0.769,0.0975,0.66,103.725,4,431226,False,Ramble Tamble,1,Cosmo's Factory (Expanded Edition),G,major,G major
Creedence Clearwater Revival,1970-07-25,0.76,0.761,4,-6.816,1,0.0452,0.244,0.05,0.368,0.943,119.627,4,206560,False,Before You Accuse Me,2,Cosmo's Factory (Expanded Edition),E,major,E major
Creedence Clearwater Revival,1970-07-25,0.513,0.92,6,-6.664,1,0.0511,0.0166,0.0282,0.178,0.963,166.186,4,127493,False,Travelin' Band,3,Cosmo's Factory (Expanded Edition),F#,major,F# major
Creedence Clearwater Revival,1970-07-25,0.511,0.745,4,-6.71,1,0.0428,0.0078,0.343,0.174,0.951,95.198,4,127053,False,Ooby Dooby,4,Cosmo's Factory (Expanded Edition),E,major,E major
Creedence Clearwater Revival,1970-07-25,0.745,0.656,10,-6.393,1,0.0405,0.188,0.00337,0.0941,0.858,105.318,4,152453,False,Lookin' Out My Back Door,5,Cosmo's Factory (Expanded Edition),A#,major,A# major
Creedence Clearwater Revival,1970-07-25,0.641,0.612,2,-8.307,1,0.0361,0.0474,0.0588,0.102,0.854,136.413,4,184746,False,Run Through The Jungle,6,Cosmo's Factory (Expanded Edition),D,major,D major
Creedence Clearwater Revival,1970-07-25,0.589,0.85,2,-6.143,1,0.0343,0.0606,0.779,0.274,0.813,130.318,4,161466,False,Up Around The Bend,7,Cosmo's Factory (Expanded Edition),D,major,D major
Creedence Clearwater Revival,1970-07-25,0.661,0.784,4,-7.056,0,0.0513,0.0171,3e-05,0.0358,0.966,118.751,4,138506,False,My Baby Left Me,8,Cosmo's Factory (Expanded Edition),E,minor,E minor
Creedence Clearwater Revival,1970-07-25,0.598,0.797,7,-6.793,1,0.0332,0.0424,0.000407,0.0717,0.622,123.566,4,147493,False,Who'll Stop The Rain,9,Cosmo's Factory (Expanded Edition),G,major,G major
Creedence Clearwater Revival,1970-07-25,0.625,0.835,9,-6.476,0,0.0491,0.0831,0.0842,0.0999,0.876,118.641,4,662773,False,I Heard It Through The Grapevine,10,Cosmo's Factory (Expanded Edition),A,minor,A minor
Creedence Clearwater Revival,1970-07-25,0.707,0.407,11,-7.045,1,0.0373,0.35,0.000253,0.0564,0.532,127.252,4,210866,False,Long As I Can See The Light,11,Cosmo's Factory (Expanded Edition),B,major,B major
Creedence Clearwater Revival,1970-07-25,0.681,0.774,6,-6.067,1,0.0537,0.351,0.718,0.166,0.97,81.52,4,135466,False,Travelin' Band - Remake Take,12,Cosmo's Factory (Expanded Edition),F#,major,F# major
Creedence Clearwater Revival,1970-07-25,0.508,0.97,2,-6.758,1,0.0392,0.0127,2.9e-05,0.309,0.874,140.837,4,161786,False,Up Around The Bend - Live In Amsterdam 9-10-71,13,Cosmo's Factory (Expanded Edition),D,major,D major
Creedence Clearwater Revival,1970-07-25,0.558,0.548,11,-7.218,1,0.0817,0.435,0.862,0.287,0.324,113.566,4,358226,False,Born On The Bayou - At Fantasy Studios,14,Cosmo's Factory (Expanded Edition),B,major,B major
Creedence Clearwater Revival,1970-07-24,0.387,0.804,7,-7.75,1,0.028,0.00619,0.713,0.0889,0.763,104.064,4,431188,False,Ramble Tamble,1,Cosmo's Factory,G,major,G major
Creedence Clearwater Revival,1970-07-24,0.778,0.708,4,-8.888,1,0.039,0.196,0.133,0.358,0.943,119.716,4,207197,False,Before You Accuse Me (Take A Look At Yourself),2,Cosmo's Factory,E,major,E major
Creedence Clearwater Revival,1970-07-24,0.512,0.96,6,-4.119,1,0.0796,0.00734,0.0479,0.226,0.956,165.52,4,128798,False,Travelin' Band,3,Cosmo's Factory,F#,major,F# major
Creedence Clearwater Revival,1970-07-24,0.415,0.763,4,-7.412,1,0.0474,0.00734,0.486,0.115,0.96,190.452,4,127429,False,Ooby Dooby,4,Cosmo's Factory,E,major,E major
Creedence Clearwater Revival,1970-07-24,0.773,0.756,10,-5.149,1,0.0388,0.159,0.00236,0.0805,0.912,105.322,4,152466,False,Lookin' Out My Back Door,5,Cosmo's Factory,A#,major,A# major
Creedence Clearwater Revival,1970-07-24,0.638,0.756,7,-5.916,1,0.0483,0.0157,0.176,0.0958,0.837,136.557,4,185106,False,Run Through The Jungle,6,Cosmo's Factory,G,major,G major
Creedence Clearwater Revival,1970-07-24,0.606,0.908,2,-5.736,1,0.037,0.00532,0.823,0.245,0.773,130.12,4,159172,False,Up Around The Bend,7,Cosmo's Factory,D,major,D major
Creedence Clearwater Revival,1970-07-24,0.698,0.747,4,-8.911,0,0.0436,0.0536,5.35e-05,0.042,0.972,118.756,4,139395,False,My Baby Left Me,8,Cosmo's Factory,E,minor,E minor
Creedence Clearwater Revival,1970-07-24,0.627,0.873,7,-5.415,1,0.0311,0.00804,0.000583,0.0555,0.628,123.113,4,147279,False,Who'll Stop The Rain,9,Cosmo's Factory,G,major,G major
Creedence Clearwater Revival,1970-07-24,0.646,0.762,9,-9.986,0,0.0477,0.15,0.0798,0.0866,0.887,118.806,4,667409,False,I Heard It Through The Grapevine,10,Cosmo's Factory,A,minor,A minor
Creedence Clearwater Revival,1970-07-24,0.579,0.317,11,-10.537,1,0.0484,0.496,0.000153,0.0589,0.542,63.299,4,213030,False,Long As I Can See The Light,11,Cosmo's Factory,B,major,B major
Creedence Clearwater Revival,1969-11-03,0.86,0.697,0,-5.275,1,0.126,0.162,0.0538,0.0456,0.796,107.754,4,165199,False,Down On The Corner,1,Willy And The Poor Boys,C,major,C major
Creedence Clearwater Revival,1969-11-03,0.628,0.898,2,-7.06,1,0.0332,0.216,0.000443,0.128,0.967,148.382,4,177131,False,It Came Out Of The Sky,2,Willy And The Poor Boys,D,major,D major
Creedence Clearwater Revival,1969-11-03,0.584,0.568,9,-10.281,1,0.0293,0.225,1.93e-06,0.11,0.887,148.577,4,174512,False,Cotton Fields (The Cotton Song),3,Willy And The Poor Boys,A,major,A major
Creedence Clearwater Revival,1969-11-03,0.72,0.48,0,-12.467,1,0.349,0.164,0.726,0.156,0.863,132.599,4,144593,False,Poorboy Shuffle,4,Willy And The Poor Boys,C,major,C major
Creedence Clearwater Revival,1969-11-03,0.802,0.466,7,-10.105,1,0.0355,0.339,0.00703,0.102,0.891,101.911,4,307700,False,Feelin' Blue,5,Willy And The Poor Boys,G,major,G major
Creedence Clearwater Revival,1969-11-03,0.635,0.751,0,-4.109,1,0.0382,0.0599,0.348,0.206,0.439,132.514,4,138052,False,Fortunate Son,6,Willy And The Poor Boys,C,major,C major
Creedence Clearwater Revival,1969-11-03,0.832,0.57,4,-10.711,1,0.0317,0.203,0.029,0.115,0.94,99.762,4,131791,False,Don't Look Now (It Ain't You Or Me),7,Willy And The Poor Boys,E,major,E major
Creedence Clearwater Revival,1969-11-03,0.765,0.478,2,-10.162,1,0.11,0.723,0.0,0.111,0.693,124.585,4,253748,False,The Midnight Special,8,Willy And The Poor Boys,D,major,D major
Creedence Clearwater Revival,1969-11-03,0.877,0.29,4,-9.058,1,0.0604,0.31,0.818,0.0976,0.494,116.525,4,204672,False,Side O' The Road,9,Willy And The Poor Boys,E,major,E major
Creedence Clearwater Revival,1969-11-03,0.356,0.568,7,-8.114,1,0.0256,0.0423,0.0896,0.266,0.379,77.701,4,389327,False,Effigy,10,Willy And The Poor Boys,G,major,G major
Creedence Clearwater Revival,1969-11-02,0.858,0.544,0,-9.289,1,0.0751,0.583,0.00109,0.0707,0.874,108.217,4,166280,False,Down On The Corner,1,Willy And The Poor Boys (Expanded Edition),C,major,C major
Creedence Clearwater Revival,1969-11-02,0.621,0.89,2,-7.605,1,0.0328,0.225,0.000582,0.174,0.965,148.417,4,175666,False,It Came Out Of The Sky,2,Willy And The Poor Boys (Expanded Edition),D,major,D major
Creedence Clearwater Revival,1969-11-02,0.582,0.641,9,-7.621,1,0.0297,0.237,0.0,0.132,0.86,148.634,4,177266,False,Cotton Fields,3,Willy And The Poor Boys (Expanded Edition),A,major,A major
Creedence Clearwater Revival,1969-11-02,0.714,0.457,0,-13.497,1,0.108,0.221,0.942,0.28,0.927,132.68,4,144826,False,Poorboy Shuffle,4,Willy And The Poor Boys (Expanded Edition),C,major,C major
Creedence Clearwater Revival,1969-11-02,0.781,0.489,7,-9.196,1,0.0337,0.435,0.0131,0.21,0.864,101.957,4,306800,False,Feelin' Blue,5,Willy And The Poor Boys (Expanded Edition),G,major,G major
Creedence Clearwater Revival,1969-11-02,0.64,0.663,0,-7.516,1,0.0374,0.201,0.00806,0.152,0.663,132.77,4,140773,False,Fortunate Son,6,Willy And The Poor Boys (Expanded Edition),C,major,C major
Creedence Clearwater Revival,1969-11-02,0.833,0.608,4,-10.462,1,0.0297,0.197,0.0102,0.117,0.947,99.711,4,131053,False,Don't Look Now,7,Willy And The Poor Boys (Expanded Edition),E,major,E major
Creedence Clearwater Revival,1969-11-02,0.763,0.462,2,-9.432,1,0.105,0.661,0.0,0.112,0.672,124.491,4,253866,False,Midnight Special,8,Willy And The Poor Boys (Expanded Edition),D,major,D major
Creedence Clearwater Revival,1969-11-02,0.884,0.305,4,-8.392,1,0.0516,0.296,0.893,0.101,0.542,116.544,4,204413,False,Side O' The Road,9,Willy And The Poor Boys (Expanded Edition),E,major,E major
Creedence Clearwater Revival,1969-11-02,0.35,0.545,7,-8.459,1,0.0261,0.0583,0.117,0.128,0.383,77.08,4,387440,False,Effigy,10,Willy And The Poor Boys (Expanded Edition),G,major,G major
Creedence Clearwater Revival,1969-11-02,0.346,0.87,7,-7.28,1,0.0443,0.00377,1.87e-05,0.0708,0.527,153.185,4,135253,False,Fortunate Son - Live,11,Willy And The Poor Boys (Expanded Edition),G,major,G major
Creedence Clearwater Revival,1969-11-02,0.458,0.876,2,-8.238,1,0.052,0.00149,5.11e-05,0.0878,0.777,156.383,4,207720,False,It Came Out Of The Sky - Live,12,Willy And The Poor Boys (Expanded Edition),D,major,D major
Creedence Clearwater Revival,1969-11-02,0.804,0.595,0,-6.799,1,0.0937,0.529,0.785,0.0649,0.741,107.086,4,168053,False,Down On The Corner - Jam With Booker T.,13,Willy And The Poor Boys (Expanded Edition),C,major,C major
Creedence Clearwater Revival,1969-08-03,0.644,0.857,4,-7.139,1,0.0295,0.0114,0.000196,0.119,0.966,141.398,4,153266,False,Green River - Remastered 1985,1,Green River (Remastered 1985),E,major,E major
Creedence Clearwater Revival,1969-08-03,0.71,0.634,7,-8.457,1,0.0304,0.0223,0.0439,0.186,0.751,127.539,4,164442,False,Commotion - Remastered 1985,2,Green River (Remastered 1985),G,major,G major
Creedence Clearwater Revival,1969-08-03,0.606,0.643,0,-8.446,1,0.0271,0.0809,0.179,0.105,0.967,110.291,4,219230,False,Tombstone Shadow - Remastered 1985,3,Green River (Remastered 1985),C,major,C major
Creedence Clearwater Revival,1969-08-03,0.652,0.351,7,-10.855,1,0.0284,0.535,0.009,0.223,0.211,113.446,4,296801,False,Wrote A Song For Everyone - Remastered 1985,4,Green River (Remastered 1985),G,major,G major
Creedence Clearwater Revival,1969-08-03,0.621,0.85,2,-4.203,1,0.0311,0.0221,1.52e-06,0.0581,0.923,89.497,4,139279,False,Bad Moon Rising - Remastered 1985,5,Green River (Remastered 1985),D,major,D major
Creedence Clearwater Revival,1969-08-03,0.749,0.739,5,-6.298,1,0.0269,0.0557,9.05e-05,0.115,0.814,126.59,4,189906,False,Lodi - Remastered 1985,6,Green River (Remastered 1985),F,major,F major
Creedence Clearwater Revival,1969-08-03,0.663,0.703,2,-9.91,1,0.0265,0.189,0.00716,0.298,0.749,97.5,4,199781,False,Cross-Tie Walker - Remastered 1985,7,Green River (Remastered 1985),D,major,D major
Creedence Clearwater Revival,1969-08-03,0.67,0.494,4,-11.166,0,0.0257,0.318,0.555,0.331,0.754,112.699,4,203234,False,Sinister Purpose - Remastered 1985,8,Green River (Remastered 1985),E,minor,E minor
Creedence Clearwater Revival,1969-08-03,0.617,0.717,4,-9.236,1,0.0274,0.387,0.000649,0.231,0.814,105.689,3,187422,False,The Night Time Is The Right Time - Remastered 1985,9,Green River (Remastered 1985),E,major,E major
Creedence Clearwater Revival,1969-08-03,0.702,0.772,9,-9.677,1,0.0277,0.0312,0.00837,0.0809,0.973,141.694,4,154120,False,Green River,1,Green River (Expanded Edition),A,major,A major
Creedence Clearwater Revival,1969-08-03,0.71,0.665,2,-7.632,1,0.0277,0.053,0.0207,0.177,0.796,127.472,4,164293,False,Commotion,2,Green River (Expanded Edition),D,major,D major
Creedence Clearwater Revival,1969-08-03,0.617,0.699,0,-6.659,1,0.0278,0.0445,0.0461,0.0684,0.968,110.165,4,218573,False,Tombstone Shadow,3,Green River (Expanded Edition),C,major,C major
Creedence Clearwater Revival,1969-08-03,0.67,0.381,7,-9.749,1,0.0285,0.583,0.00113,0.19,0.291,113.497,4,296640,False,Wrote A Song For Everyone,4,Green River (Expanded Edition),G,major,G major
Creedence Clearwater Revival,1969-08-03,0.508,0.774,2,-5.973,1,0.0321,0.0586,4.87e-06,0.063,0.942,178.946,4,141600,False,Bad Moon Rising,5,Green River (Expanded Edition),D,major,D major
Creedence Clearwater Revival,1969-08-03,0.773,0.675,5,-8.697,1,0.0281,0.324,0.000112,0.0896,0.925,126.866,4,193293,False,Lodi,6,Green River (Expanded Edition),F,major,F major
Creedence Clearwater Revival,1969-08-03,0.677,0.777,2,-7.953,1,0.0254,0.271,0.0239,0.335,0.845,97.521,4,198733,False,Cross-Tie Walker,7,Green River (Expanded Edition),D,major,D major
Creedence Clearwater Revival,1969-08-03,0.669,0.491,4,-10.032,0,0.0263,0.256,0.478,0.309,0.771,112.794,4,201693,False,Sinister Purpose,8,Green River (Expanded Edition),E,minor,E minor
Creedence Clearwater Revival,1969-08-03,0.614,0.718,9,-7.898,1,0.0271,0.236,0.000798,0.124,0.849,105.745,3,189120,False,The Night Time Is The Right Time,9,Green River (Expanded Edition),A,major,A major
Creedence Clearwater Revival,1969-08-03,0.687,0.772,2,-10.682,1,0.0312,0.00331,0.765,0.08,0.933,139.785,4,159373,False,Broken Spoke Shuffle,10,Green River (Expanded Edition),D,major,D major
Creedence Clearwater Revival,1969-08-03,0.607,0.816,9,-6.844,1,0.034,0.00424,0.73,0.0817,0.832,123.778,4,168546,False,Glory Be,11,Green River (Expanded Edition),A,major,A major
Creedence Clearwater Revival,1969-08-03,0.29,0.861,2,-6.592,1,0.0541,0.00746,0.00024,0.643,0.712,202.106,4,127986,False,Bad Moon Rising - Live In Berlin,12,Green River (Expanded Edition),D,major,D major
Creedence Clearwater Revival,1969-08-03,0.376,0.87,0,-8.462,1,0.0519,0.0251,0.00107,0.336,0.784,142.321,4,268093,False,Green River/Suzie Q - Live In Stockholm,13,Green River (Expanded Edition),C,major,C major
Creedence Clearwater Revival,1969-08-03,0.524,0.79,5,-9.005,1,0.0284,0.0371,0.00209,0.118,0.881,130.17,4,199733,False,Lodi - Live In Hamburg,14,Green River (Expanded Edition),F,major,F major
Creedence Clearwater Revival,1969-01-05,0.656,0.601,9,-7.734,1,0.0389,0.0553,0.0667,0.0974,0.576,117.296,4,315200,False,Born On The Bayou,1,Bayou Country (Expanded Edition),A,major,A major
Creedence Clearwater Revival,1969-01-05,0.722,0.713,6,-9.147,1,0.0484,0.0237,3.04e-05,0.0516,0.614,146.622,4,182013,False,Bootleg,2,Bayou Country (Expanded Edition),F#,major,F# major
Creedence Clearwater Revival,1969-01-05,0.752,0.266,9,-9.619,1,0.0368,0.0963,0.0207,0.0951,0.383,116.668,4,516320,False,Graveyard Train,3,Bayou Country (Expanded Edition),A,major,A major
Creedence Clearwater Revival,1969-01-05,0.566,0.765,10,-7.551,0,0.0323,0.18,0.0133,0.136,0.969,75.008,4,161853,False,Good Golly Miss Molly,4,Bayou Country (Expanded Edition),A#,minor,A# minor
Creedence Clearwater Revival,1969-01-05,0.486,0.725,7,-7.216,1,0.0319,0.00894,0.00397,0.0479,0.812,92.984,4,217666,False,Penthouse Pauper,5,Bayou Country (Expanded Edition),G,major,G major
Creedence Clearwater Revival,1969-01-05,0.699,0.641,2,-7.564,1,0.0289,0.13,0.000218,0.0601,0.728,120.745,4,187213,False,Proud Mary,6,Bayou Country (Expanded Edition),D,major,D major
Creedence Clearwater Revival,1969-01-05,0.338,0.465,4,-9.634,1,0.0502,0.01,0.294,0.109,0.198,166.869,4,461293,False,Keep On Chooglin',7,Bayou Country (Expanded Edition),E,major,E major
Creedence Clearwater Revival,1969-01-05,0.703,0.657,1,-7.949,1,0.0553,0.134,0.000688,0.114,0.558,146.783,4,346200,False,Bootleg - Alternate Take,8,Bayou Country (Expanded Edition),C#,major,C# major
Creedence Clearwater Revival,1969-01-05,0.447,0.799,9,-7.209,1,0.0641,0.0239,0.000205,0.769,0.505,125.273,4,286160,False,Born On The Bayou - Live in London,9,Bayou Country (Expanded Edition),A,major,A major
Creedence Clearwater Revival,1969-01-05,0.518,0.823,2,-6.667,1,0.0317,0.0217,6.93e-05,0.32,0.774,134.946,4,169186,False,Proud Mary - Live in Stockholm,10,Bayou Country (Expanded Edition),D,major,D major
Creedence Clearwater Revival,1969-01-05,0.142,0.848,7,-7.442,1,0.0605,0.000328,0.567,0.875,0.533,207.354,3,528840,False,Crazy Otto - Live at The Fillmore,11,Bayou Country (Expanded Edition),G,major,G major
Creedence Clearwater Revival,1969-01-05,0.678,0.386,9,-15.991,1,0.0464,0.0686,0.109,0.108,0.552,117.303,4,314666,False,Born On The Bayou,1,Bayou Country,A,major,A major
Creedence Clearwater Revival,1969-01-05,0.723,0.468,2,-17.212,1,0.0547,0.0182,0.000144,0.0591,0.612,146.582,4,180773,False,Bootleg,2,Bayou Country,D,major,D major
Creedence Clearwater Revival,1969-01-05,0.748,0.105,9,-19.15,1,0.0482,0.0798,0.0258,0.102,0.383,116.64,4,515440,False,Graveyard Train,3,Bayou Country,A,major,A major
Creedence Clearwater Revival,1969-01-05,0.549,0.543,5,-14.671,0,0.0362,0.175,0.0321,0.166,0.968,74.006,4,160626,False,Good Golly Miss Molly,4,Bayou Country,F,minor,F minor
Creedence Clearwater Revival,1969-01-05,0.496,0.509,7,-15.252,1,0.0326,0.00754,0.00532,0.061,0.851,92.983,4,217426,False,Penthouse Pauper,5,Bayou Country,G,major,G major
Creedence Clearwater Revival,1969-01-05,0.72,0.391,2,-16.595,1,0.0342,0.163,8.29e-05,0.046,0.786,120.794,4,187226,False,Proud Mary,6,Bayou Country,D,major,D major
Creedence Clearwater Revival,1969-01-05,0.496,0.273,4,-18.811,1,0.0435,0.022,0.185,0.141,0.227,82.947,4,460466,False,Keep On Chooglin',7,Bayou Country,E,major,E major
Creedence Clearwater Revival,1968-07-05,0.391,0.732,4,-8.188,0,0.0295,0.00471,0.121,0.0979,0.622,100.354,4,271786,False,I Put A Spell On You,1,Creedence Clearwater Revival (Expanded Edition),E,minor,E minor
Creedence Clearwater Revival,1968-07-05,0.652,0.693,8,-3.979,0,0.0359,0.66,0.00809,0.304,0.907,116.291,4,183613,False,The Working Man,2,Creedence Clearwater Revival (Expanded Edition),G#,minor,G# minor
Creedence Clearwater Revival,1968-07-05,0.435,0.618,4,-11.391,0,0.0324,0.0601,0.00282,0.167,0.695,129.911,4,517159,False,Suzie Q,3,Creedence Clearwater Revival (Expanded Edition),E,minor,E minor
Creedence Clearwater Revival,1968-07-05,0.506,0.606,9,-7.914,1,0.0289,0.028,0.129,0.188,0.843,110.072,4,217106,False,Ninety-Nine And A Half (Won't Do),4,Creedence Clearwater Revival (Expanded Edition),A,major,A major
Creedence Clearwater Revival,1968-07-05,0.637,0.737,2,-4.941,1,0.0294,0.0982,9.85e-05,0.0415,0.563,110.281,4,188680,False,Get Down Woman,5,Creedence Clearwater Revival (Expanded Edition),D,major,D major
Creedence Clearwater Revival,1968-07-05,0.593,0.787,9,-5.937,1,0.0276,0.256,0.0341,0.117,0.675,105.156,4,141746,False,Porterville,6,Creedence Clearwater Revival (Expanded Edition),A,major,A major
Creedence Clearwater Revival,1968-07-05,0.418,0.425,10,-9.16,1,0.0382,0.0011,0.00131,0.099,0.429,126.02,4,228626,False,Gloomy,7,Creedence Clearwater Revival (Expanded Edition),A#,major,A# major
Creedence Clearwater Revival,1968-07-05,0.407,0.735,2,-8.592,1,0.0409,0.000665,0.578,0.231,0.458,124.612,4,278933,False,Walking On The Water,8,Creedence Clearwater Revival (Expanded Edition),D,major,D major
Creedence Clearwater Revival,1968-07-05,0.698,0.722,11,-5.262,1,0.0413,0.0761,0.000479,0.206,0.966,139.677,4,129253,False,Call It Pretending,9,Creedence Clearwater Revival (Expanded Edition),B,major,B major
Creedence Clearwater Revival,1968-07-05,0.515,0.789,11,-6.652,0,0.0325,0.0895,0.11,0.334,0.924,137.104,4,204813,False,Before You Accuse Me - Outtake,10,Creedence Clearwater Revival (Expanded Edition),B,minor,B minor
Creedence Clearwater Revival,1968-07-05,0.465,0.714,9,-8.497,1,0.0368,0.0245,0.448,0.716,0.684,107.638,4,227840,False,Ninety-Nine And A Half (Won't Do) - Live,11,Creedence Clearwater Revival (Expanded Edition),A,major,A major
Creedence Clearwater Revival,1968-07-05,0.303,0.83,11,-7.934,0,0.0414,0.00321,0.422,0.821,0.482,131.824,4,705306,False,Suzie Q - Live,12,Creedence Clearwater Revival (Expanded Edition),B,minor,B minor
Creedence Clearwater Revival,1968-07-05,0.458,0.734,9,-8.317,0,0.0291,0.00199,0.0414,0.108,0.725,104.025,4,272693,False,I Put A Spell On You,1,Creedence Clearwater Revival,A,minor,A minor
Creedence Clearwater Revival,1968-07-05,0.665,0.686,11,-5.283,1,0.0351,0.684,0.00398,0.146,0.932,115.79,4,186613,False,The Working Man,2,Creedence Clearwater Revival,B,major,B major
Creedence Clearwater Revival,1968-07-05,0.435,0.462,9,-16.651,0,0.0305,0.0705,0.00145,0.171,0.778,129.885,4,514799,False,Susie Q.,3,Creedence Clearwater Revival,A,minor,A minor
Creedence Clearwater Revival,1968-07-05,0.581,0.541,9,-8.506,1,0.0334,0.0385,0.0464,0.159,0.829,109.803,4,218667,False,Ninety-Nine And A Half (Won't Do),4,Creedence Clearwater Revival,A,major,A major
Creedence Clearwater Revival,1968-07-05,0.639,0.657,2,-6.344,1,0.0295,0.115,1.91e-05,0.0419,0.576,109.441,4,189222,False,Get Down Woman,5,Creedence Clearwater Revival,D,major,D major
Creedence Clearwater Revival,1968-07-05,0.639,0.736,9,-6.738,1,0.0281,0.222,0.000162,0.141,0.58,104.764,4,143747,False,Porterville,6,Creedence Clearwater Revival,A,major,A major
Creedence Clearwater Revival,1968-07-05,0.451,0.403,0,-10.335,0,0.071,0.00382,0.00567,0.0855,0.365,134.147,4,231088,False,Gloomy,7,Creedence Clearwater Revival,C,minor,C minor
Creedence Clearwater Revival,1968-07-05,0.449,0.851,2,-8.79,1,0.0819,0.00195,0.332,0.218,0.397,125.021,4,279448,False,Walk On The Water,8,Creedence Clearwater Revival,D,major,D major
Three 6 Mafia,2022-11-18,0.576,0.747,7,-9.081,1,0.0385,0.000193,0.0297,0.0818,0.765,155.921,4,146666,True,Wyte Music,1,Drugs & Liquor (Special Edition),G,major,G major
Three 6 Mafia,2022-11-18,0.586,0.766,11,-7.698,0,0.294,0.113,0.0,0.332,0.138,77.36,4,227532,True,That's How I Do It,2,Drugs & Liquor (Special Edition),B,minor,B minor
Three 6 Mafia,2022-11-18,0.479,0.82,6,-6.796,0,0.321,0.0281,0.0,0.349,0.202,108.402,5,252000,True,Wake the Neighbors Up,3,Drugs & Liquor (Special Edition),F#,minor,F# minor
Three 6 Mafia,2022-11-18,0.527,0.638,10,-7.772,0,0.425,0.0141,0.0,0.115,0.249,155.468,4,243076,True,Gettin Paid,4,Drugs & Liquor (Special Edition),A#,minor,A# minor
Three 6 Mafia,2022-11-18,0.685,0.728,6,-8.748,0,0.239,0.0209,0.0,0.135,0.447,102.654,5,236883,True,My Goons,5,Drugs & Liquor (Special Edition),F#,minor,F# minor
Three 6 Mafia,2022-11-18,0.701,0.417,6,-8.93,0,0.124,0.27,0.0151,0.129,0.726,78.067,4,141538,True,Haters,6,Drugs & Liquor (Special Edition),F#,minor,F# minor
Three 6 Mafia,2022-11-18,0.675,0.685,2,-9.352,0,0.165,0.0743,0.0,0.0749,0.599,139.938,4,253714,True,Dope Boy Stuntin,7,Drugs & Liquor (Special Edition),D,minor,D minor
Three 6 Mafia,2022-11-18,0.635,0.775,4,-8.268,1,0.3,0.0276,0.0,0.0649,0.561,103.997,5,258461,True,Get Laid,8,Drugs & Liquor (Special Edition),E,major,E major
Three 6 Mafia,2022-11-18,0.562,0.834,9,-12.824,1,0.611,0.822,0.0,0.586,0.476,78.501,3,28718,True,Drug Collection,9,Drugs & Liquor (Special Edition),A,major,A major
Three 6 Mafia,2022-11-18,0.57,0.768,11,-7.55,0,0.205,0.000181,2.39e-06,0.126,0.536,166.859,4,252934,True,We Trippy Mane,10,Drugs & Liquor (Special Edition),B,minor,B minor
Three 6 Mafia,2022-11-18,0.772,0.76,7,-9.072,0,0.344,0.23,0.0,0.207,0.466,145.962,4,253150,True,M.E.M.P.H.I.S.,11,Drugs & Liquor (Special Edition),G,minor,G minor
Three 6 Mafia,2022-11-18,0.555,0.717,7,-10.664,1,0.0357,0.00011,0.228,0.0784,0.714,155.938,4,146666,True,Aye,12,Drugs & Liquor (Special Edition),G,major,G major
Three 6 Mafia,2022-11-18,0.608,0.748,1,-7.947,0,0.138,0.00256,0.0,0.365,0.112,123.184,4,285333,True,I Forgive You (Chopped & Screwed) - Chopped & Screwed Bonus Track,13,Drugs & Liquor (Special Edition),C#,minor,C# minor
Three 6 Mafia,2022-11-18,0.621,0.683,7,-7.919,1,0.0491,1.64e-05,0.262,0.334,0.578,144.954,4,146666,True,Real Talk,14,Drugs & Liquor (Special Edition),G,major,G major
Three 6 Mafia,2022-11-18,0.74,0.803,3,-7.876,0,0.357,0.154,0.0,0.0772,0.477,159.975,4,246000,True,Get Like Me,15,Drugs & Liquor (Special Edition),D#,minor,D# minor
Three 6 Mafia,2022-11-18,0.47,0.857,10,-6.614,0,0.35,0.0114,0.0,0.107,0.45,107.405,5,228000,True,I Do It for the Hood,16,Drugs & Liquor (Special Edition),A#,minor,A# minor
Three 6 Mafia,2022-11-18,0.408,0.807,8,-7.161,1,0.343,0.0131,0.0,0.271,0.207,186.147,3,258461,True,Bank Rolls,17,Drugs & Liquor (Special Edition),G#,major,G# major
Three 6 Mafia,2022-11-18,0.551,0.7,11,-9.981,0,0.0416,0.000372,0.162,0.321,0.281,80.013,4,140000,True,Leave Me Alone,18,Drugs & Liquor (Special Edition),B,minor,B minor
Three 6 Mafia,2022-11-18,0.653,0.661,2,-6.304,1,0.133,0.00579,0.0,0.177,0.271,77.923,4,228000,True,Doin Me Right Now,19,Drugs & Liquor (Special Edition),D,major,D major
Three 6 Mafia,2022-11-18,0.473,0.759,11,-8.644,0,0.277,0.000641,0.0,0.351,0.534,143.723,4,246666,True,I Forgive You,20,Drugs & Liquor (Special Edition),B,minor,B minor
Three 6 Mafia,2022-11-18,0.613,0.766,10,-7.522,0,0.246,0.0853,0.0,0.17,0.45,159.925,4,228000,True,Miss Wyte,21,Drugs & Liquor (Special Edition),A#,minor,A# minor
Three 6 Mafia,2022-11-18,0.767,0.572,1,-8.474,0,0.127,7.81e-06,0.224,0.112,0.0517,146.025,4,75000,True,Too Cool,22,Drugs & Liquor (Special Edition),C#,minor,C# minor
Three 6 Mafia,2022-11-18,0.705,0.773,0,-6.456,0,0.154,0.0539,0.0,0.0458,0.267,156.013,4,239941,True,Life is Funny,23,Drugs & Liquor (Special Edition),C,minor,C minor
Three 6 Mafia,2022-11-18,0.493,0.847,11,-6.439,0,0.333,0.0358,0.0,0.106,0.511,81.05,4,208571,True,What I Like,24,Drugs & Liquor (Special Edition),B,minor,B minor
Three 6 Mafia,2022-11-18,0.626,0.701,7,-7.695,1,0.0508,3.65e-05,0.0181,0.331,0.488,145.026,4,146666,True,Alright,25,Drugs & Liquor (Special Edition),G,major,G major
Three 6 Mafia,2022-11-18,0.617,0.599,2,-6.405,0,0.946,0.925,0.0,0.577,0.599,177.592,3,28106,True,Promo - Bonus Track,26,Drugs & Liquor (Special Edition),D,minor,D minor
Three 6 Mafia,2008-06-24,0.67,0.688,11,-6.746,0,0.273,0.256,0.0,0.312,0.0543,106.151,5,67906,True,Intro - Explicit Album Version,1,Last 2 Walk,B,minor,B minor
Three 6 Mafia,2008-06-24,0.651,0.874,10,-5.872,0,0.0785,0.0595,0.0,0.102,0.507,153.836,4,201520,True,I Told 'Em - Explicit Album Version,2,Last 2 Walk,A#,minor,A# minor
Three 6 Mafia,2008-06-24,0.811,0.912,9,-4.202,1,0.164,0.085,0.0,0.236,0.663,145.9,4,188013,True,Trap Boom (feat. Project Pat) - Explicit Album Version,3,Last 2 Walk,A,major,A major
Three 6 Mafia,2008-06-24,0.767,0.87,6,-5.577,0,0.0771,0.00228,0.0,0.0985,0.842,137.991,4,244906,True,Playstation - Explicit Album Version,4,Last 2 Walk,F#,minor,F# minor
Three 6 Mafia,2008-06-24,0.772,0.913,11,-4.765,0,0.16,0.066,0.0,0.376,0.72,153.383,4,227213,True,I Got (feat. Pimp C & Project Pat) - Explicit Album Version,5,Last 2 Walk,B,minor,B minor
Three 6 Mafia,2008-06-24,0.79,0.949,2,-3.517,1,0.0375,0.00014,0.0,0.0997,0.61,134.987,4,287080,True,I'd Rather (feat. Unk) - Explicit Album Version,6,Last 2 Walk,D,major,D major
Three 6 Mafia,2008-06-24,0.822,0.706,7,-6.096,1,0.256,0.0603,0.0,0.269,0.593,87.035,4,176506,True,That's Right (feat. Akon) - Explicit Album Version,7,Last 2 Walk,G,major,G major
Three 6 Mafia,2008-06-24,0.75,0.784,2,-5.48,1,0.141,0.0803,0.0,0.0766,0.252,157.059,4,187480,True,Corner Man - Explicit Album Version,8,Last 2 Walk,D,major,D major
Three 6 Mafia,2008-06-24,0.904,0.939,2,-3.444,1,0.12,0.41,2.12e-06,0.181,0.658,135.987,4,209653,True,"Weed, Blow, Pills - Explicit Album Version",9,Last 2 Walk,D,major,D major
Three 6 Mafia,2008-06-24,0.653,0.371,8,-10.566,1,0.695,0.84,0.0,0.36,0.627,72.926,3,44920,True,DXS Talk - Explicit Album Version,10,Last 2 Walk,G#,major,G# major
Three 6 Mafia,2008-06-24,0.65,0.687,2,-6.377,1,0.0439,0.0156,0.0,0.137,0.164,161.969,4,189840,True,Hood Star (feat. Lyfe Jennings) - Explicit Album Version,11,Last 2 Walk,D,major,D major
Three 6 Mafia,2008-06-24,0.73,0.809,7,-5.217,1,0.158,0.0439,3.86e-05,0.0763,0.448,160.023,4,226853,True,Get Ya Rob (feat. Project Pat) - Explicit Album Version,12,Last 2 Walk,G,major,G major
Three 6 Mafia,2008-06-24,0.65,0.885,4,-6.495,0,0.078,0.0185,0.0,0.25,0.795,156.023,4,253333,True,On Some Chrome (feat. UGK) - Explicit Album Version,13,Last 2 Walk,E,minor,E minor
Three 6 Mafia,2008-06-24,0.809,0.843,5,-5.691,0,0.0311,0.19,0.0,0.377,0.328,130.216,4,217386,True,Rollin' (feat. Lil' Wyte) - Explicit Album Version,14,Last 2 Walk,F,minor,F minor
Three 6 Mafia,2008-06-24,0.652,0.749,0,-6.114,0,0.044,0.0837,0.0,0.0721,0.175,142.112,4,216266,True,Click Bang - Explicit Album Version,15,Last 2 Walk,C,minor,C minor
Three 6 Mafia,2008-06-24,0.762,0.819,2,-6.002,0,0.0633,0.214,1.24e-06,0.251,0.569,136.036,4,211506,True,My Own Way (feat. Good Charlotte) - Explicit Album Version,16,Last 2 Walk,D,minor,D minor
Three 6 Mafia,2008-06-24,0.706,0.737,2,-7.832,1,0.0661,0.0012,0.0,0.25,0.574,82.742,4,206533,True,Dirty Bitch (feat. Project Pat) - Explicit Album Version,17,Last 2 Walk,D,major,D major
Three 6 Mafia,2008-06-24,0.654,0.927,1,-6.511,1,0.175,0.0387,4.88e-06,0.143,0.528,161.11,4,274053,True,"First 48 (feat. Project Pat, Spanish Fly, Al Kapone, Eightball & MJG) - Explicit Album Version",18,Last 2 Walk,C#,major,C# major
Three 6 Mafia,2008-06-24,0.662,0.273,10,-12.787,0,0.934,0.899,0.0,0.488,0.46,61.847,3,195453,True,Outro - Explicit Album Version,19,Last 2 Walk,A#,minor,A# minor
Three 6 Mafia,2008-06-24,0.78,0.113,6,-19.474,1,0.878,0.939,0.0,0.159,0.898,114.489,3,16146,False,Lolli Lolli (Pop That Body) Intro,20,Last 2 Walk,F#,major,F# major
Three 6 Mafia,2008-06-24,0.89,0.946,2,-5.671,1,0.0491,0.0189,0.000137,0.112,0.879,119.998,4,251373,True,"Lolli Lolli (Pop That Body) (feat. Project Pat, Young D & Superpower) - Explicit Album Version",21,Last 2 Walk,D,major,D major
Three 6 Mafia,2008-06-24,0.658,0.688,5,-4.962,1,0.0522,0.381,0.0,0.126,0.292,67.85,4,214080,True,My Own Way (feat. Good Charlotte) - Explicit Remix,22,Last 2 Walk,F,major,F major
Three 6 Mafia,2008-06-24,0.578,0.907,8,-5.579,0,0.102,0.111,0.0,0.363,0.926,162.073,4,179640,True,Bunch of Dat,23,Last 2 Walk,G#,minor,G# minor
Three 6 Mafia,2008-06-24,0.757,0.82,2,-4.913,1,0.106,0.0615,0.0,0.391,0.422,163.365,4,249440,True,Built Like Dat (feat. Project Pat),24,Last 2 Walk,D,major,D major
Three 6 Mafia,2008-06-17,0.613,0.608,7,-8.816,1,0.395,0.115,0.0,0.133,0.106,87.069,3,78653,True,Intro - Screwed & Chopped,1,Last 2 Walk: Chopped & Screwed,G,major,G major
Three 6 Mafia,2008-06-17,0.715,0.843,2,-7.261,1,0.15,0.00982,0.0,0.103,0.477,127.766,4,232853,True,I Told 'Em - Screwed & Chopped,2,Last 2 Walk: Chopped & Screwed,D,major,D major
Three 6 Mafia,2008-06-17,0.806,0.812,1,-6.962,1,0.162,0.0372,0.0,0.512,0.232,124.851,4,230626,True,Trap Boom (feat. Project Pat) - Screwed & Chopped,3,Last 2 Walk: Chopped & Screwed,C#,major,C# major
Three 6 Mafia,2008-06-17,0.777,0.841,8,-7.829,1,0.13,0.00486,0.0669,0.221,0.556,115.213,4,291333,True,Playstation - Screwed & Chopped,4,Last 2 Walk: Chopped & Screwed,G#,major,G# major
Three 6 Mafia,2008-06-17,0.814,0.677,1,-6.472,1,0.0376,4.96e-05,8.63e-06,0.386,0.0885,115.193,4,333120,True,I'd Rather (feat. Unk) - Screwed & Chopped,5,Last 2 Walk: Chopped & Screwed,C#,major,C# major
Three 6 Mafia,2008-06-17,0.835,0.738,6,-7.761,1,0.0343,0.0745,0.0,0.378,0.32,115.335,4,216466,True,Rollin' (feat. Lil' Wyte) - Screwed & Chopped,6,Last 2 Walk: Chopped & Screwed,F#,major,F# major
Three 6 Mafia,2008-06-17,0.892,0.864,10,-5.202,0,0.0418,0.293,0.000378,0.2,0.297,115.082,4,216853,True,"Weed, Blow, Pills - Screwed & Chopped",7,Last 2 Walk: Chopped & Screwed,A#,minor,A# minor
Three 6 Mafia,2008-06-17,0.765,0.838,7,-5.749,1,0.0596,0.126,2.23e-06,0.107,0.22,114.984,4,238160,True,My Own Way (feat. Good Charlotte) - Screwed & Chopped,8,Last 2 Walk: Chopped & Screwed,G,major,G major
Three 6 Mafia,2008-06-17,0.704,0.316,0,-13.151,1,0.547,0.804,0.0,0.461,0.488,95.961,3,51880,True,DXS Talk - Screwed & Chopped,9,Last 2 Walk: Chopped & Screwed,C,major,C major
Three 6 Mafia,2008-06-17,0.815,0.56,1,-7.565,0,0.317,0.00769,0.0,0.211,0.402,144.458,4,219600,True,That's Right (feat. Akon) - Screwed & Chopped,10,Last 2 Walk: Chopped & Screwed,C#,minor,C# minor
Three 6 Mafia,2008-06-17,0.715,0.553,1,-7.911,1,0.0757,0.00566,0.0,0.277,0.061,134.302,4,227133,True,Hood Star (feat. Lyfe Jennings) - Screwed & Chopped,11,Last 2 Walk: Chopped & Screwed,C#,major,C# major
Three 6 Mafia,2008-06-17,0.778,0.639,5,-7.672,0,0.0798,0.108,7.35e-06,0.114,0.0397,134.23,4,44413,True,DJ Michael Watts - Interlude,12,Last 2 Walk: Chopped & Screwed,F,minor,F minor
Three 6 Mafia,2008-06-17,0.767,0.82,2,-5.621,1,0.122,0.00281,0.0109,0.134,0.386,134.458,4,267853,True,Get Ya Rob (feat. Project Pat) - Screwed & Chopped,13,Last 2 Walk: Chopped & Screwed,D,major,D major
Three 6 Mafia,2008-06-17,0.701,0.854,1,-6.517,0,0.0478,0.022,0.0,0.344,0.623,134.274,4,264293,True,On Some Chrome (feat. UGK) - Screwed & Chopped,14,Last 2 Walk: Chopped & Screwed,C#,minor,C# minor
Three 6 Mafia,2008-06-17,0.725,0.695,1,-7.561,1,0.035,0.000241,9.67e-06,0.147,0.108,134.086,4,279733,True,Dirty Bitch (feat. Project Pat) - Screwed & Chopped,15,Last 2 Walk: Chopped & Screwed,C#,major,C# major
Three 6 Mafia,2008-06-17,0.772,0.663,7,-8.44,1,0.0334,0.00612,1.07e-05,0.38,0.0818,134.264,4,200146,True,Corner Man - Screwed & Chopped,16,Last 2 Walk: Chopped & Screwed,G,major,G major
Three 6 Mafia,2008-06-17,0.723,0.775,5,-8.49,0,0.0622,0.00669,0.00319,0.328,0.451,134.53,4,303546,False,"First 48 (feat. Project Pat, Spanish Fly, Al Kapone, Eightball & MJG) - Screwed & Chopped",17,Last 2 Walk: Chopped & Screwed,F,minor,F minor
Three 6 Mafia,2008-06-17,0.67,0.819,9,-7.441,0,0.172,0.0221,0.0,0.64,0.424,120.191,4,199280,True,Click Bang - Screwed & Chopped,18,Last 2 Walk: Chopped & Screwed,A,minor,A minor
Three 6 Mafia,2008-06-17,0.626,0.221,1,-13.96,1,0.925,0.88,0.0,0.268,0.435,170.022,3,232946,True,Outro - Screwed & Chopped,19,Last 2 Walk: Chopped & Screwed,C#,major,C# major
Three 6 Mafia,2008-06-17,0.688,0.693,10,-7.813,0,0.252,0.0136,0.000105,0.167,0.53,200.372,4,320853,True,"Lolli Lolli (Pop That Body) (feat. Project Pat, Young D & Superpower) - Screwed & Chopped",20,Last 2 Walk: Chopped & Screwed,A#,minor,A# minor
Three 6 Mafia,2006-06-20,0.596,0.258,5,-9.477,1,0.298,0.495,0.0,0.656,0.495,151.559,4,87866,True,Most Known Unknown Hits,1,Most Known Unknown,F,major,F major
Three 6 Mafia,2006-06-20,0.787,0.844,11,-6.865,1,0.0322,0.0527,0.0,0.353,0.661,133.294,4,236640,False,Stay Fly (feat. Young Buck & 8Ball & MJG),2,Most Known Unknown,B,major,B major
Three 6 Mafia,2006-06-20,0.808,0.741,7,-4.76,1,0.0535,0.113,0.0,0.0815,0.418,80.004,4,182466,True,Roll With It (feat. Project Pat),3,Most Known Unknown,G,major,G major
Three 6 Mafia,2006-06-20,0.773,0.84,7,-5.187,1,0.109,0.436,0.0,0.329,0.683,159.917,4,229626,True,Don't Violate (feat. Frayser Boy),4,Most Known Unknown,G,major,G major
Three 6 Mafia,2006-06-20,0.86,0.626,11,-4.665,0,0.131,0.604,0.000607,0.185,0.729,142.974,4,215533,True,Swervin' (feat. Mike Jones & Paul Wall),5,Most Known Unknown,B,minor,B minor
Three 6 Mafia,2006-06-20,0.785,0.797,1,-5.834,1,0.147,0.154,0.0,0.121,0.719,167.182,4,260066,True,Knock Tha Black Off Yo Ass (feat. Project Pat),6,Most Known Unknown,C#,major,C# major
Three 6 Mafia,2006-06-20,0.729,0.795,7,-4.579,1,0.144,0.354,0.0,0.536,0.856,146.747,4,176880,True,Poppin' My Collar (feat. Project Pat),7,Most Known Unknown,G,major,G major
Three 6 Mafia,2006-06-20,0.793,0.861,6,-5.461,1,0.0927,0.22,0.0,0.0676,0.648,152.028,4,252493,True,Hard Hittaz (feat. Boogiemane),8,Most Known Unknown,F#,major,F# major
Three 6 Mafia,2006-06-20,0.723,0.763,7,-6.284,1,0.0541,0.0397,0.0,0.121,0.43,169.882,4,213800,True,Side 2 Side (feat. Kayne West & Project Pat),9,Most Known Unknown,G,major,G major
Three 6 Mafia,2006-06-20,0.917,0.624,2,-5.761,1,0.0441,0.229,0.0,0.128,0.328,126.98,4,206733,True,Half On a Sack,10,Most Known Unknown,D,major,D major
Three 6 Mafia,2006-06-20,0.689,0.283,1,-10.868,1,0.925,0.734,0.0,0.0972,0.426,146.1,4,26240,True,Skit,11,Most Known Unknown,C#,major,C# major
Three 6 Mafia,2006-06-20,0.819,0.715,6,-5.069,0,0.196,0.315,1.45e-06,0.138,0.666,155.871,4,270906,True,When I Pull Up At the Club (feat. Paul Wall),12,Most Known Unknown,F#,minor,F# minor
Three 6 Mafia,2006-06-20,0.869,0.594,7,-5.514,1,0.0414,0.0594,3.25e-06,0.122,0.426,125.411,4,260173,True,Pussy Got Ya Hooked (feat. Remy Ma),13,Most Known Unknown,G,major,G major
Three 6 Mafia,2006-06-20,0.818,0.631,6,-7.303,0,0.26,0.266,0.0,0.256,0.665,81.971,4,203546,True,Don't Cha Get Mad (feat. Lil' Flip),14,Most Known Unknown,F#,minor,F# minor
Three 6 Mafia,2006-06-20,0.846,0.749,1,-5.49,1,0.315,0.0796,0.0,0.104,0.495,90.426,4,247146,True,"Body Parts 3 (feat. Juicy J, DJ Paul, Crunchy Black, Lil Wyte, Frayser Boy, Chrome, Boogieman, Project Pat & Grandaddy Souf)",15,Most Known Unknown,C#,major,C# major
Three 6 Mafia,2006-06-20,0.851,0.705,0,-7.537,1,0.0616,0.022,0.000966,0.0721,0.839,160.97,4,169186,True,Hard Out Here for a Pimp (feat. Paula Campbell),16,Most Known Unknown,C,major,C major
Three 6 Mafia,2006-06-20,0.793,0.904,4,-5.633,0,0.0348,0.0305,0.0,0.266,0.575,135.552,4,231306,True,"Stay Fly (feat. Slim Thug, Trick Daddy & Project Pat) - Remix",17,Most Known Unknown,E,minor,E minor
Three 6 Mafia,2006-06-20,0.722,0.329,5,-8.654,1,0.575,0.946,0.0,0.44,0.597,92.345,4,163146,True,Outro,18,Most Known Unknown,F,major,F major
Three 6 Mafia,2006-06-20,0.748,0.801,7,-3.789,1,0.0413,0.125,0.0,0.398,0.693,81.471,4,270946,True,Got It 4 Sale (feat. Chrome),19,Most Known Unknown,G,major,G major
Three 6 Mafia,2006-06-20,0.753,0.826,1,-5.865,0,0.13,0.178,0.0,0.219,0.726,154.486,4,186360,True,Let's Plan A Robbery,20,Most Known Unknown,C#,minor,C# minor
Three 6 Mafia,2006-06-20,0.825,0.745,7,-7.273,1,0.109,0.00857,0.0,0.0893,0.542,169.836,4,214546,True,Side 2 Side (feat. Bow Wow & Project Pat),21,Most Known Unknown,G,major,G major
Three 6 Mafia,2006-06-20,0.733,0.854,1,-5.967,1,0.121,0.0917,0.00159,0.252,0.564,167.047,4,244573,True,Ain't Got Time for Gamez,22,Most Known Unknown,C#,major,C# major
Three 6 Mafia,2005-09-27,0.601,0.158,2,-15.297,1,0.278,0.526,0.0,0.51,0.264,125.729,4,102333,True,Most Known Unknown Hits,1,Most Known Unknown (Screwed and Chopped),D,major,D major
Three 6 Mafia,2005-09-27,0.84,0.646,1,-11.186,1,0.145,0.318,0.0,0.105,0.562,138.741,4,289760,True,Knock Tha Black Off Yo Ass - Screwed and Chopped,2,Most Known Unknown (Screwed and Chopped),C#,major,C# major
Three 6 Mafia,2005-09-27,0.824,0.463,2,-11.544,1,0.275,0.237,8.95e-05,0.409,0.555,138.788,4,205960,True,Roll With It - Screwed and Chopped,3,Most Known Unknown (Screwed and Chopped),D,major,D major
Three 6 Mafia,2005-09-27,0.836,0.63,1,-10.906,0,0.0495,0.191,0.0522,0.182,0.638,138.646,4,210813,True,Side 2 Side - Screwed and Chopped,4,Most Known Unknown (Screwed and Chopped),C#,minor,C# minor
Three 6 Mafia,2005-09-27,0.814,0.575,5,-11.703,0,0.166,0.457,1.44e-06,0.101,0.777,138.707,4,235360,True,Don't Violate - Screwed and Chopped,5,Most Known Unknown (Screwed and Chopped),F,minor,F minor
Three 6 Mafia,2005-09-27,0.779,0.719,9,-9.49,1,0.0708,0.319,0.0,0.563,0.857,138.437,4,305013,True,Got It 4 Sale - Screwed and Chopped,6,Most Known Unknown (Screwed and Chopped),A,major,A major
Three 6 Mafia,2005-09-27,0.806,0.617,1,-11.049,1,0.132,0.163,0.0892,0.0989,0.513,138.636,4,299626,True,Ain't Got Time for Gamez - Screwed and Chopped,7,Most Known Unknown (Screwed and Chopped),C#,major,C# major
Three 6 Mafia,2005-09-27,0.822,0.598,5,-10.974,0,0.0746,0.294,0.00146,0.184,0.43,130.317,4,213613,True,Let's Plan A Robbery - Screwed and Chopped,8,Most Known Unknown (Screwed and Chopped),F,minor,F minor
Three 6 Mafia,2005-09-27,0.778,0.394,1,-11.659,1,0.267,0.242,2.81e-06,0.247,0.256,134.352,4,243253,True,Don't Cha Get Mad - Screwed and Chopped,9,Most Known Unknown (Screwed and Chopped),C#,major,C# major
Three 6 Mafia,2005-09-27,0.845,0.542,1,-10.062,0,0.197,0.251,0.0,0.356,0.705,134.282,4,277746,True,Dancin' On A Pole - Screwed and Chopped,10,Most Known Unknown (Screwed and Chopped),C#,minor,C# minor
Three 6 Mafia,2005-09-27,0.768,0.742,1,-10.315,0,0.108,0.246,0.0,0.432,0.67,130.251,4,258000,True,Hard Hittaz - Screwed and Chopped,11,Most Known Unknown (Screwed and Chopped),C#,minor,C# minor
Three 6 Mafia,2005-09-27,0.775,0.596,1,-10.442,1,0.0704,0.381,0.0,0.446,0.852,129.8,4,184826,True,Poppin' My Collar - Screwed and Chopped,12,Most Known Unknown (Screwed and Chopped),C#,major,C# major
Three 6 Mafia,2005-09-27,0.89,0.464,1,-10.185,1,0.169,0.437,0.00783,0.463,0.541,129.465,4,304426,True,When I Pull Up At the Club - Screwed and Chopped,13,Most Known Unknown (Screwed and Chopped),C#,major,C# major
Three 6 Mafia,2005-09-27,0.856,0.501,1,-9.857,1,0.078,0.544,0.36,0.402,0.557,129.414,4,230626,True,Swervin' - Screwed and Chopped,14,Most Known Unknown (Screwed and Chopped),C#,major,C# major
Three 6 Mafia,2005-09-27,0.908,0.45,8,-12.375,1,0.0674,0.268,1.55e-06,0.223,0.325,106.674,4,247346,True,Half On a Sack - Screwed and Chopped,15,Most Known Unknown (Screwed and Chopped),G#,major,G# major
Three 6 Mafia,2005-09-27,0.874,0.473,0,-10.435,1,0.0565,0.0372,3.52e-06,0.578,0.255,106.593,4,238293,True,Pussy Got Ya Hooked - Screwed and Chopped,16,Most Known Unknown (Screwed and Chopped),C,major,C major
Three 6 Mafia,2005-09-27,0.725,0.623,10,-11.223,1,0.0398,0.038,0.0144,0.376,0.485,106.597,4,275133,True,Stay Fly - Screwed and Chopped,17,Most Known Unknown (Screwed and Chopped),A#,major,A# major
Three 6 Mafia,2005-09-27,0.902,0.455,2,-12.489,0,0.313,0.24,5.13e-05,0.0879,0.487,106.681,4,45026,True,Skit,18,Most Known Unknown (Screwed and Chopped),D,minor,D minor
Three 6 Mafia,2005-09-27,0.682,0.234,7,-14.522,1,0.632,0.841,0.0,0.171,0.511,109.942,4,180480,True,Outro,19,Most Known Unknown (Screwed and Chopped),G,major,G major
Three 6 Mafia,2005-09-27,0.782,0.456,11,-10.659,0,0.432,0.116,0.0,0.147,0.303,147.704,4,303706,True,Body Parts 3 - Screwed and Chopped,20,Most Known Unknown (Screwed and Chopped),B,minor,B minor
Three 6 Mafia,2005-09-27,0.621,0.257,5,-9.549,1,0.304,0.493,0.0,0.68,0.487,151.327,4,87533,True,Most Known Unknown Hits,1,Most Known Unknown (Explicit),F,major,F major
Three 6 Mafia,2005-09-27,0.789,0.881,11,-5.758,1,0.0331,0.109,0.0,0.355,0.647,133.299,4,236600,True,Stay Fly,2,Most Known Unknown (Explicit),B,major,B major
Three 6 Mafia,2005-09-27,0.806,0.735,7,-4.76,1,0.0535,0.11,0.0,0.0843,0.418,80.017,4,182493,True,Roll With It (feat. Project Pat),3,Most Known Unknown (Explicit),G,major,G major
Three 6 Mafia,2005-09-27,0.772,0.831,7,-5.202,1,0.109,0.412,0.0,0.325,0.698,159.949,4,228133,True,Don't Violate (feat. Frayser Boy),4,Most Known Unknown (Explicit),G,major,G major
Three 6 Mafia,2005-09-27,0.858,0.611,11,-4.677,0,0.135,0.604,0.000282,0.203,0.709,142.999,4,215640,True,Swervin' (feat. Mike Jones & Paul Wall),5,Most Known Unknown (Explicit),B,minor,B minor
Three 6 Mafia,2005-09-27,0.787,0.793,1,-5.861,1,0.149,0.155,0.0,0.165,0.782,167.216,4,260160,True,Knock Tha Black Off Yo Ass (feat. Project Pat),6,Most Known Unknown (Explicit),C#,major,C# major
Three 6 Mafia,2005-09-27,0.732,0.775,11,-5.504,1,0.0514,0.453,0.0,0.482,0.814,145.145,4,176240,True,Poppin' My Collar,7,Most Known Unknown (Explicit),B,major,B major
Three 6 Mafia,2005-09-27,0.797,0.851,6,-5.532,1,0.0952,0.2,0.0,0.0868,0.63,151.999,4,252840,True,Hard Hittaz (feat. Boogiemane),8,Most Known Unknown (Explicit),F#,major,F# major
Three 6 Mafia,2005-09-27,0.774,0.708,7,-6.759,1,0.0514,0.0188,2.99e-06,0.0882,0.532,168.043,4,218400,True,Side 2 Side,9,Most Known Unknown (Explicit),G,major,G major
Three 6 Mafia,2005-09-27,0.915,0.622,11,-5.801,0,0.0464,0.217,0.0,0.12,0.337,126.983,4,206733,True,Half On a Sack,10,Most Known Unknown (Explicit),B,minor,B minor
Three 6 Mafia,2005-09-27,0.689,0.289,2,-11.07,1,0.933,0.709,0.0,0.0951,0.408,74.889,1,26400,True,Skit,11,Most Known Unknown (Explicit),D,major,D major
Three 6 Mafia,2005-09-27,0.82,0.716,6,-5.059,0,0.19,0.319,0.0,0.132,0.669,155.938,4,270893,True,When I Pull Up At the Club (feat. Paul Wall),12,Most Known Unknown (Explicit),F#,minor,F# minor
Three 6 Mafia,2005-09-27,0.872,0.599,7,-5.525,1,0.0435,0.0664,3.14e-06,0.12,0.403,125.429,4,260239,True,Pussy Got Ya Hooked (feat. Remy Ma),13,Most Known Unknown (Explicit),G,major,G major
Three 6 Mafia,2005-09-27,0.818,0.643,1,-7.26,0,0.267,0.302,0.0,0.198,0.674,81.979,4,203626,True,Don't Cha Get Mad (feat. Lil' Flip),14,Most Known Unknown (Explicit),C#,minor,C# minor
Three 6 Mafia,2005-09-27,0.846,0.747,8,-5.471,1,0.325,0.0713,0.0,0.114,0.491,90.422,4,247106,True,"Body Parts 3 (feat. Juicy J, DJ Paul, Crunchy Black, Lil Wyte, Frayser Boy, Chrome, Boogieman, Project Pat & Grandaddy Souf)",15,Most Known Unknown (Explicit),G#,major,G# major
Three 6 Mafia,2005-09-27,0.792,0.899,4,-5.626,0,0.0339,0.0299,0.0,0.241,0.619,135.534,4,231293,True,"Stay Fly (feat. Slim Thug, Trick Daddy & Project Pat) - Remix",16,Most Known Unknown (Explicit),E,minor,E minor
Three 6 Mafia,2005-09-27,0.708,0.335,5,-8.633,1,0.594,0.949,0.0,0.274,0.57,131.545,3,161906,True,Outro,17,Most Known Unknown (Explicit),F,major,F major
Three 6 Mafia,2005-09-27,0.744,0.799,0,-3.803,1,0.043,0.127,0.0,0.406,0.676,81.46,4,271160,True,Got It 4 Sale (feat. Chrome),18,Most Known Unknown (Explicit),C,major,C major
Three 6 Mafia,2005-09-27,0.752,0.825,8,-5.872,0,0.134,0.162,0.0,0.202,0.716,154.491,4,186373,True,Let's Plan A Robbery,19,Most Known Unknown (Explicit),G#,minor,G# minor
Three 6 Mafia,2005-09-27,0.797,0.799,1,-4.713,0,0.0963,0.0667,0.0,0.109,0.674,169.915,4,228800,True,Dancin' On A Pole (feat. Chrome),20,Most Known Unknown (Explicit),C#,minor,C# minor
Three 6 Mafia,2005-09-27,0.733,0.844,5,-5.914,0,0.127,0.0958,0.00128,0.268,0.504,167.052,4,244293,True,Ain't Got Time for Gamez,21,Most Known Unknown (Explicit),F,minor,F minor
Three 6 Mafia,2005-09-27,0.627,0.232,5,-11.198,1,0.342,0.522,0.0,0.729,0.396,75.824,5,87026,False,Most Known Unknown Hits,1,Most Known Unknown (Clean),F,major,F major
Three 6 Mafia,2005-09-27,0.788,0.842,11,-6.77,1,0.0323,0.0631,0.0,0.341,0.644,133.288,4,236666,False,Stay Fly (feat. Young Buck & 8Ball & MJG),2,Most Known Unknown (Clean),B,major,B major
Three 6 Mafia,2005-09-27,0.817,0.631,7,-8.505,1,0.0798,0.134,0.0,0.091,0.432,80.026,4,182506,False,Roll With It (feat. Project Pat),3,Most Known Unknown (Clean),G,major,G major
Three 6 Mafia,2005-09-27,0.771,0.866,7,-4.296,1,0.0816,0.386,0.0,0.172,0.615,159.644,4,228133,False,Don't Violate (feat. Frayser Boy),4,Most Known Unknown (Clean),G,major,G major
Three 6 Mafia,2005-09-27,0.858,0.622,11,-4.608,0,0.129,0.577,0.000819,0.175,0.695,143.015,4,215626,False,Swervin' (feat. Mike Jones & Paul Wall),5,Most Known Unknown (Clean),B,minor,B minor
Three 6 Mafia,2005-09-27,0.777,0.77,1,-6.02,1,0.14,0.183,0.0,0.204,0.713,167.264,4,260173,False,Knock Tha Black Off Yo Ass (feat. Project Pat) - Knock Tha Black Off Yo ***,6,Most Known Unknown (Clean),C#,major,C# major
Three 6 Mafia,2005-09-27,0.737,0.775,11,-5.545,1,0.0541,0.362,0.0,0.539,0.827,145.11,4,176000,False,Poppin' My Collar,7,Most Known Unknown (Clean),B,major,B major
Three 6 Mafia,2005-09-27,0.812,0.81,6,-6.444,1,0.0838,0.185,0.0,0.0903,0.692,152.072,4,252826,False,Hard Hittaz (feat. Boogiemane),8,Most Known Unknown (Clean),F#,major,F# major
Three 6 Mafia,2005-09-27,0.772,0.684,7,-7.57,1,0.0469,0.0142,7.5e-06,0.0897,0.516,168.111,4,217240,False,Side 2 Side,9,Most Known Unknown (Clean),G,major,G major
Three 6 Mafia,2005-09-27,0.916,0.624,2,-5.581,1,0.0374,0.178,0.0,0.094,0.314,127.006,4,200826,False,Half On a Sack,10,Most Known Unknown (Clean),D,major,D major
Three 6 Mafia,2005-09-27,0.703,0.269,1,-14.866,1,0.946,0.716,0.0,0.0951,0.407,91.889,4,15600,False,Skit,11,Most Known Unknown (Clean),C#,major,C# major
Three 6 Mafia,2005-09-27,0.814,0.742,6,-3.409,0,0.164,0.297,0.0,0.162,0.679,155.952,4,270906,False,When I Pull Up At the Club (feat. Paul Wall),12,Most Known Unknown (Clean),F#,minor,F# minor
Three 6 Mafia,2005-09-27,0.884,0.602,8,-5.58,1,0.0443,0.0605,1.52e-05,0.118,0.387,125.386,4,260360,False,Pussy Got Ya Hooked (feat. Remy Ma) - ***** Got Ya Hooked,13,Most Known Unknown (Clean),G#,major,G# major
Three 6 Mafia,2005-09-27,0.821,0.619,1,-7.403,0,0.285,0.244,0.0,0.185,0.673,81.991,4,204333,False,Don't Cha Get Mad (feat. Lil' Flip),14,Most Known Unknown (Clean),C#,minor,C# minor
Three 6 Mafia,2005-09-27,0.851,0.66,5,-7.974,0,0.307,0.0714,0.0,0.129,0.507,90.419,4,245733,False,"Body Parts 3 (feat. Juicy J, DJ Paul, Crunchy Black, Lil Wyte, Frayser Boy, Chrome, Boogieman, Project Pat & Grandaddy Souf)",15,Most Known Unknown (Clean),F,minor,F minor
Three 6 Mafia,2005-09-27,0.793,0.9,1,-5.648,0,0.0336,0.0291,0.0,0.179,0.618,135.523,4,231373,False,"Stay Fly (feat. Slim Thug, Trick Daddy & Project Pat) - Remix",16,Most Known Unknown (Clean),C#,minor,C# minor
Three 6 Mafia,2005-09-27,0.673,0.335,7,-8.701,1,0.69,0.945,0.0,0.281,0.523,90.958,4,161800,False,Outro,17,Most Known Unknown (Clean),G,major,G major
Three 6 Mafia,2005-09-27,0.736,0.725,0,-6.336,1,0.0432,0.107,0.0,0.404,0.672,81.456,4,271026,False,Got It 4 Sale (feat. Chrome),18,Most Known Unknown (Clean),C,major,C major
Three 6 Mafia,2005-09-27,0.749,0.866,8,-3.934,0,0.152,0.148,0.0,0.206,0.678,154.486,4,186373,False,Let's Plan A Robbery,19,Most Known Unknown (Clean),G#,minor,G# minor
Three 6 Mafia,2005-09-27,0.802,0.78,1,-5.37,0,0.107,0.0599,0.0,0.106,0.668,169.989,4,228760,False,Dancin' On A Pole (feat. Chrome) - Clean Album Version,20,Most Known Unknown (Clean),C#,minor,C# minor
Three 6 Mafia,2005-09-27,0.718,0.83,5,-6.086,0,0.0889,0.0673,0.00863,0.273,0.583,167.038,4,244333,False,Ain't Got Time for Gamez,21,Most Known Unknown (Clean),F,minor,F minor
Three 6 Mafia,2005-04-19,0.512,0.39,0,-11.44,1,0.498,0.869,0.0,0.914,0.751,68.057,3,66826,True,Intro,1,Choices II: The Setup (Soundtrack),C,major,C major
Three 6 Mafia,2005-04-19,0.688,0.895,7,-6.683,1,0.0507,0.0109,0.00105,0.355,0.537,167.931,4,288573,True,Who Da Fuck You Playin' Wit?,2,Choices II: The Setup (Soundtrack),G,major,G major
Three 6 Mafia,2005-04-19,0.783,0.579,9,-7.885,1,0.0795,0.00616,0.0,0.111,0.593,162.936,4,282360,True,Yeah I Rob (feat. Mr. Bigg),3,Choices II: The Setup (Soundtrack),A,major,A major
Three 6 Mafia,2005-04-19,0.863,0.788,1,-7.032,1,0.0522,0.0985,0.0,0.0968,0.516,136.369,4,284440,True,P.I.M.P.,4,Choices II: The Setup (Soundtrack),C#,major,C# major
Three 6 Mafia,2005-04-19,0.547,0.458,10,-12.92,0,0.654,0.765,0.0,0.886,0.816,105.265,4,56866,True,Skit #1,5,Choices II: The Setup (Soundtrack),A#,minor,A# minor
Three 6 Mafia,2005-04-19,0.714,0.921,3,-4.786,0,0.0601,0.162,0.0,0.0967,0.745,76.501,4,341960,True,It's Whateva Wit Us (feat. YoungBloodZ & D-Rock),6,Choices II: The Setup (Soundtrack),D#,minor,D# minor
Three 6 Mafia,2005-04-19,0.862,0.707,4,-7.901,1,0.166,0.0998,0.0,0.343,0.651,139.369,4,319506,True,Pass Dat Shit,7,Choices II: The Setup (Soundtrack),E,major,E major
Three 6 Mafia,2005-04-19,0.864,0.58,11,-7.316,0,0.324,0.0758,0.0,0.123,0.694,165.608,4,227866,True,Squeeze It,8,Choices II: The Setup (Soundtrack),B,minor,B minor
Three 6 Mafia,2005-04-19,0.821,0.64,7,-8.004,1,0.274,0.0652,0.0,0.314,0.681,82.219,4,265866,True,Official Crunk Junt,9,Choices II: The Setup (Soundtrack),G,major,G major
Three 6 Mafia,2005-04-19,0.767,0.925,9,-5.435,0,0.0671,0.241,0.0,0.187,0.802,157.384,4,289693,True,Who I Is (feat. Trillville & Lil Wyte),10,Choices II: The Setup (Soundtrack),A,minor,A minor
Three 6 Mafia,2005-04-19,0.66,0.49,5,-11.34,1,0.535,0.611,0.0,0.821,0.869,78.832,1,43506,True,Skit #2,11,Choices II: The Setup (Soundtrack),F,major,F major
Three 6 Mafia,2005-04-19,0.816,0.604,7,-7.553,1,0.291,0.187,0.0,0.169,0.429,171.724,4,281426,True,Shoot Up Da Club,12,Choices II: The Setup (Soundtrack),G,major,G major
Three 6 Mafia,2005-04-19,0.796,0.512,1,-9.101,1,0.0926,0.0636,0.0,0.256,0.376,159.942,4,168306,True,Stanky Stanky,13,Choices II: The Setup (Soundtrack),C#,major,C# major
Three 6 Mafia,2005-04-19,0.848,0.735,5,-6.462,0,0.141,0.176,0.0,0.0853,0.211,81.802,4,305133,True,One Hitta Quitta,14,Choices II: The Setup (Soundtrack),F,minor,F minor
Three 6 Mafia,2005-04-19,0.851,0.747,6,-6.454,0,0.0984,0.0114,0.00156,0.0452,0.939,83.998,4,161933,True,Gettin' Real Buck,15,Choices II: The Setup (Soundtrack),F#,minor,F# minor
Three 6 Mafia,2005-04-19,0.753,0.808,2,-5.052,1,0.104,0.231,0.0,0.0661,0.569,81.75,4,282040,True,I Sho Will (feat. Lil' Flip & Lil' Wyte) - Remix,17,Choices II: The Setup (Soundtrack),D,major,D major
Three 6 Mafia,2005-04-19,0.645,0.494,0,-11.167,1,0.449,0.649,0.0,0.387,0.76,84.715,4,46933,True,Skit #3,18,Choices II: The Setup (Soundtrack),C,major,C major
Three 6 Mafia,2005-04-19,0.854,0.562,2,-7.307,1,0.427,0.148,0.0,0.106,0.444,160.048,4,211826,True,Posse Song,19,Choices II: The Setup (Soundtrack),D,major,D major
Three 6 Mafia,2005-04-19,0.644,0.316,4,-9.77,0,0.575,0.944,0.0,0.338,0.651,90.535,4,186173,True,Outro,20,Choices II: The Setup (Soundtrack),E,minor,E minor
Three 6 Mafia,2005,0.788,0.947,6,-4.348,1,0.273,0.107,0.0,0.212,0.72,164.213,4,260426,True,Ridin Spinners (feat. Lil' Flip) - Explicit Album Version,1,Most Known Hits,F#,major,F# major
Three 6 Mafia,2005,0.939,0.859,11,-4.131,1,0.104,0.00882,0.0,0.102,0.889,136.025,4,261133,True,Sippin On Some Syrup (feat. UGK (Underground Kingz) & Project Pat),2,Most Known Hits,B,major,B major
Three 6 Mafia,2005,0.702,0.868,1,-4.248,1,0.111,0.0644,0.0,0.429,0.525,161.097,4,220306,True,Tear da Club Up '97,3,Most Known Hits,C#,major,C# major
Three 6 Mafia,2005,0.875,0.86,11,-4.927,0,0.224,0.0337,3.84e-05,0.803,0.886,156.846,4,235293,True,Hit A Muthafucka,4,Most Known Hits,B,minor,B minor
Three 6 Mafia,2005,0.861,0.661,1,-6.236,0,0.267,0.00762,0.0,0.224,0.556,84.809,4,118973,True,Slob On My Nob,5,Most Known Hits,C#,minor,C# minor
Three 6 Mafia,2005,0.834,0.819,4,-4.854,0,0.2,0.0227,0.0,0.0625,0.741,159.437,4,249226,True,Who Run It,6,Most Known Hits,E,minor,E minor
Three 6 Mafia,2005,0.82,0.894,11,-5.482,0,0.0712,0.00929,2.74e-05,0.147,0.628,158.422,4,334933,True,Azz & Tittiez,7,Most Known Hits,B,minor,B minor
Three 6 Mafia,2005,0.865,0.575,11,-7.304,0,0.327,0.0666,0.0,0.108,0.713,165.579,4,227106,True,Squeeze It,8,Most Known Hits,B,minor,B minor
Three 6 Mafia,2005,0.796,0.814,1,-4.836,1,0.264,0.0767,0.0,0.363,0.479,92.623,4,262666,True,"Hypnotize Cash Money (feat. Hot Boyz, BG, Juvenile & Big Tymers)",9,Most Known Hits,C#,major,C# major
Three 6 Mafia,2005,0.892,0.437,2,-6.752,1,0.0849,0.000953,0.00849,0.183,0.147,122.229,4,282733,False,Late Nite Tip,10,Most Known Hits,D,major,D major
Three 6 Mafia,2005,0.849,0.748,6,-6.047,1,0.236,0.0523,0.0,0.215,0.751,159.005,4,295840,True,2-Way Freak (feat. La Chat),11,Most Known Hits,F#,major,F# major
Three 6 Mafia,2005,0.951,0.813,6,-7.383,1,0.0406,0.00691,0.0,0.11,0.658,135.977,4,282800,True,Baby Mama (feat. La Chat),12,Most Known Hits,F#,major,F# major
Three 6 Mafia,2005,0.858,0.889,5,-3.294,0,0.227,0.0279,0.0,0.308,0.766,151.565,4,251760,True,Put Ya Signs,13,Most Known Hits,F,minor,F minor
Three 6 Mafia,2005,0.797,0.869,11,-4.215,1,0.251,0.13,0.0,0.0595,0.782,81.009,4,244040,True,Tongue Ring,14,Most Known Hits,B,major,B major
Three 6 Mafia,2005,0.817,0.932,6,-5.725,1,0.194,0.00966,0.0,0.176,0.915,142.024,4,277400,True,Testin My Gangsta - Explicit Album Version,15,Most Known Hits,F#,major,F# major
Three 6 Mafia,2005,0.837,0.654,7,-6.699,1,0.183,0.261,0.0,0.111,0.857,79.505,4,217400,True,Let Me Hit That (feat. Boogiemane),16,Most Known Hits,G,major,G major
Three 6 Mafia,2005,0.899,0.708,3,-6.284,0,0.231,0.0529,0.0,0.0923,0.705,150.04,4,244693,True,Don't Turn Around,17,Most Known Hits,D#,minor,D# minor
Three 6 Mafia,2003-12-23,0.859,0.558,1,-4.53,1,0.231,0.107,0.0,0.53,0.0396,132.638,4,141760,True,They Bout To Find Yo Body - Screwed and Chopped,1,Da Unbreakables: Screwed & Chopped,C#,major,C# major
Three 6 Mafia,2003-12-23,0.873,0.927,1,-3.646,1,0.224,0.151,2.28e-05,0.344,0.407,132.571,4,325240,True,Ridin Spinners (feat. Lil' Flip) - Screwed and Chopped,2,Da Unbreakables: Screwed & Chopped,C#,major,C# major
Three 6 Mafia,2003-12-23,0.0,0.988,1,-2.175,1,0.0,0.0064,0.729,0.136,0.0,0.0,0,14733,True,Ridin Spinners Interlude (feat. Lil' Flip) - Screwed and Chopped,3,Da Unbreakables: Screwed & Chopped,C#,major,C# major
Three 6 Mafia,2003-12-23,0.898,0.657,10,-4.203,0,0.305,0.069,0.0,0.158,0.305,132.413,4,326426,True,Fuck That Shit - Screwed and Chopped,4,Da Unbreakables: Screwed & Chopped,A#,minor,A# minor
Three 6 Mafia,2003-12-23,0.961,0.525,2,-3.725,1,0.19,0.0688,0.00313,0.131,0.0393,131.806,4,305840,True,Wolf Wolf - Screwed and Chopped,5,Da Unbreakables: Screwed & Chopped,D,major,D major
Three 6 Mafia,2003-12-23,0.838,0.749,11,-2.8,1,0.111,0.0129,0.631,0.116,0.18,131.937,4,15093,True,Wolf Wolf Interlude - Screwed and Chopped,6,Da Unbreakables: Screwed & Chopped,B,major,B major
Three 6 Mafia,2003-12-23,0.96,0.774,1,-4.095,0,0.184,0.0283,0.0,0.178,0.63,130.991,4,279266,True,Try Somethin (feat. Project Pat) - Screwed and Chopped,7,Da Unbreakables: Screwed & Chopped,C#,minor,C# minor
Three 6 Mafia,2003-12-23,0.919,0.742,1,-5.877,0,0.0982,0.0668,0.0,0.431,0.729,132.868,4,203866,True,Money Didn't Change Me - Screwed and Chopped,8,Da Unbreakables: Screwed & Chopped,C#,minor,C# minor
Three 6 Mafia,2003-12-23,0.872,0.835,2,-3.715,1,0.109,0.0566,0.0,0.272,0.268,132.917,4,324733,True,Let's Start a Riot - Screwed and Chopped,9,Da Unbreakables: Screwed & Chopped,D,major,D major
Three 6 Mafia,2003-12-23,0.0,0.878,4,-5.859,0,0.0,0.181,0.973,0.093,0.0,0.0,0,14200,True,Ghetto Chick Interlude - Screwed and Chopped,10,Da Unbreakables: Screwed & Chopped,E,minor,E minor
Three 6 Mafia,2003-12-23,0.93,0.559,1,-5.483,1,0.422,0.0874,0.0,0.574,0.591,132.742,4,200866,True,Ghetto Chick - Screwed and Chopped,11,Da Unbreakables: Screwed & Chopped,C#,major,C# major
Three 6 Mafia,2003-12-23,0.882,0.754,1,-5.535,1,0.18,0.0989,0.0,0.297,0.296,132.477,4,184306,True,Beatem To Da Floor - Screwed and Chopped,12,Da Unbreakables: Screwed & Chopped,C#,major,C# major
Three 6 Mafia,2003-12-23,0.0,0.136,1,-15.575,1,0.0,0.583,0.0,0.324,0.0,0.0,0,12066,True,Put Cha D. In Her Mouth Interlude - Screwed and Chopped,13,Da Unbreakables: Screwed & Chopped,C#,major,C# major
Three 6 Mafia,2003-12-23,0.977,0.686,2,-3.668,1,0.523,0.0625,3.43e-06,0.619,0.347,118.824,4,227426,True,Put Cha D. In Her Mouth - Screwed and Chopped,14,Da Unbreakables: Screwed & Chopped,D,major,D major
Three 6 Mafia,2003-12-23,0.934,0.681,11,-5.319,0,0.0761,0.0777,0.0,0.176,0.19,118.894,4,226333,True,Rainbow Colors (feat. Lil' Flip) - Screwed and Chopped,15,Da Unbreakables: Screwed & Chopped,B,minor,B minor
Three 6 Mafia,2003-12-23,0.0,0.907,2,-1.926,1,0.0,0.017,0.986,0.117,0.0,0.0,0,8533,True,Rainbow Colors Interlude (feat. Lil' Flip) - Screwed and Chopped,16,Da Unbreakables: Screwed & Chopped,D,major,D major
Three 6 Mafia,2003-12-23,0.91,0.708,1,-4.438,1,0.192,0.114,0.0,0.657,0.363,119.079,4,369106,True,Bin Laden - Screwed and Chopped,17,Da Unbreakables: Screwed & Chopped,C#,major,C# major
Three 6 Mafia,2003-12-23,0.843,0.854,1,-4.683,1,0.0531,0.0191,0.0,0.266,0.623,119.166,4,307000,True,Testin My Gangsta - Screwed and Chopped,18,Da Unbreakables: Screwed & Chopped,C#,major,C# major
Three 6 Mafia,2003-12-23,0.934,0.57,1,-7.09,1,0.301,0.072,7.89e-05,0.393,0.224,139.725,4,300760,True,Like A Pimp (feat. Pimp C & Project Pat) - Remix - Screwed and Chopped,19,Da Unbreakables: Screwed & Chopped,C#,major,C# major
Three 6 Mafia,2003-12-23,0.94,0.576,10,-6.282,0,0.275,0.0105,7.75e-06,0.189,0.606,139.005,4,229200,True,Shake Dat Jelly - Screwed and Chopped,20,Da Unbreakables: Screwed & Chopped,A#,minor,A# minor
Three 6 Mafia,2003-12-23,0.897,0.716,1,-4.271,1,0.0622,0.0811,0.0,0.105,0.0747,138.939,4,223106,True,Mosh Pit (feat. Josey Scott & Lil Wyte) - Screwed and Chopped,21,Da Unbreakables: Screwed & Chopped,C#,major,C# major
Three 6 Mafia,2003-12-23,0.63,0.309,0,-16.492,1,0.955,0.167,0.0,0.453,0.569,175.3,3,22226,True,Chris D Interlude - Screwed and Chopped,22,Da Unbreakables: Screwed & Chopped,C,major,C major
Three 6 Mafia,2003-12-23,0.965,0.681,2,-4.925,1,0.0644,0.0402,3.6e-06,0.222,0.704,132.943,4,246800,True,You Scared Part II - Screwed and Chopped,23,Da Unbreakables: Screwed & Chopped,D,major,D major
Three 6 Mafia,2003-12-23,0.862,0.626,10,-5.526,1,0.092,0.0376,0.0,0.166,0.192,132.977,4,261706,True,Dangerous Posse (feat. Hypnotize Camp Posse) - Screwed and Chopped,24,Da Unbreakables: Screwed & Chopped,A#,major,A# major
Three 6 Mafia,2003-06-24,0.834,0.821,1,-5.234,1,0.375,0.06,0.0,0.34,0.389,78.016,4,115733,True,They Bout To Find Yo Body - Explicit Album Version,1,Da Unbreakables (Explicit Version),C#,major,C# major
Three 6 Mafia,2003-06-24,0.836,0.7,2,-3.861,1,0.358,0.0308,0.0,0.0856,0.351,167.334,4,241000,True,Fuck That Shit - Explicit Album Version,2,Da Unbreakables (Explicit Version),D,major,D major
Three 6 Mafia,2003-06-24,0.875,0.811,6,-3.992,1,0.0909,0.0497,0.221,0.135,0.364,166.64,4,224093,True,Wolf Wolf - Explicit Album Version,3,Da Unbreakables (Explicit Version),F#,major,F# major
Three 6 Mafia,2003-06-24,0.814,0.959,6,-3.482,1,0.173,0.00848,0.0,0.092,0.92,142.034,4,273573,True,Testin My Gangsta - Explicit Album Version,4,Da Unbreakables (Explicit Version),F#,major,F# major
Three 6 Mafia,2003-06-24,0.866,0.775,0,-3.556,1,0.202,0.0502,0.0,0.179,0.674,147.396,4,300133,True,Bin Laden - Explicit Album Version,5,Da Unbreakables (Explicit Version),C,major,C major
Three 6 Mafia,2003-06-24,0.787,0.948,6,-4.11,1,0.296,0.133,0.0,0.167,0.7,164.21,4,249933,True,Ridin Spinners (feat. Lil' Flip) - Explicit Album Version,6,Da Unbreakables (Explicit Version),F#,major,F# major
Three 6 Mafia,2003-06-24,0.903,0.802,7,-4.337,1,0.273,0.0288,0.0,0.109,0.667,152.853,4,236826,True,Try Somethin (feat. Project Pat) - Explicit Album Version,7,Da Unbreakables (Explicit Version),G,major,G major
Three 6 Mafia,2003-06-24,0.865,0.887,6,-5.718,0,0.283,0.042,0.0,0.161,0.78,77.524,4,190733,True,Money Didn't Change Me - Explicit Album Version,8,Da Unbreakables (Explicit Version),F#,minor,F# minor
Three 6 Mafia,2003-06-24,0.859,0.597,11,-6.374,0,0.424,0.0678,0.0,0.212,0.551,77.503,4,207400,True,Ghetto Chick - Explicit Album Version,9,Da Unbreakables (Explicit Version),B,minor,B minor
Three 6 Mafia,2003-06-24,0.859,0.789,6,-5.197,0,0.223,0.00165,0.0,0.338,0.399,176.453,4,184066,True,Shake Dat Jelly - Explicit Album Version,10,Da Unbreakables (Explicit Version),F#,minor,F# minor
Three 6 Mafia,2003-06-24,0.781,0.873,4,-3.745,0,0.136,0.00899,0.0,0.0895,0.514,161.279,4,286906,True,Let's Start a Riot - Explicit Album Version,11,Da Unbreakables (Explicit Version),E,minor,E minor
Three 6 Mafia,2003-06-24,0.913,0.717,1,-4.713,0,0.063,0.1,5.29e-06,0.301,0.262,120.263,4,271360,True,Rainbow Colors (feat. Lil' Flip) - Explicit Album Version,12,Da Unbreakables (Explicit Version),C#,minor,C# minor
Three 6 Mafia,2003-06-24,0.848,0.783,0,-6.028,1,0.242,0.0364,0.0,0.295,0.551,172.397,4,233306,True,Like A Pimp (feat. Pimp C & Project Pat) - Remix - Explicit Version,13,Da Unbreakables (Explicit Version),C,major,C major
Three 6 Mafia,2003-06-24,0.802,0.875,1,-5.031,1,0.241,0.027,0.0,0.193,0.45,167.063,4,153200,True,Beatem To Da Floor - Explicit Album Version,14,Da Unbreakables (Explicit Version),C#,major,C# major
Three 6 Mafia,2003-06-24,0.913,0.9,6,-3.055,0,0.37,0.0241,0.0,0.28,0.911,149.838,4,197533,True,Put Cha D. In Her Mouth - Explicit Album Version,15,Da Unbreakables (Explicit Version),F#,minor,F# minor
Three 6 Mafia,2003-06-24,0.856,0.854,11,-3.614,1,0.168,0.0442,0.0,0.174,0.858,160.299,4,203500,True,Mosh Pit (feat. Josey Scott & Lil Wyte) - Explicit Album Version,16,Da Unbreakables (Explicit Version),B,major,B major
Three 6 Mafia,2003-06-24,0.895,0.78,7,-4.818,1,0.109,0.017,0.0,0.165,0.541,159.584,4,257306,True,You Scared Part II - Album Edit - Explicit,18,Da Unbreakables (Explicit Version),G,major,G major
Three 6 Mafia,2003-06-24,0.791,0.873,6,-3.916,0,0.251,0.0183,0.0,0.0845,0.314,169.312,4,223866,True,Dangerous Posse (feat. Hypnotize Camp Posse) - Explicit Album Version,19,Da Unbreakables (Explicit Version),F#,minor,F# minor
Three 6 Mafia,2003-06-24,0.715,0.494,10,-7.014,0,0.75,0.74,0.0,0.256,0.819,129.76,4,137426,True,Outro - Explicit Album Version,20,Da Unbreakables (Explicit Version),A#,minor,A# minor
Three 6 Mafia,2001-11-01,0.851,0.739,6,-6.52,1,0.27,0.0524,0.0,0.0425,0.734,158.987,4,297533,True,2-Way Freak (feat. La Chat),1,Choices: The Album,F#,major,F# major
Three 6 Mafia,2001-11-01,0.659,0.686,8,-11.796,1,0.901,0.909,0.0,0.596,0.912,110.697,4,40400,True,The Restaurant Scene (Skit),2,Choices: The Album,G#,major,G# major
Three 6 Mafia,2001-11-01,0.872,0.824,11,-7.21,0,0.269,0.0739,0.0,0.0746,0.911,152.004,4,320093,True,Posse Song (feat. Hypnotize Camp Posse),3,Choices: The Album,B,minor,B minor
Three 6 Mafia,2001-11-01,0.954,0.794,6,-7.818,1,0.0433,0.00607,0.0,0.0981,0.71,135.99,4,283400,True,Baby Mama (feat. La Chat),4,Choices: The Album,F#,major,F# major
Three 6 Mafia,2001-11-01,0.934,0.713,4,-8.295,0,0.253,0.0996,0.0,0.138,0.92,141.248,4,273400,True,Gangsta Niggaz,5,Choices: The Album,E,minor,E minor
Three 6 Mafia,2001-11-01,0.89,0.818,6,-5.69,0,0.193,0.0714,2.74e-05,0.0424,0.672,162.006,4,267266,True,"Wona Get Some, I Got Some (feat. Tear Da Club Up Thugs & T-Rock)",6,Choices: The Album,F#,minor,F# minor
Three 6 Mafia,2001-11-01,0.494,0.455,1,-18.808,1,0.917,0.9,0.000109,0.804,0.512,128.157,3,40640,True,1st Crime Scene (Skit),7,Choices: The Album,C#,major,C# major
Three 6 Mafia,2001-11-01,0.824,0.81,6,-6.632,0,0.278,0.03,0.0,0.189,0.393,177.013,4,252826,True,O.V. (feat. Lord Infamous),8,Choices: The Album,F#,minor,F# minor
Three 6 Mafia,2001-11-01,0.958,0.679,11,-7.938,0,0.175,0.0884,0.0,0.121,0.846,137.372,4,220840,True,U Got Da Game Wrong (feat. La Chat),9,Choices: The Album,B,minor,B minor
Three 6 Mafia,2001-11-01,0.802,0.871,6,-8.12,0,0.264,0.0138,0.0,0.0691,0.726,151.974,4,284493,True,"We Shootin' 1st (feat. Gangsta Boo, Crunchy Black & Lord Infamous)",10,Choices: The Album,F#,minor,F# minor
Three 6 Mafia,2001-11-01,0.884,0.727,4,-7.385,0,0.123,0.0232,1.83e-05,0.335,0.8,150.028,4,262000,True,"Dis Bitch, Dat Hoe (feat. Project Pat, Ludacris & Crunchy Black)",11,Choices: The Album,E,minor,E minor
Three 6 Mafia,2001-11-01,0.889,0.549,2,-8.416,1,0.0848,0.00538,0.0,0.258,0.144,138.206,4,218933,True,Pass Me (feat. Crunchy Black & La Chat),12,Choices: The Album,D,major,D major
Three 6 Mafia,2001-11-01,0.653,0.48,0,-17.415,1,0.909,0.942,0.0,0.185,0.648,140.826,4,30800,True,Big Pat's Warehouse (Skit),13,Choices: The Album,C,major,C major
Three 6 Mafia,2001-11-01,0.922,0.944,4,-5.167,0,0.129,0.144,0.0,0.0478,0.948,146.04,4,244466,True,They Don't Fuck Wit U,14,Choices: The Album,E,minor,E minor
Three 6 Mafia,2001-11-01,0.937,0.669,7,-9.275,1,0.136,0.00358,0.0,0.114,0.69,143.704,4,257906,True,Slang & Serve (feat. T-Rock),15,Choices: The Album,G,major,G major
Three 6 Mafia,2001-11-01,0.759,0.856,1,-4.843,0,0.132,0.182,0.0,0.402,0.813,156.021,4,225933,True,War Wit Us (feat. La Chat),16,Choices: The Album,C#,minor,C# minor
Three 6 Mafia,2001-11-01,0.933,0.739,1,-7.409,1,0.178,0.0153,0.0,0.0697,0.627,143.229,4,289093,True,Mean Mug (feat. La Chat),17,Choices: The Album,C#,major,C# major
Three 6 Mafia,2001-11-01,0.674,0.278,1,-12.454,1,0.822,0.846,0.0,0.381,0.69,70.415,5,21906,True,How It Went Down (Skit),18,Choices: The Album,C#,major,C# major
Three 6 Mafia,2001-11-01,0.788,0.563,7,-9.375,1,0.0889,0.49,0.0,0.42,0.707,147.956,4,247533,True,I Ain't Goin' (A Hustler's Theme) (feat. Namond Lumpkin),19,Choices: The Album,G,major,G major
Three 6 Mafia,2001-11-01,0.852,0.744,11,-7.062,0,0.0896,4.41e-05,0.0686,0.172,0.571,160.017,4,179066,True,Ridin' On Chrome (feat. Project Pat),20,Choices: The Album,B,minor,B minor
Three 6 Mafia,2001-11-01,0.711,0.153,1,-14.946,1,0.923,0.951,0.0,0.21,0.49,75.556,5,51826,True,Talkin' (feat. DJ Paul & Juicy J),21,Choices: The Album,C#,major,C# major
Three 6 Mafia,2001-04-24,0.723,0.356,10,-10.268,0,0.725,0.887,0.0,0.225,0.948,114.754,3,19293,True,Classic Intro.,1,Mystic Stylez: The First Album,A#,minor,A# minor
Three 6 Mafia,2001-04-24,0.826,0.779,1,-5.745,0,0.174,0.0203,0.0,0.112,0.327,91.917,4,265040,True,War With Us,2,Mystic Stylez: The First Album,C#,minor,C# minor
Three 6 Mafia,2001-04-24,0.892,0.606,0,-9.195,1,0.202,0.00705,0.0,0.1,0.847,79.002,4,159826,True,We Got Da Dope,3,Mystic Stylez: The First Album,C,major,C major
Three 6 Mafia,2001-04-24,0.691,0.93,0,-6.251,1,0.258,0.672,0.0,0.102,0.497,130.219,4,376106,True,Fuckin With Dis Click,4,Mystic Stylez: The First Album,C,major,C major
Three 6 Mafia,2001-04-24,0.789,0.965,2,-3.745,1,0.264,0.645,1.67e-06,0.428,0.286,112.641,4,308200,True,Now I'm Hi,5,Mystic Stylez: The First Album,D,major,D major
Three 6 Mafia,2001-04-24,0.634,0.962,9,-4.808,0,0.562,0.199,0.0,0.164,0.362,158.945,4,261493,True,Break Da Law,6,Mystic Stylez: The First Album,A,minor,A minor
Three 6 Mafia,2001-04-24,0.624,0.974,2,-7.521,1,0.492,0.255,0.0,0.315,0.286,216.682,4,282973,True,Sweet Robbery,7,Mystic Stylez: The First Album,D,major,D major
Three 6 Mafia,2001-04-24,0.669,0.891,9,-4.349,0,0.31,0.223,0.000212,0.253,0.738,170.693,4,243893,True,In Da Game,8,Mystic Stylez: The First Album,A,minor,A minor
Three 6 Mafia,2001-04-24,0.508,0.841,1,-5.082,1,0.303,0.00913,6.98e-06,0.269,0.332,81.793,4,136733,True,Big Bizness,9,Mystic Stylez: The First Album,C#,major,C# major
Three 6 Mafia,2001-04-24,0.84,0.638,8,-8.333,0,0.242,0.336,0.000406,0.104,0.646,140.474,3,282706,True,Da Summa,10,Mystic Stylez: The First Album,G#,minor,G# minor
Three 6 Mafia,2001-04-24,0.818,0.937,2,-5.653,1,0.423,0.448,0.0536,0.465,0.555,140.429,4,294293,True,Gotta Touch 'Em,11,Mystic Stylez: The First Album,D,major,D major
Three 6 Mafia,2001-04-24,0.918,0.544,11,-9.17,1,0.196,0.125,0.000126,0.0482,0.459,134.18,4,326600,True,Porno Movie,12,Mystic Stylez: The First Album,B,major,B major
Three 6 Mafia,2001-04-24,0.691,0.914,7,-4.667,1,0.189,0.0408,0.0,0.17,0.742,152.597,4,275573,True,Tear Da Club Up,13,Mystic Stylez: The First Album,G,major,G major
Three 6 Mafia,2001-04-24,0.901,0.458,9,-9.61,0,0.151,0.524,0.00285,0.113,0.856,145.981,4,294693,True,All Or Nuthin',14,Mystic Stylez: The First Album,A,minor,A minor
Three 6 Mafia,2001-04-24,0.762,0.952,6,-5.677,0,0.146,0.0566,0.00343,0.0322,0.915,166.298,4,275240,True,Long Nite,15,Mystic Stylez: The First Album,F#,minor,F# minor
Three 6 Mafia,2001-04-24,0.722,0.977,2,-3.013,0,0.232,0.361,0.00485,0.0959,0.634,137.862,4,381000,True,Mystic Styles,16,Mystic Stylez: The First Album,D,minor,D minor
Three 6 Mafia,2000-11-01,0.516,0.782,1,-4.393,1,0.248,0.624,0.0,0.944,0.939,120.829,4,63466,True,DaLazDayz,1,Crazyndalazdayz,C#,major,C# major
Three 6 Mafia,2000-11-01,0.744,0.828,7,-2.206,1,0.121,0.0108,1.43e-05,0.0467,0.684,173.055,4,312000,True,Who the Crunkest (feat. Project Pat),2,Crazyndalazdayz,G,major,G major
Three 6 Mafia,2000-11-01,0.734,0.95,7,-3.072,1,0.232,0.303,0.0,0.168,0.617,149.641,4,238160,True,Smoked Out (feat. Twista),3,Crazyndalazdayz,G,major,G major
Three 6 Mafia,2000-11-01,0.646,0.856,6,-4.879,0,0.208,0.173,0.0,0.322,0.638,159.957,4,124773,True,I'm Losing It,4,Crazyndalazdayz,F#,minor,F# minor
Three 6 Mafia,2000-11-01,0.808,0.909,1,-4.124,1,0.215,0.0207,0.0,0.0892,0.465,154.074,4,293493,True,Throw Your Sets (feat. Crucial Conflict),5,Crazyndalazdayz,C#,major,C# major
Three 6 Mafia,2000-11-01,0.785,0.905,5,-3.725,1,0.337,0.0563,0.0,0.168,0.681,89.088,4,202733,True,Undercover Freaks (feat. Too Short & T-Rock),6,Crazyndalazdayz,F,major,F major
Three 6 Mafia,2000-11-01,0.775,0.873,2,-4.296,1,0.354,0.0256,0.0,0.239,0.546,183.94,4,233066,True,Wet Party (feat. Spice 1),7,Crazyndalazdayz,D,major,D major
Three 6 Mafia,2000-11-01,0.865,0.948,1,-4.432,1,0.285,0.245,0.0,0.121,0.783,163.552,4,205573,True,Elbow a Nigga (feat. Project Pat),8,Crazyndalazdayz,C#,major,C# major
Three 6 Mafia,2000-11-01,0.828,0.979,11,-2.032,0,0.314,0.115,0.0,0.113,0.731,157.531,4,182893,True,Hell Naw,9,Crazyndalazdayz,B,minor,B minor
Three 6 Mafia,2000-11-01,0.732,0.936,8,-3.762,1,0.254,0.0324,0.0,0.128,0.53,147.987,4,258000,True,"Get Buck, Get Wild (feat. Crunchy Black)",10,Crazyndalazdayz,G#,major,G# major
Three 6 Mafia,2000-11-01,0.396,0.974,1,-3.57,0,0.247,0.606,0.0,0.941,0.783,175.303,3,29973,True,On Da Block,11,Crazyndalazdayz,C#,minor,C# minor
Three 6 Mafia,2000-11-01,0.75,0.888,7,-3.716,1,0.273,0.0124,0.0,0.282,0.437,177.992,4,199560,True,What You Lookin' For (feat. Project Pat),12,Crazyndalazdayz,G,major,G major
Three 6 Mafia,2000-11-01,0.793,0.813,6,-4.658,0,0.226,0.0111,0.0,0.172,0.563,93.519,4,189906,True,Paper Chase (feat. Fatal),13,Crazyndalazdayz,F#,minor,F# minor
Three 6 Mafia,2000-11-01,0.796,0.814,1,-4.836,1,0.264,0.0767,0.0,0.363,0.479,92.623,4,262666,True,"Hypnotize Cash Money (feat. Hot Boyz, BG, Juvenile & Big Tymers)",14,Crazyndalazdayz,C#,major,C# major
Three 6 Mafia,2000-11-01,0.729,0.893,7,-4.68,1,0.166,0.186,0.00987,0.768,0.397,91.014,4,122333,True,When God Calls Time Out,15,Crazyndalazdayz,G,major,G major
Three 6 Mafia,2000-11-01,0.732,0.899,5,-2.607,0,0.222,0.077,0.0,0.132,0.689,160.18,4,233666,True,Big Business,16,Crazyndalazdayz,F,minor,F minor
Three 6 Mafia,2000-11-01,0.479,0.505,4,-9.272,1,0.666,0.695,1.72e-06,0.664,0.805,159.616,5,29066,True,When It's On It's Murder,17,Crazyndalazdayz,E,major,E major
Three 6 Mafia,2000-11-01,0.744,0.878,11,-4.594,0,0.254,0.0329,4.2e-05,0.063,0.544,189.965,4,269573,True,Push 'Em Off,18,Crazyndalazdayz,B,minor,B minor
Three 6 Mafia,2000-11-01,0.864,0.672,1,-5.168,0,0.261,0.00718,0.0,0.215,0.562,84.823,4,118933,True,Slob On My Nob,19,Crazyndalazdayz,C#,minor,C# minor
Three 6 Mafia,2000-11-01,0.868,0.754,4,-3.633,0,0.105,0.0617,0.0,0.348,0.652,91.476,4,201066,True,All Dirty Hoes (feat. Gangsta Boo),20,Crazyndalazdayz,E,minor,E minor
Three 6 Mafia,2000-11-01,0.488,0.92,7,-4.128,1,0.292,0.0261,0.000135,0.455,0.356,91.001,4,164493,True,Triple Six Clubhouse (feat. Lord Infamous),21,Crazyndalazdayz,G,major,G major
Three 6 Mafia,2000-11-01,0.695,0.889,9,-3.806,1,0.337,0.327,0.0,0.256,0.509,167.551,4,208933,True,A Niggas Worst Downfall,22,Crazyndalazdayz,A,major,A major
Three 6 Mafia,2000-11-01,0.768,0.928,0,-3.151,0,0.131,0.068,0.0,0.121,0.413,90.966,4,236840,True,Hypnotize Minds / Profit Posse,23,Crazyndalazdayz,C,minor,C minor
Three 6 Mafia,2000-11-01,0.657,0.945,1,-1.539,1,0.503,0.354,0.0,0.59,0.597,127.273,3,25960,True,Comin' Up Next,24,Crazyndalazdayz,C#,major,C# major
Three 6 Mafia,2000-10-31,0.732,0.347,6,-11.847,0,0.854,0.921,0.0,0.317,0.674,74.902,3,98666,True,Talkin,1,"Kings Of Memphis: Underground, Vol. 3",F#,minor,F# minor
Three 6 Mafia,2000-10-31,0.756,0.886,7,-3.919,1,0.274,0.181,0.0,0.263,0.669,158.772,4,205933,True,Fuck What U Heard,2,"Kings Of Memphis: Underground, Vol. 3",G,major,G major
Three 6 Mafia,2000-10-31,0.832,0.917,4,-4.629,0,0.226,0.121,0.0,0.138,0.962,154.069,4,307226,True,M.E.M.P.H.I.S.,3,"Kings Of Memphis: Underground, Vol. 3",E,minor,E minor
Three 6 Mafia,2000-10-31,0.907,0.668,1,-6.062,1,0.173,0.0218,0.0101,0.0815,0.57,143.613,4,311666,True,Da Summa,4,"Kings Of Memphis: Underground, Vol. 3",C#,major,C# major
Three 6 Mafia,2000-10-31,0.861,0.842,11,-4.389,1,0.118,0.184,0.0,0.0909,0.717,150.853,4,254933,True,Smokin On Da Dro,5,"Kings Of Memphis: Underground, Vol. 3",B,major,B major
Three 6 Mafia,2000-10-31,0.866,0.671,11,-7.603,0,0.0946,0.18,0.023,0.0835,0.792,148.389,4,208333,True,Powder,6,"Kings Of Memphis: Underground, Vol. 3",B,minor,B minor
Three 6 Mafia,2000-10-31,0.917,0.883,6,-3.445,1,0.215,0.185,0.0,0.312,0.819,118.095,4,325066,True,Grab Tha Gauge,7,"Kings Of Memphis: Underground, Vol. 3",F#,major,F# major
Three 6 Mafia,2000-10-31,0.793,0.869,6,-5.585,0,0.154,0.000691,0.00553,0.0858,0.766,164.217,4,283200,True,Wonabees,8,"Kings Of Memphis: Underground, Vol. 3",F#,minor,F# minor
Three 6 Mafia,2000-10-31,0.837,0.832,6,-8.138,1,0.213,0.0735,5.69e-05,0.407,0.691,144.091,4,258573,True,Lock Down,9,"Kings Of Memphis: Underground, Vol. 3",F#,major,F# major
Three 6 Mafia,2000-10-31,0.945,0.486,7,-7.005,1,0.33,0.0284,3.95e-05,0.0381,0.644,134.371,4,258066,True,Jealous Azz B*tc^h,10,"Kings Of Memphis: Underground, Vol. 3",G,major,G major
Three 6 Mafia,2000-10-31,0.81,0.318,1,-9.903,1,0.252,0.000392,0.000815,0.0861,0.682,159.116,4,245293,True,Niggaz Down 2 Make Some Endz,11,"Kings Of Memphis: Underground, Vol. 3",C#,major,C# major
Three 6 Mafia,2000-10-31,0.807,0.731,1,-7.408,1,0.415,0.000782,2.83e-05,0.0648,0.524,83.784,4,249466,True,South Memphis B*tc^h,12,"Kings Of Memphis: Underground, Vol. 3",C#,major,C# major
Three 6 Mafia,2000-10-31,0.898,0.801,6,-5.693,0,0.368,0.00135,0.0,0.254,0.457,137.361,4,267600,True,Pass That Junt,13,"Kings Of Memphis: Underground, Vol. 3",F#,minor,F# minor
Three 6 Mafia,2000-10-31,0.718,0.698,11,-6.181,0,0.234,0.0002,0.0475,0.252,0.594,138.094,4,217933,True,Love To Make A Stang,14,"Kings Of Memphis: Underground, Vol. 3",B,minor,B minor
Three 6 Mafia,2000-10-31,0.823,0.648,5,-5.391,0,0.244,0.00144,6.84e-06,0.195,0.541,134.039,4,282240,True,Sleep,15,"Kings Of Memphis: Underground, Vol. 3",F,minor,F minor
Three 6 Mafia,2000-10-31,0.878,0.888,1,-5.759,0,0.125,0.0398,0.0,0.32,0.823,135.803,4,266266,True,Mindstate,16,"Kings Of Memphis: Underground, Vol. 3",C#,minor,C# minor
Three 6 Mafia,2000-06-13,0.418,0.89,0,-8.768,0,0.568,0.881,0.0,0.154,0.256,202.138,4,57266,False,Intro,1,"When the Smoke Clears: Sixty 6, Sixty 1",C,minor,C minor
Three 6 Mafia,2000-06-13,0.809,0.929,6,-1.813,1,0.181,0.181,0.0,0.0594,0.821,150.899,4,102426,True,44 Killers,2,"When the Smoke Clears: Sixty 6, Sixty 1",F#,major,F# major
Three 6 Mafia,2000-06-13,0.944,0.84,11,-4.141,1,0.108,0.00922,0.0,0.0921,0.89,136.019,4,261972,True,Sippin On Some Syrup (feat. UGK (Underground Kingz) & Project Pat),3,"When the Smoke Clears: Sixty 6, Sixty 1",B,major,B major
Three 6 Mafia,2000-06-13,0.871,0.965,6,-1.108,0,0.239,0.0471,0.0,0.1,0.704,164.678,4,167266,True,Weak Azz B***h (feat. La Chat),4,"When the Smoke Clears: Sixty 6, Sixty 1",F#,minor,F# minor
Three 6 Mafia,2000-06-13,0.827,0.941,1,-2.279,1,0.351,0.333,0.0,0.172,0.703,162.097,4,254466,True,Just Like Us,5,"When the Smoke Clears: Sixty 6, Sixty 1",C#,major,C# major
Three 6 Mafia,2000-06-13,0.771,0.913,11,-1.414,0,0.0756,0.394,0.0,0.52,0.519,149.668,4,236600,True,I'm so Hi,6,"When the Smoke Clears: Sixty 6, Sixty 1",B,minor,B minor
Three 6 Mafia,2000-06-13,0.85,0.885,1,-2.087,1,0.236,0.175,0.0,0.181,0.968,136.895,4,184826,True,Mafia N****z,7,"When the Smoke Clears: Sixty 6, Sixty 1",C#,major,C# major
Three 6 Mafia,2000-06-13,0.725,0.207,0,-12.208,0,0.525,0.948,2.32e-06,0.66,0.871,98.937,4,39040,True,Hook Up W/Hoes (Skit),8,"When the Smoke Clears: Sixty 6, Sixty 1",C,minor,C minor
Three 6 Mafia,2000-06-13,0.758,0.799,10,-3.159,0,0.191,0.0834,0.0,0.112,0.697,160.049,4,242226,True,From Da Back,9,"When the Smoke Clears: Sixty 6, Sixty 1",A#,minor,A# minor
Three 6 Mafia,2000-06-13,0.789,0.969,4,-1.358,0,0.261,0.163,0.0,0.374,0.371,82.178,4,239466,True,F**k Y'all H**s,10,"When the Smoke Clears: Sixty 6, Sixty 1",E,minor,E minor
Three 6 Mafia,2000-06-13,0.813,0.777,5,-3.111,0,0.167,0.0514,2.13e-06,0.195,0.928,143.287,4,148666,True,Where Da Cheese At,11,"When the Smoke Clears: Sixty 6, Sixty 1",F,minor,F minor
Three 6 Mafia,2000-06-13,0.799,0.907,11,-2.059,1,0.263,0.131,0.0,0.0705,0.751,81.034,4,244400,True,Tongue Ring,12,"When the Smoke Clears: Sixty 6, Sixty 1",B,major,B major
Three 6 Mafia,2000-06-13,0.885,0.892,8,-3.272,1,0.0848,0.189,0.0,0.0879,0.924,146.249,4,216640,True,Barrin You Bitches,13,"When the Smoke Clears: Sixty 6, Sixty 1",G#,major,G# major
Three 6 Mafia,2000-06-13,0.944,0.937,6,-5.089,1,0.0704,0.0087,0.0,0.457,0.948,136.048,4,257825,True,Whatcha Know (featuring Big Gipp),14,"When the Smoke Clears: Sixty 6, Sixty 1",F#,major,F# major
Three 6 Mafia,2000-06-13,0.788,0.973,2,-1.575,1,0.148,0.4,0.0,0.225,0.889,160.055,4,248533,True,Act Like You Know Me (Point Em Out),15,"When the Smoke Clears: Sixty 6, Sixty 1",D,major,D major
Three 6 Mafia,2000-06-13,0.835,0.895,4,-4.463,0,0.226,0.206,0.0,0.122,0.688,84.005,4,145066,True,Take a Bump,16,"When the Smoke Clears: Sixty 6, Sixty 1",E,minor,E minor
Three 6 Mafia,2000-06-13,0.673,0.826,2,-3.634,1,0.402,0.125,0.0,0.1,0.482,180.012,4,248866,True,"Touched Wit It (feat. Mr. Servon, Fiend & La Chat)",17,"When the Smoke Clears: Sixty 6, Sixty 1",D,major,D major
Three 6 Mafia,2000-06-13,0.812,0.823,1,-3.166,0,0.248,0.17,0.0,0.0879,0.931,154.081,4,291400,True,M.E.M.P.H.I.S.,18,"When the Smoke Clears: Sixty 6, Sixty 1",C#,minor,C# minor
Three 6 Mafia,2000-06-13,0.691,0.912,11,-3.009,0,0.319,0.415,0.0,0.373,0.659,164.186,4,237040,True,Just Anotha Crazy Click (feat. Insane Clown Posse & Twiztid),19,"When the Smoke Clears: Sixty 6, Sixty 1",B,minor,B minor
Three 6 Mafia,2000-06-13,0.834,0.793,4,-5.768,0,0.212,0.0203,0.0,0.0742,0.718,159.434,4,249160,True,Who Run It,20,"When the Smoke Clears: Sixty 6, Sixty 1",E,minor,E minor
Three 6 Mafia,2000-06-13,0.861,0.907,5,-2.243,0,0.212,0.0347,0.0,0.317,0.763,151.559,4,252533,True,Put Ya Signs,21,"When the Smoke Clears: Sixty 6, Sixty 1",F,minor,F minor
Three 6 Mafia,2000-06-13,0.642,0.357,2,-14.04,0,0.488,0.954,0.0,0.658,0.751,65.997,3,112306,True,What's Next (Outro),22,"When the Smoke Clears: Sixty 6, Sixty 1",D,minor,D minor
Three 6 Mafia,1999-08-24,0.638,0.617,2,-10.063,1,0.0568,0.000119,0.797,0.15,0.734,137.958,4,56200,True,Ya'll Ready For This,1,Club Memphis - Underground Volume 2,D,major,D major
Three 6 Mafia,1999-08-24,0.857,0.709,1,-4.853,1,0.0804,0.00322,2.82e-06,0.067,0.787,140.133,4,219866,True,Half On A Sack Or Blow,2,Club Memphis - Underground Volume 2,C#,major,C# major
Three 6 Mafia,1999-08-24,0.896,0.824,7,-5.585,1,0.366,0.00704,0.000143,0.195,0.678,150.123,4,274026,True,Suck A Nigga D**k,3,Club Memphis - Underground Volume 2,G,major,G major
Three 6 Mafia,1999-08-24,0.928,0.629,1,-6.73,1,0.361,0.000684,0.00184,0.186,0.855,150.257,4,225200,True,Lick My N*tts,4,Club Memphis - Underground Volume 2,C#,major,C# major
Three 6 Mafia,1999-08-24,0.813,0.904,0,-5.473,1,0.289,0.00106,0.0,0.114,0.737,136.056,4,318506,True,Funky Town,5,Club Memphis - Underground Volume 2,C,major,C major
Three 6 Mafia,1999-08-24,0.847,0.851,1,-3.407,1,0.328,0.0576,0.000991,0.299,0.316,76.677,4,167200,True,F**k That Nigga,6,Club Memphis - Underground Volume 2,C#,major,C# major
Three 6 Mafia,1999-08-24,0.925,0.663,2,-6.179,1,0.0744,0.00014,0.615,0.0964,0.694,138.21,4,127026,True,Blow A Nigga's Ass Off,7,Club Memphis - Underground Volume 2,D,major,D major
Three 6 Mafia,1999-08-24,0.959,0.711,6,-5.119,0,0.0708,0.0549,0.376,0.14,0.556,133.393,3,283840,True,Liquor And Dat Bud,8,Club Memphis - Underground Volume 2,F#,minor,F# minor
Three 6 Mafia,1999-08-24,0.784,0.804,0,-5.878,1,0.327,0.00744,0.0,0.185,0.602,165.659,4,145360,True,F**k Dat S**t,9,Club Memphis - Underground Volume 2,C,major,C major
Three 6 Mafia,1999-08-24,0.898,0.628,1,-7.035,1,0.0615,0.00127,0.0706,0.187,0.668,136.615,4,356200,True,Beat Down,10,Club Memphis - Underground Volume 2,C#,major,C# major
Three 6 Mafia,1999-08-24,0.721,0.393,6,-10.003,0,0.931,0.786,0.0,0.423,0.968,110.259,4,25640,True,Droppin' Dat Dirt,11,Club Memphis - Underground Volume 2,F#,minor,F# minor
Three 6 Mafia,1999-08-24,0.889,0.824,6,-4.623,0,0.313,0.0667,0.763,0.0751,0.724,75.516,4,207533,True,No I'm Not Dat Nigga,12,Club Memphis - Underground Volume 2,F#,minor,F# minor
Three 6 Mafia,1999-08-24,0.917,0.828,9,-5.104,0,0.246,0.0115,0.12,0.147,0.871,139.951,4,210693,True,Nine To Yo Dome,13,Club Memphis - Underground Volume 2,A,minor,A minor
Three 6 Mafia,1999-08-24,0.687,0.221,6,-12.813,1,0.953,0.658,0.0,0.212,0.961,68.104,1,16533,True,South Memphis Representin',14,Club Memphis - Underground Volume 2,F#,major,F# major
Three 6 Mafia,1999-08-24,0.82,0.594,4,-7.197,0,0.22,0.0606,4.84e-05,0.0996,0.661,96.069,4,117866,True,Get Buck Mutha F**ka,15,Club Memphis - Underground Volume 2,E,minor,E minor
Three 6 Mafia,1999-08-24,0.896,0.483,8,-8.023,0,0.217,0.0024,0.217,0.0957,0.418,136.807,4,266906,True,Long And Hard,16,Club Memphis - Underground Volume 2,G#,minor,G# minor
Three 6 Mafia,1999-08-24,0.797,0.729,8,-4.641,1,0.319,7.56e-05,0.000172,0.0775,0.773,151.376,4,235093,True,Tear Da Club Up,17,Club Memphis - Underground Volume 2,G#,major,G# major
Three 6 Mafia,1999-08-24,0.88,0.964,7,-5.881,1,0.135,0.0157,0.925,0.115,0.865,157.093,4,96266,True,North Memphis Area,18,Club Memphis - Underground Volume 2,G,major,G major
Three 6 Mafia,1999-08-24,0.849,0.487,4,-9.664,0,0.351,0.0069,0.464,0.146,0.499,170.981,4,123040,True,Slob On My Knob,19,Club Memphis - Underground Volume 2,E,minor,E minor
Three 6 Mafia,1999-03-16,0.962,0.68,9,-2.163,1,0.288,0.0035,0.000568,0.0952,0.79,134.507,4,362026,True,Ridin' N' Da Chevy,1,Underground Vol. I,A,major,A major
Three 6 Mafia,1999-03-16,0.596,0.937,8,-5.313,1,0.392,0.0385,0.00131,0.169,0.858,163.349,4,372106,True,Niggaz Ain't Barin' Dat,2,Underground Vol. I,G#,major,G# major
Three 6 Mafia,1999-03-16,0.761,0.506,11,-7.803,0,0.154,0.0152,1.78e-06,0.277,0.535,148.798,4,207066,True,Charging These Hoes,3,Underground Vol. I,B,minor,B minor
Three 6 Mafia,1999-03-16,0.659,0.885,2,-5.18,1,0.476,0.0223,0.0,0.204,0.657,115.859,4,261066,True,"Now I'm High, Really High",4,Underground Vol. I,D,major,D major
Three 6 Mafia,1999-03-16,0.809,0.352,7,-11.056,1,0.355,0.00129,0.563,0.399,0.621,154.109,4,163533,True,Sucks On Dick,5,Underground Vol. I,G,major,G major
Three 6 Mafia,1999-03-16,0.754,0.66,1,-1.368,0,0.093,0.0296,0.00132,0.211,0.66,119.664,4,218200,True,Playa Hataz,6,Underground Vol. I,C#,minor,C# minor
Three 6 Mafia,1999-03-16,0.627,0.905,6,-4.344,0,0.351,0.00115,0.0,0.187,0.714,149.69,4,298693,True,"Paul, With Da 45",7,Underground Vol. I,F#,minor,F# minor
Three 6 Mafia,1999-03-16,0.676,0.853,10,-2.679,0,0.0908,0.00247,5.11e-05,0.237,0.328,129.355,4,269040,True,Where Da Bud At,8,Underground Vol. I,A#,minor,A# minor
Three 6 Mafia,1999-03-16,0.719,0.991,9,-0.335,1,0.268,0.0834,0.0,0.239,0.344,130.585,4,222200,True,Mask And Da Glock,9,Underground Vol. I,A,major,A major
Three 6 Mafia,1999-03-16,0.86,0.941,1,-5.735,1,0.15,0.028,8.35e-05,0.324,0.845,134.208,4,194333,True,Don't Be Scared,10,Underground Vol. I,C#,major,C# major
Three 6 Mafia,1999-03-16,0.753,0.981,11,-3.322,0,0.314,0.0328,0.00119,0.418,0.884,145.848,4,163960,True,Time For Da Juice Mane,11,Underground Vol. I,B,minor,B minor
Three 6 Mafia,1999-03-16,0.643,0.887,7,-5.093,1,0.287,0.0167,0.00535,0.335,0.649,138.149,4,229466,True,Walk Up To Your House,12,Underground Vol. I,G,major,G major
Three 6 Mafia,1999-03-16,0.764,0.625,8,-7.636,0,0.372,0.000447,0.00709,0.144,0.675,146.012,4,254266,True,"Yeah, They Done Fucked Up",13,Underground Vol. I,G#,minor,G# minor
Three 6 Mafia,1999-03-16,0.766,0.874,11,-6.492,0,0.121,0.00047,0.000108,0.0698,0.335,138.418,4,304106,True,Talk Ya Ass Off,14,Underground Vol. I,B,minor,B minor
Three 6 Mafia,1999-03-16,0.713,0.708,2,-3.997,1,0.195,3.25e-05,0.0,0.37,0.45,149.022,4,215066,True,Fuck All Dem Hoes,15,Underground Vol. I,D,major,D major
Three 6 Mafia,1997-11-04,0.839,0.61,4,-6.673,0,0.0504,0.176,0.0,0.246,0.466,122.416,4,266826,False,Late Nite Tip - Radio Edit,1,Late Nite Tip,E,minor,E minor
Three 6 Mafia,1997-11-04,0.826,0.597,4,-6.537,0,0.0484,0.187,0.0,0.0923,0.376,122.413,4,350533,False,Late Nite Tip - Extended Radio Mix,2,Late Nite Tip,E,minor,E minor
Three 6 Mafia,1997-11-04,0.77,0.417,4,-7.312,0,0.0424,0.00357,0.768,0.0829,0.26,122.426,4,350840,False,Late Nite Tip - Instrumental,3,Late Nite Tip,E,minor,E minor
Three 6 Mafia,1997-11-04,0.894,0.398,2,-8.38,1,0.0683,0.00106,0.00138,0.0991,0.181,122.222,4,289893,True,Late Nite Tip,4,Late Nite Tip,D,major,D major
Three 6 Mafia,1997-11-04,0.952,0.548,9,-10.815,1,0.485,0.586,0.0,0.169,0.717,122.39,4,311133,True,Late Nite Tip - Acapella,5,Late Nite Tip,A,major,A major
Three 6 Mafia,1997-11-04,0.749,0.889,11,-5.07,0,0.108,0.000447,0.0,0.0406,0.697,68.029,4,284840,False,Late Nite Tip - DJ Herb's Ride Out Late Nite Radio Edit Remix,6,Late Nite Tip,B,minor,B minor
Three 6 Mafia,1997-11-04,0.682,0.8,11,-5.978,0,0.0682,4.89e-06,0.88,0.0508,0.481,68.027,4,284960,False,Late Nite Tip - DJ Herb's Ride Out Late Nite Radio Edit Remix Instrumental,7,Late Nite Tip,B,minor,B minor
Three 6 Mafia,1997-11-04,0.671,0.763,11,-6.244,0,0.0609,5.57e-06,0.812,0.0772,0.486,68.018,4,377200,False,Late Nite Tip - DJ Herb's Ride Out Late Nite Extended Remix Instrumental,8,Late Nite Tip,B,minor,B minor
Three 6 Mafia,1997-11-04,0.898,0.739,11,-9.621,0,0.188,0.00466,0.00183,0.0541,0.894,156.983,4,235866,False,Hit 'Em - Radio Edit,9,Late Nite Tip,B,minor,B minor
Three 6 Mafia,1997-11-04,0.789,0.697,11,-10.44,0,0.0527,0.000605,0.767,0.0431,0.961,157.0,4,236840,False,Hit 'Em - Choral Instrumental,10,Late Nite Tip,B,minor,B minor
Three 6 Mafia,1997-11-04,0.879,0.797,11,-7.316,0,0.114,0.0348,0.000155,0.627,0.887,156.837,4,232800,True,Hit 'Em,11,Late Nite Tip,B,minor,B minor
Three 6 Mafia,1997-11-01,0.253,0.26,2,-21.708,1,0.0441,0.312,0.367,0.173,0.0547,82.874,4,65133,True,We Are Waiting,1,Chapter 2: World Domination,D,major,D major
Three 6 Mafia,1997-11-01,0.0,0.604,11,-14.785,1,0.0,0.63,0.000196,0.681,0.0,0.0,0,14866,True,Studio Time,2,Chapter 2: World Domination,B,major,B major
Three 6 Mafia,1997-11-01,0.813,0.621,11,-10.695,0,0.0689,0.00328,3.69e-05,0.346,0.33,110.155,4,90266,True,Will Blast,3,Chapter 2: World Domination,B,minor,B minor
Three 6 Mafia,1997-11-01,0.879,0.795,11,-7.005,0,0.322,0.0447,4.83e-05,0.899,0.896,156.832,4,238333,True,Hit a Muthafucka,4,Chapter 2: World Domination,B,minor,B minor
Three 6 Mafia,1997-11-01,0.804,0.702,7,-7.691,1,0.165,0.000356,0.0,0.202,0.433,90.009,4,290400,True,Are U Ready 4 Us,5,Chapter 2: World Domination,G,major,G major
Three 6 Mafia,1997-11-01,0.728,0.904,11,-5.569,0,0.243,0.0709,0.000859,0.137,0.587,154.215,4,253493,True,Prophet Posse,6,Chapter 2: World Domination,B,minor,B minor
Three 6 Mafia,1997-11-01,0.823,0.747,6,-7.443,1,0.185,0.0167,1.13e-05,0.0881,0.708,137.568,4,220306,True,Motivated,7,Chapter 2: World Domination,F#,major,F# major
Three 6 Mafia,1997-11-01,0.864,0.622,2,-7.64,1,0.252,0.00534,2.62e-05,0.121,0.166,136.01,4,296130,True,I Ain't Cha Friend,8,Chapter 2: World Domination,D,major,D major
Three 6 Mafia,1997-11-01,0.727,0.645,2,-8.189,1,0.307,0.00508,4.92e-06,0.167,0.575,166.967,4,210619,True,Whatcha Do,9,Chapter 2: World Domination,D,major,D major
Three 6 Mafia,1997-11-01,0.841,0.703,11,-7.359,0,0.202,0.00304,0.00169,0.161,0.569,138.201,4,239329,True,Spill My Blood,10,Chapter 2: World Domination,B,minor,B minor
Three 6 Mafia,1997-11-01,0.9,0.864,11,-4.68,0,0.174,0.00958,8.37e-06,0.104,0.834,140.525,4,190538,True,Who Got Dem 9's,11,Chapter 2: World Domination,B,minor,B minor
Three 6 Mafia,1997-11-01,0.797,0.965,4,-6.313,0,0.265,0.00106,3.11e-06,0.0541,0.636,157.785,4,195586,True,Gunclaps,12,Chapter 2: World Domination,E,minor,E minor
Three 6 Mafia,1997-11-01,0.669,0.63,7,-8.017,1,0.234,0.000149,0.0299,0.0851,0.811,182.05,4,171575,True,3-6 In the Morning,13,Chapter 2: World Domination,G,major,G major
Three 6 Mafia,1997-11-01,0.702,0.864,1,-4.459,1,0.102,0.0762,0.0,0.227,0.593,161.107,4,225970,True,Tear Da Club Up '97,14,Chapter 2: World Domination,C#,major,C# major
Three 6 Mafia,1997-11-01,0.895,0.412,2,-7.845,1,0.0645,0.00103,0.00179,0.128,0.183,122.223,4,286721,True,Late Nite Tip,15,Chapter 2: World Domination,D,major,D major
Three 6 Mafia,1997-11-01,0.634,0.813,1,-3.539,1,0.235,0.0766,1.54e-05,0.657,0.266,184.366,4,258142,True,Bodyparts 2,16,Chapter 2: World Domination,C#,major,C# major
Three 6 Mafia,1997-11-01,0.704,0.866,8,-5.612,1,0.219,0.00226,0.0,0.311,0.692,168.33,4,164598,True,Flashes,17,Chapter 2: World Domination,G#,major,G# major
Three 6 Mafia,1997-11-01,0.875,0.658,11,-9.436,0,0.178,0.0219,0.0143,0.337,0.655,120.557,4,115744,True,Neighborhood Hoe,18,Chapter 2: World Domination,B,minor,B minor
Three 6 Mafia,1997-11-01,0.583,0.559,11,-8.837,0,0.232,0.00167,0.119,0.174,0.527,143.725,4,239681,True,N 2 Deep,19,Chapter 2: World Domination,B,minor,B minor
Three 6 Mafia,1997-11-01,0.928,0.672,2,-6.434,1,0.0426,0.000377,0.0915,0.252,0.297,120.009,4,192066,True,Anyone Out There,20,Chapter 2: World Domination,D,major,D major
Three 6 Mafia,1997-11-01,0.868,0.722,1,-6.422,1,0.097,0.000197,0.00087,0.195,0.349,82.019,4,235274,True,Land of the Lost,21,Chapter 2: World Domination,C#,major,C# major
Three 6 Mafia,1997-11-01,0.859,0.583,11,-8.576,0,0.244,0.00884,1.2e-05,0.275,0.374,120.103,4,187102,True,Weed Is Got Me High,22,Chapter 2: World Domination,B,minor,B minor
Three 6 Mafia,1997-11-01,0.736,0.801,1,-6.274,1,0.0486,0.00137,8.84e-06,0.0389,0.632,141.032,4,291810,True,Tear Da Club Up (DJ Herb's Crunk & Tear It Up Remix) - Radio Edit,23,Chapter 2: World Domination,C#,major,C# major
Three 6 Mafia,1997-11-01,0.743,0.884,11,-5.077,0,0.142,0.000495,0.0,0.0377,0.684,68.021,4,283005,True,Late Night Tip (DJ Herb's Ride Out Late Nite Remix) - Radio Edit,24,Chapter 2: World Domination,B,minor,B minor
Three 6 Mafia,1997-03-11,0.212,0.803,5,-8.926,0,0.288,0.037,0.00157,0.0998,0.245,72.173,4,54466,True,Our Arrival,1,The End,F,minor,F minor
Three 6 Mafia,1997-03-11,0.765,0.543,1,-8.147,1,0.0814,0.00693,0.112,0.249,0.11,159.966,4,250133,True,Stomp,2,The End,C#,major,C# major
Three 6 Mafia,1997-03-11,0.814,0.538,5,-6.904,0,0.298,0.000429,0.0,0.126,0.35,144.083,4,246026,True,Money Flow,3,The End,F,minor,F minor
Three 6 Mafia,1997-03-11,0.906,0.397,2,-8.183,1,0.077,0.0574,1.11e-05,0.128,0.184,122.216,4,316773,True,Late Night Tip,4,The End,D,major,D major
Three 6 Mafia,1997-03-11,0.809,0.582,1,-8.571,1,0.328,0.00254,1.07e-06,0.187,0.368,148.056,4,373933,True,Gotcha Shakin',5,The End,C#,major,C# major
Three 6 Mafia,1997-03-11,0.807,0.675,1,-7.485,1,0.0864,0.00178,1.06e-05,0.078,0.574,156.017,4,234026,True,I Ain't Goin',6,The End,C#,major,C# major
Three 6 Mafia,1997-03-11,0.899,0.553,11,-4.981,0,0.227,0.0313,2.14e-06,0.0786,0.595,139.941,4,256906,True,Good Stuff,7,The End,B,minor,B minor
Three 6 Mafia,1997-03-11,0.788,0.583,6,-8.073,0,0.322,0.0246,0.00154,0.304,0.627,163.779,4,273760,True,Walk Up 2 Yo House,8,The End,F#,minor,F# minor
Three 6 Mafia,1997-03-11,0.719,0.553,0,-6.777,1,0.274,0.247,0.0,0.425,0.392,72.022,4,230840,True,In-2-Deep,9,The End,C,major,C major
Three 6 Mafia,1997-03-11,0.709,0.737,9,-6.759,1,0.302,0.0153,2.36e-06,0.294,0.561,154.126,4,303693,True,Last Man Standing,10,The End,A,major,A major
Three 6 Mafia,1997-03-11,0.754,0.616,8,-7.45,1,0.128,0.00135,0.0153,0.141,0.216,170.387,4,237306,True,Destruction Terror,11,The End,G#,major,G# major
Three 6 Mafia,1997-03-11,0.787,0.751,6,-5.644,0,0.284,0.188,0.0,0.513,0.274,92.12,4,330133,True,Body Parts,12,The End,F#,minor,F# minor
Three 6 Mafia,1997-03-11,0.9,0.56,11,-7.965,0,0.0605,0.00216,0.00534,0.375,0.714,140.041,4,237293,True,Where's Da Bud,13,The End,B,minor,B minor
Three 6 Mafia,1997-03-11,0.824,0.746,10,-6.34,0,0.302,0.0271,0.0,0.23,0.647,159.943,4,264173,True,Gette'm Crunk,14,The End,A#,minor,A# minor
Three 6 Mafia,1997-03-11,0.791,0.891,2,-6.277,1,0.182,0.000354,3.11e-05,0.49,0.509,131.996,4,319933,True,Where Da Killaz Hang,15,The End,D,major,D major
Three 6 Mafia,1997-03-11,0.73,0.38,1,-9.641,1,0.04,0.00124,0.889,0.209,0.483,146.059,4,256133,True,The End,16,The End,C#,major,C# major
Three 6 Mafia,1997-03-11,0.863,0.599,11,-8.455,0,0.129,0.0235,5.75e-06,0.366,0.175,124.168,4,254293,True,Life Or Death,17,The End,B,minor,B minor
Three 6 Mafia,1995-11-14,0.557,0.439,6,-5.706,0,0.119,0.576,2.18e-06,0.127,0.655,123.55,4,70493,True,A New Nightmare,1,Live By Yo Rep(Bone Dis),F#,minor,F# minor
Three 6 Mafia,1995-11-14,0.809,0.635,11,-4.351,0,0.298,0.0855,0.0,0.289,0.658,150.085,4,105960,True,Triple 6 Mafia,2,Live By Yo Rep(Bone Dis),B,minor,B minor
Three 6 Mafia,1995-11-14,0.77,0.931,9,-2.183,1,0.21,0.0805,1.49e-05,0.0335,0.787,140.02,4,322240,True,Throw Yo Sets In Da Air,3,Live By Yo Rep(Bone Dis),A,major,A major
Three 6 Mafia,1995-11-14,0.751,0.679,9,-4.872,1,0.175,0.00283,0.0483,0.229,0.565,130.15,3,118773,True,Slippin' - (Koopsta Knicca),4,Live By Yo Rep(Bone Dis),A,major,A major
Three 6 Mafia,1995-11-14,0.738,0.797,1,-3.892,1,0.236,0.145,0.0,0.263,0.917,151.866,4,303626,True,Be A Witness - (Killa Klan Kaze),5,Live By Yo Rep(Bone Dis),C#,major,C# major
Three 6 Mafia,1995-11-14,0.678,0.627,2,-6.611,1,0.0507,0.31,0.000714,0.439,0.35,132.705,4,259800,True,Live By Yo Rep - (Radio),6,Live By Yo Rep(Bone Dis),D,major,D major
Three 6 Mafia,1995-11-14,0.742,0.74,11,-8.014,0,0.0703,0.851,0.000173,0.315,0.639,116.929,4,260640,True,Live By Yo Rep - (Screwed),7,Live By Yo Rep(Bone Dis),B,minor,B minor
Three 6 Mafia,1995-11-14,0.711,0.878,2,-6.375,1,0.206,0.0419,0.0,0.105,0.76,152.442,4,273533,True,Tear Da Club Up - (Da Real),8,Live By Yo Rep(Bone Dis),D,major,D major
Three 6 Mafia,1995-05-09,0.566,0.92,11,-6.501,0,0.477,0.786,3.28e-05,0.411,0.511,82.285,4,73800,True,Da Beginning,1,Mystic Stylez,B,minor,B minor
Three 6 Mafia,1995-05-09,0.632,0.956,9,-4.702,0,0.605,0.196,0.0,0.187,0.318,158.766,4,261560,True,Break Da Law '95',2,Mystic Stylez,A,minor,A minor
Three 6 Mafia,1995-05-09,0.842,0.64,8,-8.258,0,0.245,0.332,0.00039,0.0927,0.62,140.338,3,283573,True,Da Summa,3,Mystic Stylez,G#,minor,G# minor
Three 6 Mafia,1995-05-09,0.721,0.865,1,-5.371,0,0.153,0.748,0.0,0.657,0.415,132.998,4,312866,True,Live By Yo Rep,4,Mystic Stylez,C#,minor,C# minor
Three 6 Mafia,1995-05-09,0.671,0.889,9,-4.269,0,0.295,0.268,0.000349,0.216,0.747,170.528,4,244133,True,In Da Game,5,Mystic Stylez,A,minor,A minor
Three 6 Mafia,1995-05-09,0.788,0.962,2,-3.619,1,0.275,0.649,1.19e-06,0.331,0.268,112.539,4,310533,True,Now I'm Hi Pt. 3,6,Mystic Stylez,D,major,D major
Three 6 Mafia,1995-05-09,0.763,0.949,2,-5.611,1,0.157,0.0571,0.00271,0.0387,0.899,166.112,4,275133,True,Long Nite,7,Mystic Stylez,D,major,D major
Three 6 Mafia,1995-05-09,0.621,0.973,2,-7.395,1,0.559,0.254,0.0,0.26,0.268,216.538,4,285600,True,Sweet Robbery,8,Mystic Stylez,D,major,D major
Three 6 Mafia,1995-05-09,0.767,0.732,11,-6.385,0,0.155,0.0503,0.0,0.335,0.696,144.909,4,291066,True,Back Against Da Wall,9,Mystic Stylez,B,minor,B minor
Three 6 Mafia,1995-05-09,0.694,0.932,0,-6.217,1,0.246,0.668,0.0,0.0972,0.509,130.048,4,378400,True,Fuckin Wit Dis Click,10,Mystic Stylez,C,major,C major
Three 6 Mafia,1995-05-09,0.902,0.462,9,-9.539,0,0.139,0.528,0.00162,0.139,0.866,145.85,4,294426,True,All Or Nothin,11,Mystic Stylez,A,minor,A minor
Three 6 Mafia,1995-05-09,0.823,0.932,2,-5.592,1,0.442,0.416,0.0511,0.328,0.563,140.299,4,295173,True,Gotta Touch 'Em - (Pt. 2),12,Mystic Stylez,D,major,D major
Three 6 Mafia,1995-05-09,0.696,0.91,7,-4.567,1,0.181,0.0437,0.0,0.214,0.744,152.421,4,275093,True,Tear Da Club Up,13,Mystic Stylez,G,major,G major
Three 6 Mafia,1995-05-09,0.44,0.833,1,-5.059,1,0.278,0.00963,1.72e-05,0.205,0.315,81.697,4,138333,True,Big Bizness,14,Mystic Stylez,C#,major,C# major
Three 6 Mafia,1995-05-09,0.718,0.976,2,-2.933,0,0.232,0.341,0.00445,0.0912,0.636,137.726,4,383506,True,Mystic Styles,15,Mystic Stylez,D,minor,D minor
Three 6 Mafia,1995-05-09,0.916,0.536,11,-9.085,1,0.2,0.125,0.000152,0.0597,0.455,134.029,4,324800,True,Porno Movie,16,Mystic Stylez,B,major,B major
Desakato,2020-09-16,0.462,0.857,2,-5.942,1,0.0468,0.000467,0.00417,0.0714,0.157,127.006,3,293019,False,Apátridas,1,La Miel de Las Flores Muertas,D,major,D major
Desakato,2020-09-16,0.268,0.87,8,-5.516,1,0.0675,0.0013,0.0151,0.213,0.383,165.015,1,262598,True,Hipnotizados,2,La Miel de Las Flores Muertas,G#,major,G# major
Desakato,2020-09-16,0.36,0.925,2,-5.536,0,0.0532,0.00016,0.163,0.292,0.549,199.913,4,211004,False,Nuestro Legado,3,La Miel de Las Flores Muertas,D,minor,D minor
Desakato,2020-09-16,0.422,0.921,0,-4.925,1,0.0533,4.97e-05,0.00684,0.208,0.531,166.997,4,230054,False,Elegante Entierro,4,La Miel de Las Flores Muertas,C,major,C major
Desakato,2020-09-16,0.484,0.929,7,-5.522,0,0.0554,4.82e-05,0.221,0.214,0.294,104.986,4,256048,False,L'Estrueldu,5,La Miel de Las Flores Muertas,G,minor,G minor
Desakato,2020-09-16,0.4,0.888,9,-5.35,0,0.0406,0.00235,0.000423,0.207,0.237,153.009,4,250622,False,La Tierra Prometida,6,La Miel de Las Flores Muertas,A,minor,A minor
Desakato,2020-09-16,0.43,0.978,9,-4.901,0,0.0553,7.66e-05,0.000739,0.0742,0.434,156.042,4,261137,True,Nueva Religión,7,La Miel de Las Flores Muertas,A,minor,A minor
Desakato,2020-09-16,0.36,0.703,7,-6.754,1,0.0634,0.0171,0.000183,0.0788,0.0709,109.944,4,214292,False,La Colmena,8,La Miel de Las Flores Muertas,G,major,G major
Desakato,2020-09-16,0.358,0.959,2,-5.339,1,0.0708,6.17e-05,0.344,0.24,0.506,186.889,4,121722,True,Hijo de Puta,9,La Miel de Las Flores Muertas,D,major,D major
Desakato,2020-09-16,0.407,0.8,7,-5.776,0,0.0375,0.000976,0.000145,0.066,0.118,171.957,4,311719,False,Sombras,10,La Miel de Las Flores Muertas,G,minor,G minor
Desakato,2020-09-16,0.331,0.865,1,-5.608,1,0.053,0.00108,1.12e-05,0.0966,0.518,101.357,4,162439,True,Nin Dios Nin Rei,11,La Miel de Las Flores Muertas,C#,major,C# major
Desakato,2016-03-09,0.533,0.906,7,-5.68,1,0.0386,0.000174,0.000587,0.112,0.771,94.996,4,128983,True,Tiempo de cobardes,1,La Teoría del Fuego,G,major,G major
Desakato,2016-03-09,0.519,0.918,8,-5.539,1,0.0418,0.0017,7.76e-05,0.164,0.447,96.051,4,201649,False,Animales hambrientos,2,La Teoría del Fuego,G#,major,G# major
Desakato,2016-03-09,0.315,0.937,7,-6.254,1,0.0409,0.00442,6.6e-06,0.123,0.475,189.921,3,210194,False,Estigma,3,La Teoría del Fuego,G,major,G major
Desakato,2016-03-09,0.423,0.962,11,-4.844,0,0.0746,0.00606,0.0,0.135,0.544,164.938,4,181013,False,Heridas abiertas,4,La Teoría del Fuego,B,minor,B minor
Desakato,2016-03-09,0.552,0.49,7,-8.645,0,0.0326,0.0102,0.00225,0.173,0.0647,130.023,4,269376,False,Tu avalancha,5,La Teoría del Fuego,G,minor,G minor
Desakato,2016-03-09,0.431,0.97,2,-5.531,1,0.0669,0.000266,9.91e-05,0.134,0.24,150.056,4,243186,False,Columnas de humo,6,La Teoría del Fuego,D,major,D major
Desakato,2016-03-09,0.18,0.977,0,-5.139,0,0.0901,0.000457,2.72e-05,0.271,0.276,169.371,4,189403,False,Barcos en llamas,7,La Teoría del Fuego,C,minor,C minor
Desakato,2016-03-09,0.459,0.94,1,-5.756,1,0.046,0.00524,0.000285,0.148,0.632,174.86,4,248132,False,Pasajeros,8,La Teoría del Fuego,C#,major,C# major
Desakato,2016-03-09,0.229,0.816,0,-7.18,1,0.0378,0.000796,0.722,0.0934,0.246,140.044,4,148933,False,Volcán,9,La Teoría del Fuego,C,major,C major
Desakato,2016-03-09,0.383,0.977,5,-6.184,0,0.0701,0.00212,0.000346,0.267,0.195,160.009,3,202069,False,La hoguera,10,La Teoría del Fuego,F,minor,F minor
Desakato,2016-03-09,0.547,0.907,7,-5.57,1,0.0348,0.00141,0.0012,0.143,0.529,129.972,4,284599,True,Fueu y solombres,11,La Teoría del Fuego,G,major,G major
Desakato,2014-03-08,0.49,0.743,7,-7.155,0,0.0324,0.00014,0.746,0.118,0.134,110.009,3,132028,False,Estepa,1,Buen Viaje,G,minor,G minor
Desakato,2014-03-08,0.555,0.964,4,-4.306,0,0.0879,0.00248,4.85e-06,0.165,0.636,92.593,4,158498,False,Héroes,2,Buen Viaje,E,minor,E minor
Desakato,2014-03-08,0.391,0.991,11,-3.921,0,0.218,9.27e-05,0.00081,0.295,0.327,154.962,4,200074,False,La Tormenta,3,Buen Viaje,B,minor,B minor
Desakato,2014-03-08,0.559,0.862,3,-5.175,1,0.0496,0.00198,1.62e-05,0.177,0.734,82.411,4,272256,True,Pánico en Frankfurt,4,Buen Viaje,D#,major,D# major
Desakato,2014-03-08,0.418,0.984,0,-4.817,1,0.103,3.88e-05,0.0422,0.111,0.421,162.454,4,189097,False,Trompetes de Xericó,5,Buen Viaje,C,major,C major
Desakato,2014-03-08,0.544,0.902,0,-6.005,1,0.0492,0.000731,0.035,0.328,0.726,80.021,4,273775,False,Combustión,6,Buen Viaje,C,major,C major
Desakato,2014-03-08,0.563,0.939,10,-4.405,1,0.0689,0.000935,4.94e-05,0.295,0.739,107.513,4,177984,True,La ira de los hambrientos,7,Buen Viaje,A#,major,A# major
Desakato,2014-03-08,0.532,0.909,7,-5.277,1,0.0464,0.00389,1.31e-05,0.121,0.671,155.037,4,263234,False,Batalla Final,8,Buen Viaje,G,major,G major
Desakato,2014-03-08,0.499,0.962,6,-4.372,1,0.0553,6.59e-05,0.00233,0.166,0.576,99.97,4,195706,False,Cacería,9,Buen Viaje,F#,major,F# major
Desakato,2014-03-08,0.436,0.961,0,-4.35,0,0.157,0.00262,4.44e-05,0.24,0.59,185.019,4,170085,False,La Noche,10,Buen Viaje,C,minor,C minor
Desakato,2014-03-08,0.231,0.809,6,-8.292,0,0.0802,0.00536,0.0037,0.417,0.091,159.936,4,620000,False,Ritual,11,Buen Viaje,F#,minor,F# minor
Desakato,2012-01-24,0.552,0.942,2,-9.071,1,0.048,3.76e-05,0.893,0.158,0.473,147.173,4,80520,False,...,1,Inercia,D,major,D major
Desakato,2012-01-24,0.48,0.924,7,-5.261,1,0.0436,9.82e-05,0.0017,0.108,0.507,175.974,4,195840,False,Iceberg,2,Inercia,G,major,G major
Desakato,2012-01-24,0.621,0.937,2,-3.778,0,0.0638,0.00294,2.72e-06,0.104,0.467,140.044,4,241200,False,R.I.P.,3,Inercia,D,minor,D minor
Desakato,2012-01-24,0.509,0.973,9,-3.851,0,0.093,0.000155,4.1e-05,0.104,0.291,150.055,4,200160,True,Cuando salga el sol,4,Inercia,A,minor,A minor
Desakato,2012-01-24,0.51,0.912,6,-3.955,0,0.0509,4.98e-05,0.00181,0.453,0.429,104.937,4,211440,False,Seguimos vivos,5,Inercia,F#,minor,F# minor
Desakato,2012-01-24,0.482,0.938,7,-4.11,1,0.102,0.000203,0.000694,0.324,0.253,142.561,4,77400,True,Carta de un paria,6,Inercia,G,major,G major
Desakato,2012-01-24,0.274,0.289,2,-13.556,0,0.0315,0.112,0.796,0.258,0.0396,87.533,4,97800,False,Ignición,7,Inercia,D,minor,D minor
Desakato,2012-01-24,0.323,0.964,7,-3.302,1,0.0874,0.00122,0.000336,0.119,0.418,137.163,4,243120,False,Al cuarto poder,8,Inercia,G,major,G major
Desakato,2012-01-24,0.476,0.885,2,-4.459,1,0.0667,0.00455,0.000491,0.0905,0.545,180.013,4,277080,False,Agradable abismo,9,Inercia,D,major,D major
Desakato,2012-01-24,0.588,0.961,9,-4.345,1,0.0679,0.00351,0.00115,0.167,0.412,92.009,4,196200,True,Dispara,10,Inercia,A,major,A major
Desakato,2012-01-24,0.611,0.857,2,-4.5,1,0.0407,0.00963,0.00415,0.0615,0.565,100.048,4,222240,False,El Incendio,11,Inercia,D,major,D major
Desakato,2012-01-24,0.494,0.828,7,-4.641,0,0.0345,0.00015,0.0013,0.0982,0.658,156.048,4,222840,False,Perdido,12,Inercia,G,minor,G minor
Desakato,2012-01-24,0.281,0.956,1,-3.94,1,0.114,0.000414,0.00598,0.0479,0.536,136.128,4,238560,False,L'Espantayu,13,Inercia,C#,major,C# major
Desakato,2012-01-24,0.402,0.891,10,-5.176,1,0.0573,0.000349,0.0108,0.0677,0.557,199.883,4,185040,True,El último hombre,14,Inercia,A#,major,A# major
Desakato,2012-01-24,0.508,0.921,11,-3.742,0,0.0512,0.000783,0.0315,0.322,0.708,150.003,4,225720,False,Sonrisa certera,15,Inercia,B,minor,B minor
Desakato,2010-02-01,0.534,0.927,9,-3.99,0,0.0715,0.000283,0.0,0.328,0.604,100.001,4,229626,False,África,1,Miseria sangre y plomo,A,minor,A minor
Desakato,2010-02-01,0.466,0.939,7,-4.203,1,0.0961,0.00049,1.28e-05,0.0726,0.568,180.003,4,229120,False,En el ojo ajeno,2,Miseria sangre y plomo,G,major,G major
Desakato,2010-02-01,0.454,0.9,7,-4.655,0,0.043,0.000476,3.08e-05,0.2,0.261,179.913,4,332306,False,Cada vez,3,Miseria sangre y plomo,G,minor,G minor
Desakato,2010-02-01,0.496,0.923,10,-4.269,0,0.0652,0.000907,0.0,0.0688,0.742,164.979,4,203906,False,Contra la pared,4,Miseria sangre y plomo,A#,minor,A# minor
Desakato,2010-02-01,0.497,0.903,8,-4.342,1,0.0527,0.000102,0.0107,0.35,0.611,79.999,4,272173,True,Otro gramo,5,Miseria sangre y plomo,G#,major,G# major
Desakato,2010-02-01,0.588,0.872,0,-4.574,1,0.0701,0.000152,6.31e-05,0.0712,0.564,130.029,4,282040,False,Bajo la piel,6,Miseria sangre y plomo,C,major,C major
Desakato,2010-02-01,0.669,0.854,7,-4.551,1,0.07,0.000939,1.18e-05,0.0527,0.755,135.023,4,280213,False,Mundo virtual,7,Miseria sangre y plomo,G,major,G major
Desakato,2010-02-01,0.323,0.923,9,-4.179,0,0.09,0.000346,7.26e-05,0.287,0.541,147.989,4,193826,False,El mio camín,8,Miseria sangre y plomo,A,minor,A minor
Desakato,2010-02-01,0.445,0.528,9,-7.901,1,0.0359,0.184,0.0,0.0894,0.273,144.821,4,243453,False,Fríu de Xineru,9,Miseria sangre y plomo,A,major,A major
Desakato,2010-02-01,0.581,0.903,7,-4.023,1,0.0466,0.000459,2.16e-06,0.303,0.536,105.009,4,197333,False,Nuestra oportunidad,10,Miseria sangre y plomo,G,major,G major
Desakato,2008-02-01,0.562,0.761,1,-5.297,1,0.0313,0.000199,0.000427,0.183,0.515,105.022,4,225613,False,Ritcher 7.5,1,Con el viento de cara,C#,major,C# major
Desakato,2008-02-01,0.648,0.615,10,-5.416,0,0.0327,0.000518,4.64e-05,0.221,0.432,104.989,4,260200,False,Los mineros,2,Con el viento de cara,A#,minor,A# minor
Desakato,2008-02-01,0.534,0.856,1,-6.265,1,0.0355,0.000374,2.25e-05,0.294,0.352,104.912,4,233080,False,Tu disfraz,3,Con el viento de cara,C#,major,C# major
Desakato,2008-02-01,0.518,0.848,6,-6.182,0,0.0387,0.000119,0.000923,0.108,0.454,102.508,4,197480,False,Contra el dolor,4,Con el viento de cara,F#,minor,F# minor
Desakato,2008-02-01,0.567,0.811,0,-5.771,1,0.028,0.000298,0.000146,0.0965,0.446,104.99,4,298840,False,N'Alcordanza,5,Con el viento de cara,C,major,C major
Desakato,2008-02-01,0.435,0.857,1,-6.104,1,0.0344,0.000194,0.00646,0.439,0.358,159.88,4,250280,False,Mundo loco,6,Con el viento de cara,C#,major,C# major
Desakato,2008-02-01,0.554,0.766,8,-5.828,1,0.027,0.000925,0.000394,0.13,0.354,99.95,4,281320,False,A la soledad,7,Con el viento de cara,G#,major,G# major
Desakato,2008-02-01,0.535,0.86,10,-4.673,0,0.0325,0.000193,0.00011,0.31,0.31,99.979,4,246906,False,Kiero ser,8,Con el viento de cara,A#,minor,A# minor
Desakato,2008-02-01,0.534,0.87,5,-4.998,0,0.035,3.86e-05,0.000937,0.155,0.397,115.025,4,176866,False,Mañana fria,9,Con el viento de cara,F,minor,F minor
Desakato,2008-02-01,0.532,0.844,7,-5.407,0,0.038,0.000235,8.99e-05,0.252,0.208,133.032,4,221920,True,Kien okupa,10,Con el viento de cara,G,minor,G minor
Desakato,2008-02-01,0.48,0.681,0,-6.626,1,0.0276,0.00475,0.0,0.104,0.16,145.12,4,183373,False,Libertad,11,Con el viento de cara,C,major,C major
Desakato,2008-02-01,0.582,0.9,2,-5.185,1,0.0373,0.000153,0.000232,0.136,0.271,134.974,4,201106,False,Octubres rotos,12,Con el viento de cara,D,major,D major
Los Rebujitos,2024-03-01,0.692,0.804,6,-5.799,0,0.281,0.555,0.0339,0.096,0.909,174.965,3,199200,False,Al andar (Por mi Cai),1,Pureza al natural,F#,minor,F# minor
Los Rebujitos,2024-03-01,0.721,0.496,7,-7.334,1,0.116,0.877,8.22e-05,0.0904,0.75,145.712,4,203835,False,Son los besos,2,Pureza al natural,G,major,G major
Los Rebujitos,2024-03-01,0.849,0.844,0,-6.046,0,0.0691,0.711,0.176,0.131,0.961,95.052,4,175578,False,Cariño,3,Pureza al natural,C,minor,C minor
Los Rebujitos,2024-03-01,0.83,0.617,6,-7.299,0,0.212,0.871,0.000862,0.156,0.793,95.932,4,177500,False,No puedo olvidarte,4,Pureza al natural,F#,minor,F# minor
Los Rebujitos,2024-03-01,0.686,0.574,4,-6.385,1,0.238,0.828,0.00768,0.187,0.548,159.868,4,183000,False,Él no sabe mirarte,5,Pureza al natural,E,major,E major
Los Rebujitos,2024-03-01,0.729,0.6,4,-5.865,1,0.218,0.844,0.000271,0.114,0.85,167.889,3,184285,False,Un estribillo sin ti,6,Pureza al natural,E,major,E major
Los Rebujitos,2024-03-01,0.804,0.546,5,-7.322,1,0.187,0.898,0.0058,0.162,0.622,135.925,4,192352,False,Nunca pensaba,7,Pureza al natural,F,major,F major
Los Rebujitos,2024-03-01,0.758,0.712,1,-6.774,0,0.0399,0.551,0.000514,0.25,0.961,150.007,4,170400,False,La Excavadora,8,Pureza al natural,C#,minor,C# minor
Los Rebujitos,2024-03-01,0.763,0.515,0,-7.928,0,0.287,0.825,0.000294,0.0701,0.906,98.534,3,175431,False,Quítate la venda,9,Pureza al natural,C,minor,C minor
Los Rebujitos,2024-03-01,0.805,0.667,6,-7.054,0,0.165,0.803,0.00594,0.0673,0.795,148.083,4,188108,False,Háblame,10,Pureza al natural,F#,minor,F# minor
Los Rebujitos,2024-03-01,0.668,0.318,5,-12.491,1,0.236,0.955,0.0219,0.0758,0.141,76.003,4,227368,False,Cómo lo hago,11,Pureza al natural,F,major,F major
Los Rebujitos,2024-03-01,0.589,0.249,7,-10.433,1,0.0651,0.942,6.76e-06,0.318,0.601,74.654,3,144000,False,Bonus track - A mi madre (maqueta),12,Pureza al natural,G,major,G major
Los Rebujitos,2022-04-01,0.749,0.762,6,-6.205,1,0.0363,0.13,0.0,0.341,0.784,129.817,4,190398,False,Y Volaré,1,Marniático,F#,major,F# major
Los Rebujitos,2022-04-01,0.762,0.75,6,-6.138,0,0.0368,0.599,2.01e-06,0.114,0.947,135.024,4,197786,False,Este Amor,2,Marniático,F#,minor,F# minor
Los Rebujitos,2022-04-01,0.756,0.734,3,-5.559,1,0.0672,0.375,9.49e-06,0.122,0.646,99.929,4,168893,False,En la Cima del Mundo,3,Marniático,D#,major,D# major
Los Rebujitos,2022-04-01,0.589,0.521,1,-8.032,1,0.0614,0.585,0.0,0.152,0.459,147.895,4,180293,False,Por Si Me Olvidaras,4,Marniático,C#,major,C# major
Los Rebujitos,2022-04-01,0.726,0.675,0,-6.468,0,0.0502,0.471,0.0,0.131,0.751,128.995,4,204360,False,El Séptimo Cielo,5,Marniático,C,minor,C minor
Los Rebujitos,2022-04-01,0.757,0.628,1,-6.285,1,0.0531,0.313,3e-06,0.28,0.863,149.869,4,153059,False,Y Si Me Da Por Ti,6,Marniático,C#,major,C# major
Los Rebujitos,2022-04-01,0.598,0.598,6,-6.011,1,0.0753,0.53,2.82e-06,0.129,0.508,139.987,4,179666,False,Dime Qué Hago,7,Marniático,F#,major,F# major
Los Rebujitos,2022-04-01,0.723,0.684,8,-6.719,0,0.131,0.312,0.0,0.0989,0.888,99.964,4,182495,False,Extraterrestre,8,Marniático,G#,minor,G# minor
Los Rebujitos,2022-04-01,0.744,0.564,2,-6.981,0,0.262,0.175,4.34e-06,0.112,0.739,148.024,4,167226,False,Si Sola Te Ves,9,Marniático,D,minor,D minor
Los Rebujitos,2022-04-01,0.656,0.795,5,-4.939,0,0.163,0.543,3.12e-06,0.266,0.781,169.642,4,188977,False,Canta Corazón,10,Marniático,F,minor,F minor
Los Rebujitos,2022-04-01,0.643,0.634,7,-6.893,1,0.136,0.308,0.0,0.235,0.955,159.735,4,182873,False,Todavía Me Deshago,11,Marniático,G,major,G major
Los Rebujitos,2022-04-01,0.722,0.796,6,-6.316,0,0.199,0.102,3.46e-06,0.783,0.575,105.003,4,179061,False,Todos los Besos 2.0,12,Marniático,F#,minor,F# minor
Los Rebujitos,2022-04-01,0.663,0.842,9,-5.504,1,0.114,0.416,0.0,0.157,0.889,115.945,4,266178,False,Amores de Agua Salada,13,Marniático,A,major,A major
Los Rebujitos,2018-06-15,0.847,0.714,11,-5.539,0,0.0379,0.42,0.00012,0.122,0.623,124.958,4,215498,False,Vete,1,9+1,B,minor,B minor
Los Rebujitos,2018-06-15,0.742,0.669,0,-5.882,0,0.029,0.379,3.19e-05,0.0931,0.645,134.939,4,235000,False,Le Pediré a la Luna,2,9+1,C,minor,C minor
Los Rebujitos,2018-06-15,0.69,0.699,6,-6.126,1,0.171,0.209,8.72e-06,0.0897,0.771,90.025,4,193000,False,El Niño Pena Ya No Camina Solo,3,9+1,F#,major,F# major
Los Rebujitos,2018-06-15,0.611,0.656,8,-5.07,0,0.0394,0.489,2.15e-06,0.123,0.559,125.119,4,188880,False,Tanto,4,9+1,G#,minor,G# minor
Los Rebujitos,2018-06-15,0.729,0.634,7,-5.798,1,0.0322,0.0712,0.0,0.0863,0.638,130.072,4,218186,False,Ella,5,9+1,G,major,G major
Los Rebujitos,2018-06-15,0.757,0.736,4,-5.414,1,0.0527,0.123,0.00407,0.0938,0.701,120.005,4,233746,False,Lo He Sentido,6,9+1,E,major,E major
Los Rebujitos,2018-06-15,0.654,0.737,7,-5.748,0,0.0549,0.163,0.0,0.0915,0.925,141.903,4,197647,False,Perdí,7,9+1,G,minor,G minor
Los Rebujitos,2018-06-15,0.693,0.712,9,-7.365,0,0.0351,0.327,0.00421,0.164,0.623,142.035,4,206293,False,Desordenada,8,9+1,A,minor,A minor
Los Rebujitos,2018-06-15,0.785,0.608,8,-5.568,1,0.103,0.0855,1.05e-05,0.066,0.922,115.025,4,207386,False,Dónde Buscar,9,9+1,G#,major,G# major
Los Rebujitos,2018-06-15,0.463,0.809,0,-4.739,0,0.0696,0.242,0.0,0.0763,0.237,169.926,4,212025,False,Y Te Lleve Tan Lejos,10,9+1,C,minor,C minor
Los Rebujitos,2018-06-15,0.634,0.723,4,-5.773,1,0.111,0.517,0.0,0.128,0.598,125.686,4,238442,False,Lo He Sentido (Comparsa),11,9+1,E,major,E major
Los Rebujitos,2018-06-15,0.594,0.771,7,-5.711,1,0.196,0.393,0.0,0.102,0.821,123.689,4,259094,False,Con Solo una Sonrisa (Comparsa),12,9+1,G,major,G major
Los Rebujitos,2016-05-20,0.644,0.873,5,-4.882,0,0.176,0.413,0.0,0.0926,0.828,136.065,4,229075,False,Lo Que Me Gusta de Ti,1,Tras la Máscara,F,minor,F minor
Los Rebujitos,2016-05-20,0.683,0.817,0,-6.281,1,0.118,0.234,0.0,0.102,0.769,126.117,4,220184,False,Por Ti,2,Tras la Máscara,C,major,C major
Los Rebujitos,2016-05-20,0.648,0.734,6,-6.787,0,0.0566,0.452,0.00029,0.0727,0.722,104.214,4,227931,False,Y Caíste del Cielo,3,Tras la Máscara,F#,minor,F# minor
Los Rebujitos,2016-05-20,0.664,0.885,7,-5.225,0,0.326,0.407,0.0,0.108,0.81,129.989,4,228104,False,Ahora Te Irás,4,Tras la Máscara,G,minor,G minor
Los Rebujitos,2016-05-20,0.573,0.759,6,-6.697,0,0.157,0.341,0.0,0.105,0.696,131.94,4,208445,False,Quiero Ser,5,Tras la Máscara,F#,minor,F# minor
Los Rebujitos,2016-05-20,0.644,0.837,11,-5.457,1,0.179,0.315,0.0,0.113,0.783,129.848,4,202226,False,Envuelto en Llamas,6,Tras la Máscara,B,major,B major
Los Rebujitos,2016-05-20,0.619,0.698,4,-5.789,0,0.0613,0.472,1.09e-06,0.128,0.741,119.286,4,228424,False,Desarmando el Camino,7,Tras la Máscara,E,minor,E minor
Los Rebujitos,2016-05-20,0.58,0.793,7,-6.125,0,0.133,0.631,0.0,0.117,0.703,129.859,4,212434,False,Un Bonito Final,8,Tras la Máscara,G,minor,G minor
Los Rebujitos,2016-05-20,0.591,0.712,3,-6.88,0,0.0631,0.448,1.14e-05,0.34,0.728,118.261,4,224474,False,Nostalgias,9,Tras la Máscara,D#,minor,D# minor
Los Rebujitos,2016-05-20,0.505,0.644,7,-4.876,0,0.144,0.845,0.0,0.0662,0.57,112.88,4,251440,False,Todos los Besos,10,Tras la Máscara,G,minor,G minor
Los Rebujitos,2016-05-20,0.45,0.784,8,-7.013,1,0.19,0.648,0.0,0.127,0.764,90.355,3,227213,False,Sin Ti Me Encuentro Perdido,11,Tras la Máscara,G#,major,G# major
Los Rebujitos,2015-04-14,0.606,0.684,6,-4.925,0,0.0402,0.705,0.0,0.105,0.428,126.035,4,234760,False,Ahora Te Irás,1,Sin Colorantes Ni Conservantes,F#,minor,F# minor
Los Rebujitos,2015-04-14,0.734,0.688,6,-6.192,0,0.043,0.125,0.0,0.103,0.873,120.92,4,221773,False,Devuélveme los Sueños,2,Sin Colorantes Ni Conservantes,F#,minor,F# minor
Los Rebujitos,2015-04-14,0.615,0.835,11,-5.333,1,0.0749,0.38,0.0,0.0838,0.776,92.98,4,209506,False,Las Pequeñas Cosas,3,Sin Colorantes Ni Conservantes,B,major,B major
Los Rebujitos,2015-04-14,0.576,0.583,9,-7.169,0,0.268,0.791,0.0,0.238,0.68,169.946,4,200160,False,Siempre Me Quedará,4,Sin Colorantes Ni Conservantes,A,minor,A minor
Los Rebujitos,2015-04-14,0.764,0.474,5,-6.189,0,0.0769,0.351,0.0,0.0566,0.89,119.971,4,218373,False,Entre las Sábanas,5,Sin Colorantes Ni Conservantes,F,minor,F minor
Los Rebujitos,2015-04-14,0.45,0.784,8,-7.013,1,0.19,0.648,0.0,0.127,0.764,90.355,3,227213,False,Sin Ti Me Encuentro Perdido,6,Sin Colorantes Ni Conservantes,G#,major,G# major
Los Rebujitos,2015-04-14,0.672,0.727,5,-6.811,1,0.0313,0.559,0.0,0.11,0.8,123.94,4,195906,False,Pensarte,7,Sin Colorantes Ni Conservantes,F,major,F major
Los Rebujitos,2015-04-14,0.832,0.69,8,-6.477,0,0.228,0.363,0.0,0.0967,0.962,95.048,4,177600,False,Perdona,8,Sin Colorantes Ni Conservantes,G#,minor,G# minor
Los Rebujitos,2015-04-14,0.397,0.342,4,-8.035,0,0.0392,0.819,1.75e-06,0.171,0.408,88.917,4,189560,False,Yo Sigo Aquí,9,Sin Colorantes Ni Conservantes,E,minor,E minor
Los Rebujitos,2015-04-14,0.788,0.765,0,-5.074,1,0.0431,0.738,0.0,0.166,0.872,123.955,4,204546,False,Olvidarte Será Mi Regalo,10,Sin Colorantes Ni Conservantes,C,major,C major
Los Rebujitos,2015-04-14,0.647,0.827,6,-4.567,0,0.035,0.122,0.0,0.109,0.576,120.024,4,250613,False,Solo Con Mirarte,11,Sin Colorantes Ni Conservantes,F#,minor,F# minor
Los Rebujitos,2015-04-14,0.578,0.751,0,-5.31,1,0.284,0.69,0.0,0.0964,0.883,157.372,3,215773,False,Hoy Me Faltan Tus Manías,12,Sin Colorantes Ni Conservantes,C,major,C major
Los Rebujitos,2015-04-14,0.743,0.706,1,-5.827,0,0.03,0.206,0.0,0.0913,0.965,122.028,4,215893,False,Solo Tan Solo,13,Sin Colorantes Ni Conservantes,C#,minor,C# minor
Los Rebujitos,2013-09-10,0.456,0.804,7,-5.511,0,0.0407,0.168,0.0,0.0929,0.465,179.749,3,250364,False,Muero al Oír Tu Voz,1,Sin Cartas Jugadas,G,minor,G minor
Los Rebujitos,2013-09-10,0.613,0.831,4,-6.441,0,0.0609,0.0661,4.16e-06,0.144,0.591,93.983,4,241643,False,Solo Quiero Que Sepas,2,Sin Cartas Jugadas,E,minor,E minor
Los Rebujitos,2013-09-10,0.606,0.794,5,-7.016,0,0.0413,0.492,0.00172,0.17,0.857,161.978,4,237070,False,Me Subo al Mundo Sin Fijar Destino,3,Sin Cartas Jugadas,F,minor,F minor
Los Rebujitos,2013-09-10,0.644,0.903,5,-5.463,0,0.0467,0.157,8.89e-06,0.0956,0.876,137.989,4,204253,False,Tormentas Perfectas,4,Sin Cartas Jugadas,F,minor,F minor
Los Rebujitos,2013-09-10,0.633,0.663,6,-6.886,0,0.0438,0.288,0.0,0.0903,0.679,158.04,4,233514,False,Mil Primaveras,5,Sin Cartas Jugadas,F#,minor,F# minor
Los Rebujitos,2013-09-10,0.575,0.667,7,-7.966,1,0.0716,0.417,0.0,0.0826,0.485,77.949,4,268856,False,De Ti Amore,6,Sin Cartas Jugadas,G,major,G major
Los Rebujitos,2013-09-10,0.716,0.708,4,-6.697,0,0.084,0.395,1.88e-05,0.382,0.948,68.014,4,217803,False,La Chica de al Lado,7,Sin Cartas Jugadas,E,minor,E minor
Los Rebujitos,2013-09-10,0.571,0.603,6,-7.373,1,0.0348,0.158,0.00105,0.2,0.574,164.07,4,249085,False,Domingo Temprano,8,Sin Cartas Jugadas,F#,major,F# major
Los Rebujitos,2013-09-10,0.621,0.78,7,-5.979,1,0.0393,0.288,0.0,0.156,0.358,96.019,4,242277,False,Qué Hay en Tus Manos,9,Sin Cartas Jugadas,G,major,G major
Los Rebujitos,2013-09-10,0.654,0.733,6,-6.438,1,0.034,0.459,9.07e-05,0.0837,0.964,92.025,4,271776,False,Muy Dentro de Mí,10,Sin Cartas Jugadas,F#,major,F# major
Los Rebujitos,2013-09-10,0.625,0.417,5,-9.79,1,0.0274,0.622,1.59e-05,0.107,0.337,141.971,4,220800,False,Y Tú Sabrás,11,Sin Cartas Jugadas,F,major,F major
Los Rebujitos,2013-09-10,0.72,0.903,6,-5.931,0,0.0824,0.488,2.39e-06,0.341,0.964,160.039,4,262852,False,Provocándome,12,Sin Cartas Jugadas,F#,minor,F# minor
Los Rebujitos,2013-09-10,0.634,0.414,6,-12.167,1,0.42,0.292,0.0,0.538,0.659,119.282,4,206375,False,Dicen Que Vas (Spotify Exclusive Bonus Track),13,Sin Cartas Jugadas,F#,major,F# major
Los Rebujitos,2011-11-02,0.756,0.822,2,-4.726,0,0.042,0.21,0.0,0.0466,0.835,139.935,4,222093,False,Ya No Sé Qué Hacer,1,Los Rebujitos (Edición Especial),D,minor,D minor
Los Rebujitos,2011-11-02,0.587,0.894,0,-3.396,0,0.0623,0.251,0.0,0.0216,0.857,155.859,4,200840,False,Como Me Quema,2,Los Rebujitos (Edición Especial),C,minor,C minor
Los Rebujitos,2011-11-02,0.653,0.707,8,-5.853,0,0.0373,0.654,0.0,0.492,0.42,111.997,4,255706,False,Envuelto en Llamas,3,Los Rebujitos (Edición Especial),G#,minor,G# minor
Los Rebujitos,2011-11-02,0.526,0.837,8,-4.579,0,0.188,0.548,0.0,0.113,0.66,164.036,4,220493,False,Sígueme,4,Los Rebujitos (Edición Especial),G#,minor,G# minor
Los Rebujitos,2011-11-02,0.613,0.819,5,-4.786,0,0.12,0.669,0.0,0.0482,0.845,90.656,4,218253,False,Lo Que Me Gusta de Ti,5,Los Rebujitos (Edición Especial),F,minor,F minor
Los Rebujitos,2011-11-02,0.693,0.811,3,-4.716,0,0.134,0.352,0.0,0.0409,0.838,100.262,4,210640,False,El Domingo Estoy Matao,6,Los Rebujitos (Edición Especial),D#,minor,D# minor
Los Rebujitos,2011-11-02,0.431,0.44,0,-7.307,0,0.0308,0.865,0.0,0.184,0.388,135.785,4,250346,False,Quiero,7,Los Rebujitos (Edición Especial),C,minor,C minor
Los Rebujitos,2011-11-02,0.626,0.907,11,-3.646,0,0.0917,0.216,0.0,0.0385,0.818,100.05,4,233000,False,Déjame,8,Los Rebujitos (Edición Especial),B,minor,B minor
Los Rebujitos,2011-11-02,0.745,0.61,7,-6.444,1,0.0392,0.437,0.0,0.377,0.541,116.998,4,194360,False,Y Qué Hacer Para Verte,9,Los Rebujitos (Edición Especial),G,major,G major
Los Rebujitos,2011-11-02,0.424,0.874,2,-3.633,0,0.301,0.416,0.0,0.0354,0.683,199.942,4,209000,False,Lévame al Monte,10,Los Rebujitos (Edición Especial),D,minor,D minor
Los Rebujitos,2011-11-02,0.737,0.589,5,-6.614,0,0.121,0.696,0.0,0.108,0.875,129.907,4,212800,False,Recordándote,11,Los Rebujitos (Edición Especial),F,minor,F minor
Los Rebujitos,2011-11-02,0.473,0.891,11,-3.913,0,0.0484,0.549,0.0,0.118,0.522,81.025,4,152000,False,El Niño Pena,12,Los Rebujitos (Edición Especial),B,minor,B minor
Los Rebujitos,2011-11-02,0.385,0.633,0,-4.199,0,0.036,0.602,0.0,0.355,0.17,116.667,4,227666,False,Ya No Siento Nada,13,Los Rebujitos (Edición Especial),C,minor,C minor
Los Rebujitos,2011-11-02,0.695,0.926,1,-4.599,0,0.137,0.52,0.0,0.126,0.499,110.152,4,168320,False,A Pie de Escalera,14,Los Rebujitos (Edición Especial),C#,minor,C# minor
Los Rebujitos,2011-11-02,0.639,0.355,10,-8.678,1,0.0696,0.742,0.0,0.412,0.579,100.138,4,133800,False,Si Supieras Tú,15,Los Rebujitos (Edición Especial),A#,major,A# major
Los Rebujitos,2011-11-02,0.61,0.755,1,-5.297,1,0.0283,0.687,0.0,0.126,0.892,144.88,4,193200,False,Para Sentirte (Bonus Track),16,Los Rebujitos (Edición Especial),C#,major,C# major
Los Rebujitos,2011-11-02,0.491,0.831,6,-3.987,0,0.109,0.391,0.0,0.367,0.838,170.099,4,212386,False,Sangre de Mi Corazón,1,Los Rebujitos (Edición Especial),F#,minor,F# minor
Los Rebujitos,2011-11-02,0.731,0.794,6,-4.394,0,0.0366,0.748,0.0,0.12,0.927,120.051,4,224613,False,Un Bonito Final,2,Los Rebujitos (Edición Especial),F#,minor,F# minor
Los Rebujitos,2011-11-02,0.656,0.681,4,-4.589,0,0.0363,0.709,0.0,0.117,0.341,125.011,4,233000,False,Volar,3,Los Rebujitos (Edición Especial),E,minor,E minor
Los Rebujitos,2011-11-02,0.674,0.887,11,-4.459,0,0.0469,0.129,1.26e-05,0.0939,0.587,133.002,4,237053,False,Me Quedo Contigo,4,Los Rebujitos (Edición Especial),B,minor,B minor
Los Rebujitos,2011-11-02,0.672,0.68,9,-3.933,1,0.0299,0.784,0.0,0.085,0.184,119.874,4,259000,False,"Te Extraño, Te Olvido, Te Amo",5,Los Rebujitos (Edición Especial),A,major,A major
Los Rebujitos,2011-11-02,0.7,0.854,10,-4.77,1,0.0726,0.562,3.01e-06,0.0697,0.938,99.985,4,237973,False,Cabecita Loca,6,Los Rebujitos (Edición Especial),A#,major,A# major
Los Rebujitos,2011-11-02,0.649,0.508,11,-6.336,0,0.144,0.717,0.0,0.083,0.649,81.843,4,283266,False,Otro Camino,7,Los Rebujitos (Edición Especial),B,minor,B minor
Los Rebujitos,2011-11-02,0.473,0.891,11,-3.913,0,0.0484,0.549,0.0,0.118,0.522,81.025,4,152000,False,El Niño Pena,8,Los Rebujitos (Edición Especial),B,minor,B minor
Los Rebujitos,2011-11-02,0.768,0.935,4,-4.768,0,0.202,0.555,0.0,0.302,0.811,100.113,4,224026,False,Curvas Peligrosas,9,Los Rebujitos (Edición Especial),E,minor,E minor
Los Rebujitos,2011-11-02,0.62,0.75,2,-4.626,1,0.044,0.645,0.0,0.0866,0.757,126.915,4,283746,False,Cuatro Soldaditos,10,Los Rebujitos (Edición Especial),D,major,D major
Los Rebujitos,2011-11-02,0.686,0.843,11,-4.242,0,0.153,0.703,0.0,0.233,0.74,126.774,4,310493,False,A Dos Amigos,11,Los Rebujitos (Edición Especial),B,minor,B minor
Los Rebujitos,2011-11-02,0.62,0.886,10,-3.68,0,0.121,0.37,0.0,0.309,0.676,99.601,4,214693,False,En Qué Pensabas,12,Los Rebujitos (Edición Especial),A#,minor,A# minor
Los Rebujitos,2011-11-02,0.541,0.718,11,-4.169,0,0.0363,0.445,0.0,0.0894,0.416,149.937,4,227120,False,Ojos de Luna,13,Los Rebujitos (Edición Especial),B,minor,B minor
Los Rebujitos,2011-11-02,0.505,0.644,7,-4.876,0,0.144,0.845,0.0,0.0662,0.57,112.88,4,251440,False,Todos los Besos,14,Los Rebujitos (Edición Especial),G,minor,G minor
Los Rebujitos,2010-03-10,0.352,0.741,11,-5.97,0,0.0531,0.519,0.0,0.0903,0.636,79.457,4,159906,False,El Niño Pena,1,El Niño Pena,B,minor,B minor
Los Rebujitos,2010-03-10,0.855,0.706,6,-6.06,0,0.0406,0.497,0.0,0.367,0.955,119.98,4,226600,False,Un Bonito Final,2,El Niño Pena,F#,minor,F# minor
Los Rebujitos,2010-03-10,0.723,0.739,7,-5.583,1,0.0361,0.512,0.0,0.0865,0.611,117.014,4,195813,False,Y Que Hacer Para Verte,3,El Niño Pena,G,major,G major
Los Rebujitos,2010-03-10,0.739,0.538,7,-8.577,1,0.113,0.782,0.0,0.0761,0.638,143.803,4,288026,False,Dejaría Todo,4,El Niño Pena,G,major,G major
Los Rebujitos,2010-03-10,0.376,0.799,9,-5.67,0,0.207,0.756,0.0,0.347,0.459,166.046,4,197960,False,Le Rezo a lo Santos,5,El Niño Pena,A,minor,A minor
Los Rebujitos,2010-03-10,0.698,0.851,6,-6.091,0,0.126,0.487,0.0,0.264,0.957,90.103,4,200066,False,"Ni Pa Tí, Ni Pa Mí",6,El Niño Pena,F#,minor,F# minor
Los Rebujitos,2010-03-10,0.711,0.587,0,-5.951,0,0.0287,0.619,0.0,0.112,0.612,116.965,4,221120,False,Ya No Siento Nada,7,El Niño Pena,C,minor,C minor
Los Rebujitos,2010-03-10,0.667,0.763,9,-5.295,1,0.0331,0.375,0.0,0.118,0.733,125.049,4,239146,False,Todos Los Besos,8,El Niño Pena,A,major,A major
Los Rebujitos,2010-03-10,0.628,0.75,0,-6.15,0,0.162,0.6,0.0,0.0988,0.709,81.98,4,260400,False,Vuela Muy Alto,9,El Niño Pena,C,minor,C minor
Los Rebujitos,2010-03-10,0.544,0.638,11,-6.334,0,0.036,0.485,3.38e-06,0.121,0.452,149.934,4,225120,False,Ojos de Luna,10,El Niño Pena,B,minor,B minor
Los Rebujitos,2010-03-10,0.666,0.403,0,-8.203,1,0.0326,0.764,0.0,0.135,0.458,139.991,4,201426,False,Eres Tú,11,El Niño Pena,C,major,C major
Los Rebujitos,2010-03-10,0.601,0.792,11,-6.325,0,0.043,0.287,0.0,0.67,0.411,138.079,4,228626,False,Loco de Amor,12,El Niño Pena,B,minor,B minor
Los Rebujitos,2008-11-17,0.736,0.705,8,-5.424,0,0.0293,0.665,8.79e-06,0.0846,0.709,111.975,4,234320,False,Envuelto En Llamas,1,Más Claro Agua,G#,minor,G# minor
Los Rebujitos,2008-11-17,0.74,0.885,10,-4.036,1,0.0683,0.181,2.88e-06,0.0839,0.95,100.0,4,238120,False,Cabecita Loca,2,Más Claro Agua,A#,major,A# major
Los Rebujitos,2008-11-17,0.763,0.683,5,-4.776,0,0.0273,0.569,0.000872,0.184,0.797,116.002,4,203506,False,Solo,3,Más Claro Agua,F,minor,F minor
Los Rebujitos,2008-11-17,0.842,0.707,7,-4.387,1,0.0306,0.584,2.12e-05,0.0899,0.712,119.016,4,198386,False,Me Recordaras,4,Más Claro Agua,G,major,G major
Los Rebujitos,2008-11-17,0.679,0.635,2,-6.232,1,0.0606,0.484,0.0,0.31,0.669,137.975,4,214146,False,Madre,5,Más Claro Agua,D,major,D major
Los Rebujitos,2008-11-17,0.706,0.785,8,-4.284,0,0.0593,0.412,9.7e-06,0.0931,0.944,143.988,4,192093,False,Mírame A Los Ojos,6,Más Claro Agua,G#,minor,G# minor
Los Rebujitos,2008-11-17,0.751,0.58,9,-5.759,1,0.0282,0.7,0.0,0.165,0.498,119.865,4,257640,False,"Te Extraño, Te Olvido, Te Amo",7,Más Claro Agua,A,major,A major
Los Rebujitos,2008-11-17,0.895,0.626,8,-4.301,0,0.0858,0.0583,0.0,0.0218,0.973,118.988,4,196706,False,Dame Un Beso,8,Más Claro Agua,G#,minor,G# minor
Los Rebujitos,2008-11-17,0.809,0.72,6,-3.804,0,0.101,0.351,0.0,0.0955,0.915,120.036,4,223520,False,Sin Temor,9,Más Claro Agua,F#,minor,F# minor
Los Rebujitos,2008-11-17,0.515,0.739,7,-4.058,0,0.049,0.324,0.0,0.176,0.902,139.983,4,232520,False,Arrepentida,10,Más Claro Agua,G,minor,G minor
Los Rebujitos,2008-11-17,0.638,0.538,10,-4.691,1,0.0396,0.551,0.0,0.0756,0.689,139.919,4,157386,False,Pensar En Ti,11,Más Claro Agua,A#,major,A# major
Los Rebujitos,2008-11-17,0.72,0.939,11,-3.915,0,0.0619,0.0154,1.73e-05,0.147,0.765,132.966,4,235546,False,Me Quedo Contigo,12,Más Claro Agua,B,minor,B minor
Los Rebujitos,2007-05-30,0.696,0.931,3,-4.54,0,0.21,0.353,0.0,0.0666,0.945,101.941,4,191826,False,No Quiero Sufrir,1,A Nuestra Bola,D#,minor,D# minor
Los Rebujitos,2007-05-30,0.776,0.745,5,-5.943,0,0.0592,0.438,0.0,0.0712,0.963,129.963,4,213120,False,Recordandote,2,A Nuestra Bola,F,minor,F minor
Los Rebujitos,2007-05-30,0.722,0.872,4,-5.284,1,0.103,0.193,0.0,0.0904,0.969,100.036,4,254520,False,Hola Mi Amor,3,A Nuestra Bola,E,major,E major
Los Rebujitos,2007-05-30,0.675,0.629,0,-4.633,0,0.0477,0.656,0.0,0.0763,0.872,139.753,4,212533,False,Quiero,4,A Nuestra Bola,C,minor,C minor
Los Rebujitos,2007-05-30,0.663,0.805,6,-4.776,0,0.109,0.0971,0.0,0.0952,0.945,159.827,4,236733,False,Sangre De Mi Corazón,5,A Nuestra Bola,F#,minor,F# minor
Los Rebujitos,2007-05-30,0.749,0.741,1,-6.281,0,0.143,0.489,0.0,0.0643,0.919,107.952,4,200786,False,Tonto Enamorao,6,A Nuestra Bola,C#,minor,C# minor
Los Rebujitos,2007-05-30,0.691,0.829,2,-4.758,1,0.0312,0.541,0.0,0.0849,0.889,126.948,4,301613,False,Cuatro Soldaditos,7,A Nuestra Bola,D,major,D major
Los Rebujitos,2007-05-30,0.656,0.91,0,-5.566,1,0.192,0.156,0.0,0.206,0.829,106.977,4,283986,False,Y Volveras,8,A Nuestra Bola,C,major,C major
Los Rebujitos,2007-05-30,0.683,0.922,11,-5.371,0,0.0899,0.073,0.0,0.218,0.923,126.861,4,299866,False,A Dos Amigos,9,A Nuestra Bola,B,minor,B minor
Los Rebujitos,2007-05-30,0.701,0.945,8,-4.928,1,0.161,0.358,0.0,0.187,0.962,104.985,4,186546,False,Si Me Lo Pidieras,10,A Nuestra Bola,G#,major,G# major
Los Rebujitos,2007-05-30,0.75,0.806,2,-7.457,0,0.0504,0.773,0.0,0.404,0.857,99.978,4,209826,False,Ayer Soñe,11,A Nuestra Bola,D,minor,D minor
Los Rebujitos,2007-05-30,0.836,0.711,5,-8.063,1,0.0457,0.485,0.0,0.147,0.946,139.949,4,223160,False,Ya No Se Que Hacer,12,A Nuestra Bola,F,major,F major
Los Rebujitos,2007-05-30,0.747,0.909,4,-5.664,0,0.109,0.77,0.0,0.0988,0.517,125.096,4,211600,False,Volar,13,A Nuestra Bola,E,minor,E minor
Los Rebujitos,2005-04-20,0.745,0.963,0,-4.314,1,0.0795,0.234,0.0,0.295,0.829,107.982,4,223733,False,Tu De Que Vas,1,Tu De Que Vas,C,major,C major
Los Rebujitos,2005-04-20,0.689,0.954,0,-5.34,0,0.082,0.463,0.0,0.14,0.899,155.981,4,253680,False,Como Me Quema,2,Tu De Que Vas,C,minor,C minor
Los Rebujitos,2005-04-20,0.572,0.866,9,-4.547,0,0.0549,0.0975,0.0,0.294,0.786,155.947,4,261200,False,Dime,3,Tu De Que Vas,A,minor,A minor
Los Rebujitos,2005-04-20,0.81,0.82,6,-4.599,1,0.168,0.233,0.0,0.0528,0.963,103.955,4,238120,False,El Domingo Estoy Matao,4,Tu De Que Vas,F#,major,F# major
Los Rebujitos,2005-04-20,0.661,0.906,8,-5.965,0,0.0652,0.301,1.05e-05,0.329,0.829,81.967,4,251146,False,Sigueme,5,Tu De Que Vas,G#,minor,G# minor
Los Rebujitos,2005-04-20,0.659,0.893,5,-6.15,0,0.0603,0.675,0.0,0.302,0.822,153.999,4,216320,False,Prestame Tu Luz,6,Tu De Que Vas,F,minor,F minor
Los Rebujitos,2005-04-20,0.665,0.727,1,-6.47,0,0.0283,0.562,0.0,0.26,0.82,140.066,4,238346,False,Todo Se Acabo,7,Tu De Que Vas,C#,minor,C# minor
Los Rebujitos,2005-04-20,0.63,0.946,9,-4.659,0,0.0835,0.472,0.0,0.21,0.716,160.086,4,223506,False,Conmigo Me Quede,8,Tu De Que Vas,A,minor,A minor
Los Rebujitos,2005-04-20,0.789,0.918,1,-4.959,1,0.0795,0.567,1.81e-06,0.327,0.971,157.968,4,232213,False,No Puedo Olvidarte,9,Tu De Que Vas,C#,major,C# major
Los Rebujitos,2005-04-20,0.806,0.896,1,-5.364,0,0.0757,0.355,0.0,0.0623,0.765,109.963,4,229840,False,A Pie De Escalera,10,Tu De Que Vas,C#,minor,C# minor
Los Rebujitos,2005-04-20,0.757,0.896,4,-5.417,0,0.0733,0.472,0.0,0.28,0.87,100.008,4,216026,False,Sube A Mi Cabeza,11,Tu De Que Vas,E,minor,E minor
Los Rebujitos,2005-04-20,0.71,0.879,5,-5.256,1,0.0592,0.382,0.0,0.203,0.913,102.0,4,216720,False,Amandote,12,Tu De Que Vas,F,major,F major
Los Rebujitos,2004-03-10,0.745,0.893,10,-5.148,0,0.0793,0.261,0.0,0.417,0.767,91.022,4,239560,False,Lo Que Me Gusta de Ti,1,Lo Que Me Gusta De Ti,A#,minor,A# minor
Los Rebujitos,2004-03-10,0.78,0.949,4,-4.098,0,0.143,0.0732,0.0,0.852,0.779,97.487,4,220640,False,Curvas Peligrosas,2,Lo Que Me Gusta De Ti,E,minor,E minor
Los Rebujitos,2004-03-10,0.824,0.845,1,-5.795,1,0.112,0.448,0.0,0.458,0.969,145.059,4,215266,False,Para Sentirte,3,Lo Que Me Gusta De Ti,C#,major,C# major
Los Rebujitos,2004-03-10,0.712,0.865,4,-3.81,1,0.114,0.238,0.0,0.834,0.784,106.101,4,211533,False,Esa Chiquilla,4,Lo Que Me Gusta De Ti,E,major,E major
Los Rebujitos,2004-03-10,0.638,0.952,10,-4.261,0,0.0421,0.245,0.0,0.199,0.614,149.956,4,229133,False,Dime Donde y Cuando,5,Lo Que Me Gusta De Ti,A#,minor,A# minor
Los Rebujitos,2004-03-10,0.736,0.709,9,-5.575,0,0.044,0.314,0.0,0.342,0.462,144.998,4,204266,False,Es Mi Locura,6,Lo Que Me Gusta De Ti,A,minor,A minor
Los Rebujitos,2004-03-10,0.795,0.864,9,-3.979,0,0.174,0.187,0.0,0.402,0.73,101.922,4,200360,False,Llevame al Monte,7,Lo Que Me Gusta De Ti,A,minor,A minor
Los Rebujitos,2004-03-10,0.673,0.886,7,-4.269,1,0.0959,0.141,0.0,0.215,0.567,96.996,4,242133,False,Dejame,8,Lo Que Me Gusta De Ti,G,major,G major
Los Rebujitos,2004-03-10,0.711,0.944,7,-4.262,1,0.139,0.191,0.0,0.34,0.779,99.97,4,229533,False,Mirame,9,Lo Que Me Gusta De Ti,G,major,G major
Los Rebujitos,2004-03-10,0.699,0.92,9,-4.48,1,0.0459,0.232,0.0,0.132,0.762,98.019,4,216240,False,El Aire Que Se Lleva el Dia,10,Lo Que Me Gusta De Ti,A,major,A major
Los Rebujitos,2004-03-10,0.658,0.79,11,-5.471,1,0.0335,0.135,0.0,0.4,0.668,140.021,4,217066,False,Por Amarte,11,Lo Que Me Gusta De Ti,B,major,B major
Los Rebujitos,2004-03-10,0.591,0.837,2,-3.637,1,0.0364,0.0958,0.0,0.155,0.69,139.987,4,222133,False,Solo,12,Lo Que Me Gusta De Ti,D,major,D major
Los Rebujitos,2004-03-10,0.715,0.943,1,-4.356,1,0.0765,0.178,1.26e-05,0.189,0.773,91.049,4,286093,False,Lo Que Me Gusta de Ti (Remix),13,Lo Que Me Gusta De Ti,C#,major,C# major
Los Rebujitos,2004-03-10,0.618,0.961,10,-3.808,0,0.053,0.179,2.19e-06,0.116,0.809,153.989,4,249000,False,Dime Donde y Cuando (Remix),14,Lo Que Me Gusta De Ti,A#,minor,A# minor
Los Rebujitos,2004-03-10,0.65,0.715,4,-7.843,1,0.0438,0.0164,0.0,0.87,0.255,104.058,4,205666,False,Esa Chiquilla (Remix),15,Lo Que Me Gusta De Ti,E,major,E major
Los Rebujitos,2004-03-10,0.666,0.62,2,-9.586,1,0.0312,0.00223,0.00493,0.339,0.762,127.977,4,216440,False,Solo (Remix),16,Lo Que Me Gusta De Ti,D,major,D major
Raule,2024-02-16,0.719,0.805,6,-7.357,0,0.0596,0.0663,1.16e-05,0.0654,0.966,112.031,4,166787,False,Zurdo,1,Zurdo,F#,minor,F# minor
Raule,2024-02-16,0.803,0.792,7,-6.357,1,0.0755,0.069,0.0,0.1,0.904,104.922,4,225101,False,La Depuradora,2,Zurdo,G,major,G major
Raule,2024-02-16,0.814,0.424,6,-10.466,1,0.167,0.39,0.0,0.104,0.713,99.974,4,202150,False,Camarada Errante,3,Zurdo,F#,major,F# major
Raule,2024-02-16,0.864,0.745,9,-6.045,0,0.0775,0.125,0.0,0.0764,0.915,108.013,4,204331,False,Furia y Humo,4,Zurdo,A,minor,A minor
Raule,2024-02-16,0.789,0.717,7,-6.245,0,0.0482,0.18,0.0,0.0809,0.871,83.937,4,176557,False,Cómo No Te Voy a Querer,5,Zurdo,G,minor,G minor
Raule,2024-02-16,0.639,0.656,4,-6.184,0,0.09,0.0337,0.0,0.111,0.643,159.883,4,258387,False,Sin Conexión,6,Zurdo,E,minor,E minor
Raule,2024-02-16,0.81,0.494,4,-7.125,0,0.079,0.507,0.0,0.0887,0.742,75.155,4,229669,False,AVI,7,Zurdo,E,minor,E minor
Raule,2024-02-16,0.803,0.726,5,-6.188,0,0.154,0.308,0.0,0.119,0.761,96.033,4,178989,False,Love con Papa y Huevo,8,Zurdo,F,minor,F minor
Raule,2024-02-16,0.867,0.625,4,-7.415,0,0.0862,0.401,0.0,0.104,0.879,86.102,4,197183,False,Un Suicida en Paracaídas,9,Zurdo,E,minor,E minor
Raule,2024-02-16,0.886,0.639,5,-8.381,0,0.0738,0.647,0.0,0.0906,0.958,105.064,3,209369,False,Sangre de Fénix,10,Zurdo,F,minor,F minor
Raule,2024-02-16,0.859,0.761,7,-7.7,1,0.0842,0.146,0.0,0.578,0.973,106.077,4,183336,False,Corazón de Cemento,11,Zurdo,G,major,G major
Raule,2024-02-16,0.775,0.702,8,-8.076,1,0.0874,0.301,0.0,0.144,0.756,98.007,4,236814,False,Perpetuo Aprendiz,12,Zurdo,G#,major,G# major
Raule,2024-02-16,0.735,0.796,7,-6.847,0,0.0452,0.119,0.0,0.0792,0.971,163.955,4,155351,False,Komando Kanalla,13,Zurdo,G,minor,G minor
Raule,2022-01-27,0.862,0.626,4,-8.691,0,0.1,0.0601,0.00011,0.0867,0.356,107.99,4,155859,False,Paraíso inventado,1,Limbo,E,minor,E minor
Raule,2022-01-27,0.689,0.678,7,-6.957,0,0.0501,0.525,0.0,0.135,0.927,195.989,4,244876,False,Yo quiero una vida contigo,2,Limbo,G,minor,G minor
Raule,2022-01-27,0.83,0.484,6,-8.907,0,0.137,0.403,0.0,0.107,0.722,103.894,3,230021,False,Veneno en las tripas,3,Limbo,F#,minor,F# minor
Raule,2022-01-27,0.686,0.592,7,-5.754,0,0.273,0.833,0.0,0.145,0.702,172.137,4,201297,False,Niño salvaje,4,Limbo,G,minor,G minor
Raule,2022-01-27,0.625,0.599,4,-7.477,0,0.0474,0.169,0.0,0.116,0.847,88.307,4,169272,False,Mi canija,5,Limbo,E,minor,E minor
Raule,2022-01-27,0.603,0.554,4,-7.794,0,0.0808,0.625,0.0,0.0712,0.828,108.335,3,195932,False,Colega antibalas,6,Limbo,E,minor,E minor
Raule,2022-01-27,0.691,0.875,5,-6.095,0,0.0489,0.105,0.0,0.125,0.879,93.954,4,218624,False,Oasis imperfecto,7,Limbo,F,minor,F minor
Raule,2022-01-27,0.873,0.5,6,-9.481,1,0.174,0.143,0.0,0.111,0.841,90.015,4,215555,False,Mis demonios,8,Limbo,F#,major,F# major
Raule,2022-01-27,0.579,0.294,7,-9.548,1,0.0497,0.693,0.0,0.0981,0.771,88.53,3,221522,False,Limbo,9,Limbo,G,major,G major
Raule,2022-01-27,0.797,0.707,6,-8.731,0,0.0724,0.25,0.0,0.132,0.863,101.99,4,175764,False,Cruje la cama,10,Limbo,F#,minor,F# minor
Raule,2022-01-27,0.542,0.398,4,-8.143,0,0.17,0.712,0.0,0.0912,0.832,195.54,3,236907,False,La habitación prohibida,11,Limbo,E,minor,E minor
Raule,2022-01-27,0.617,0.87,7,-4.784,1,0.0446,0.0368,0.0,0.0983,0.578,163.95,4,207326,False,Hasta las trancas,12,Limbo,G,major,G major
Raule,2018-03-13,0.69,0.858,7,-5.947,0,0.0829,0.458,0.0,0.139,0.94,92.299,4,188760,False,Eres de los Dos,1,Sin Protocolo,G,minor,G minor
Raule,2018-03-13,0.837,0.794,6,-6.513,0,0.0715,0.159,0.0,0.139,0.834,94.008,4,235013,False,Agobiando Mi Cabeza,2,Sin Protocolo,F#,minor,F# minor
Raule,2018-03-13,0.791,0.904,4,-6.854,0,0.0557,0.507,0.0,0.261,0.803,100.05,4,229680,False,Se Va,3,Sin Protocolo,E,minor,E minor
Raule,2018-03-13,0.674,0.854,6,-6.704,0,0.1,0.22,0.0,0.111,0.875,96.066,4,201706,False,Mama,4,Sin Protocolo,F#,minor,F# minor
Raule,2018-03-13,0.665,0.806,5,-6.928,0,0.151,0.578,0.0,0.104,0.828,167.946,4,216760,False,Qué Será de Ti,5,Sin Protocolo,F,minor,F minor
Raule,2018-03-13,0.735,0.901,6,-6.123,1,0.0419,0.314,0.0,0.209,0.847,111.988,4,196560,False,Oye Mi Niña,6,Sin Protocolo,F#,major,F# major
Raule,2018-03-13,0.566,0.794,2,-6.872,0,0.0804,0.571,0.0,0.0364,0.948,93.808,4,214480,False,Como una Manía,7,Sin Protocolo,D,minor,D minor
Raule,2018-03-13,0.756,0.703,2,-8.192,1,0.0595,0.839,0.0,0.155,0.966,92.004,4,188506,False,"No, No, No",8,Sin Protocolo,D,major,D major
Raule,2018-03-13,0.737,0.794,6,-10.076,1,0.114,0.516,0.0,0.338,0.709,90.007,4,293613,False,Soy Yo,9,Sin Protocolo,F#,major,F# major
Raule,2018-03-13,0.688,0.888,7,-6.452,1,0.0356,0.128,2.96e-05,0.0766,0.783,103.982,4,233280,False,La Habana,10,Sin Protocolo,G,major,G major
C. Tangana,2022-02-18,0.667,0.43,9,-8.824,0,0.397,0.127,0.000262,0.0853,0.377,126.027,4,153960,False,Demasiadas Mujeres,1,El Madrileño (La Sobremesa),A,minor,A minor
C. Tangana,2022-02-18,0.813,0.695,4,-6.146,0,0.178,0.329,0.00254,0.101,0.526,168.009,4,198493,False,Tú Me Dejaste De Querer,2,El Madrileño (La Sobremesa),E,minor,E minor
C. Tangana,2022-02-18,0.807,0.373,9,-8.673,0,0.12,0.5,2.88e-06,0.223,0.349,124.127,4,174480,False,Comerte Entera,3,El Madrileño (La Sobremesa),A,minor,A minor
C. Tangana,2022-02-18,0.908,0.345,2,-6.674,1,0.141,0.473,0.00502,0.305,0.448,135.026,4,162493,False,Nunca Estoy,4,El Madrileño (La Sobremesa),D,major,D major
C. Tangana,2022-02-18,0.759,0.28,0,-11.552,1,0.0576,0.532,0.000139,0.132,0.579,127.961,4,167866,False,Párteme La Cara,5,El Madrileño (La Sobremesa),C,major,C major
C. Tangana,2022-02-18,0.702,0.718,6,-6.962,0,0.0692,0.211,0.000122,0.0492,0.769,104.95,4,187053,False,Ingobernable,6,El Madrileño (La Sobremesa),F#,minor,F# minor
C. Tangana,2022-02-18,0.674,0.329,9,-7.899,0,0.331,0.553,3.42e-06,0.101,0.744,176.098,4,176186,False,Nominao,7,El Madrileño (La Sobremesa),A,minor,A minor
C. Tangana,2022-02-18,0.516,0.422,2,-8.705,1,0.0907,0.776,0.000901,0.125,0.585,84.557,4,193693,False,Un Veneno - G-Mix,8,El Madrileño (La Sobremesa),D,major,D major
C. Tangana,2022-02-18,0.796,0.328,3,-12.042,0,0.258,0.65,0.00276,0.111,0.333,88.03,4,187520,True,Te Olvidaste,9,El Madrileño (La Sobremesa),D#,minor,D# minor
C. Tangana,2022-02-18,0.69,0.681,0,-8.139,1,0.389,0.428,0.00219,0.0643,0.31,93.36,4,182640,False,Muriendo De Envidia,10,El Madrileño (La Sobremesa),C,major,C major
C. Tangana,2022-02-18,0.474,0.651,2,-6.1,1,0.178,0.546,4.53e-05,0.0962,0.672,72.327,4,188093,False,CAMBIA!,11,El Madrileño (La Sobremesa),D,major,D major
C. Tangana,2022-02-18,0.712,0.295,5,-10.611,0,0.139,0.803,0.0,0.101,0.482,95.608,4,189560,False,Cuándo Olvidaré,12,El Madrileño (La Sobremesa),F,minor,F minor
C. Tangana,2022-02-18,0.792,0.665,9,-7.089,0,0.187,0.372,1.05e-06,0.137,0.897,105.911,4,192786,False,Los Tontos,13,El Madrileño (La Sobremesa),A,minor,A minor
C. Tangana,2022-02-18,0.642,0.358,4,-8.867,1,0.0366,0.0686,2e-05,0.0885,0.455,97.901,4,203426,False,Hong Kong,14,El Madrileño (La Sobremesa),E,major,E major
C. Tangana,2022-02-18,0.557,0.835,9,-5.746,0,0.215,0.082,0.0,0.2,0.721,89.69,4,188386,False,La Culpa (feat. Canelita),15,El Madrileño (La Sobremesa),A,minor,A minor
C. Tangana,2022-02-18,0.83,0.699,1,-5.85,0,0.0378,0.171,2.26e-05,0.169,0.771,130.018,4,240000,False,Ateo,16,El Madrileño (La Sobremesa),C#,minor,C# minor
C. Tangana,2022-02-18,0.755,0.769,6,-8.406,0,0.122,0.398,0.58,0.117,0.759,131.976,4,205106,False,Yate,17,El Madrileño (La Sobremesa),F#,minor,F# minor
C. Tangana,2022-02-18,0.826,0.735,11,-4.33,0,0.0383,0.511,2.23e-05,0.258,0.828,124.056,4,160893,False,Bobo,18,El Madrileño (La Sobremesa),B,minor,B minor
C. Tangana,2022-02-18,0.631,0.346,2,-8.802,0,0.088,0.673,0.0082,0.0624,0.357,171.893,4,187693,False,Te Venero,19,El Madrileño (La Sobremesa),D,minor,D minor
C. Tangana,2022-02-18,0.655,0.543,11,-11.288,0,0.513,0.509,0.0,0.702,0.782,80.857,4,242493,False,Me Maten - Live at NPR's Tiny Desk,20,El Madrileño (La Sobremesa),B,minor,B minor
C. Tangana,2022-02-18,0.616,0.649,9,-9.92,0,0.283,0.547,0.0,0.34,0.368,107.413,4,251413,False,Los Tontos - Live at NPR's Tiny Desk,21,El Madrileño (La Sobremesa),A,minor,A minor
C. Tangana,2022-02-18,0.689,0.288,2,-14.29,1,0.305,0.871,0.000843,0.105,0.311,82.348,4,193293,False,Un Veneno,22,El Madrileño (La Sobremesa),D,major,D major
C. Tangana,2022-02-18,0.845,0.464,6,-7.83,1,0.0507,0.549,0.0,0.141,0.773,114.966,4,178760,False,Para Repartir,23,El Madrileño (La Sobremesa),F#,major,F# major
C. Tangana,2021-02-26,0.658,0.453,9,-7.378,0,0.39,0.131,0.0002,0.0848,0.358,126.043,4,153960,False,Demasiadas Mujeres,1,El Madrileño,A,minor,A minor
C. Tangana,2021-02-26,0.823,0.723,4,-4.778,0,0.229,0.311,0.00315,0.0998,0.505,83.97,4,198493,False,Tú Me Dejaste De Querer,2,El Madrileño,E,minor,E minor
C. Tangana,2021-02-26,0.824,0.399,2,-7.299,0,0.106,0.516,1.91e-06,0.243,0.345,124.085,4,174480,False,Comerte Entera,3,El Madrileño,D,minor,D minor
C. Tangana,2021-02-26,0.913,0.369,2,-5.299,1,0.12,0.476,0.00609,0.309,0.436,135.019,4,162493,False,Nunca Estoy,4,El Madrileño,D,major,D major
C. Tangana,2021-02-26,0.761,0.296,0,-10.22,1,0.0484,0.551,0.000492,0.134,0.579,127.938,4,167866,False,Párteme La Cara,5,El Madrileño,C,major,C major
C. Tangana,2021-02-26,0.705,0.757,6,-5.608,0,0.0656,0.195,0.000228,0.0524,0.737,104.973,4,187053,False,Ingobernable,6,El Madrileño,F#,minor,F# minor
C. Tangana,2021-02-26,0.679,0.36,9,-6.54,0,0.247,0.596,2.99e-06,0.107,0.72,176.093,4,176186,False,Nominao,7,El Madrileño,A,minor,A minor
C. Tangana,2021-02-26,0.521,0.45,2,-7.339,1,0.0913,0.773,0.000348,0.115,0.58,81.376,4,193693,False,Un Veneno - G-Mix,8,El Madrileño,D,major,D major
C. Tangana,2021-02-26,0.795,0.361,3,-10.701,0,0.227,0.625,0.00477,0.114,0.346,88.036,4,187520,True,Te Olvidaste,9,El Madrileño,D#,minor,D# minor
C. Tangana,2021-02-26,0.845,0.717,0,-6.773,1,0.359,0.428,0.0023,0.0822,0.255,93.997,4,182640,False,Muriendo De Envidia,10,El Madrileño,C,major,C major
C. Tangana,2021-02-26,0.557,0.687,2,-4.721,1,0.0814,0.551,5.28e-05,0.0975,0.638,105.508,3,188093,False,CAMBIA!,11,El Madrileño,D,major,D major
C. Tangana,2021-02-26,0.726,0.323,5,-9.322,0,0.185,0.818,1.03e-06,0.0999,0.461,95.803,4,189560,False,Cuándo Olvidaré,12,El Madrileño,F,minor,F minor
C. Tangana,2021-02-26,0.798,0.715,9,-5.712,0,0.187,0.365,2.08e-06,0.142,0.895,105.995,4,192786,False,Los Tontos,13,El Madrileño,A,minor,A minor
C. Tangana,2021-02-26,0.649,0.376,4,-7.528,1,0.039,0.0626,2.72e-05,0.0911,0.434,97.848,4,203506,False,Hong Kong,14,El Madrileño,E,major,E major
C. Tangana,2018-04-20,0.736,0.629,2,-6.289,1,0.236,0.459,0.0,0.0997,0.402,149.942,4,89899,False,Still Rapping (feat. Steve Lean),1,Avida Dollars,D,major,D major
C. Tangana,2018-04-20,0.775,0.711,1,-4.833,1,0.051,0.0347,0.0,0.343,0.728,140.064,4,194183,False,Baile de la Lluvia (feat. Take A Daytrip),2,Avida Dollars,C#,major,C# major
C. Tangana,2018-04-20,0.819,0.572,9,-6.765,0,0.0512,0.42,6.09e-05,0.154,0.357,120.044,4,143127,False,Cuando Me Miras (feat. Enry-K),3,Avida Dollars,A,minor,A minor
C. Tangana,2018-04-20,0.669,0.755,1,-4.492,0,0.087,0.00933,7.58e-05,0.539,0.473,138.048,4,140660,True,Na de Na (feat. Danni Ble & Royce Rolo),4,Avida Dollars,C#,minor,C# minor
C. Tangana,2018-04-20,0.737,0.769,1,-4.537,0,0.0992,0.0589,0.0,0.112,0.413,158.046,4,134147,False,"Huele a Nuevo (feat. Sticky M.A., Danni Ble & Royce Rolo)",5,Avida Dollars,C#,minor,C# minor
C. Tangana,2018-04-20,0.719,0.759,1,-2.997,1,0.072,0.0566,1.72e-06,0.128,0.0835,169.994,4,132205,True,Sangre (feat. Steve Lean & Saox),6,Avida Dollars,C#,major,C# major
C. Tangana,2018-04-20,0.791,0.415,9,-8.485,0,0.179,0.0392,6.16e-06,0.245,0.397,155.022,3,139354,True,Llorando en la Limo (feat. Alizzz),7,Avida Dollars,A,minor,A minor
C. Tangana,2018-04-20,0.528,0.659,4,-7.974,0,0.342,0.637,0.0,0.0896,0.313,112.7,5,126500,True,Cabernet Sauvignon (feat. Lost Twin),8,Avida Dollars,E,minor,E minor
C. Tangana,2018-04-20,0.821,0.609,9,-7.564,1,0.0867,0.0845,0.000252,0.109,0.333,145.994,4,138903,True,Pussy Call (feat. The Rudeboyz),9,Avida Dollars,A,major,A major
C. Tangana,2018-04-20,0.857,0.489,9,-8.896,0,0.244,0.504,6.12e-06,0.0878,0.464,147.879,4,162161,True,Siempre Quise Todo (feat. Sky Rompiendo),10,Avida Dollars,A,minor,A minor
C. Tangana,2018-04-20,0.719,0.579,1,-5.832,1,0.203,0.777,5.92e-06,0.101,0.822,90.046,4,150141,True,Estrecho / Alvarado (feat. pablopablo),11,Avida Dollars,C#,major,C# major
C. Tangana,2017-10-05,0.631,0.643,9,-6.232,0,0.0543,0.145,0.0,0.0934,0.0889,100.998,4,216906,False,Tiempo,1,Ídolo,A,minor,A minor
C. Tangana,2017-10-05,0.793,0.658,8,-5.489,1,0.0519,0.212,0.0,0.108,0.496,130.044,4,203426,True,Inditex,2,Ídolo,G#,major,G# major
C. Tangana,2017-10-05,0.818,0.672,5,-5.208,1,0.1,0.0557,0.00308,0.0928,0.647,100.019,4,172826,False,De Pie,3,Ídolo,F,major,F major
C. Tangana,2017-10-05,0.835,0.658,2,-6.123,0,0.0984,0.213,0.0,0.12,0.488,115.978,4,201000,True,No Te Pegas,4,Ídolo,D,minor,D minor
C. Tangana,2017-10-05,0.737,0.582,0,-7.967,0,0.0581,0.462,0.000126,0.257,0.29,92.008,4,206693,True,Intoxicao,5,Ídolo,C,minor,C minor
C. Tangana,2017-10-05,0.731,0.696,3,-5.735,0,0.0369,0.259,0.00107,0.157,0.534,125.056,4,196573,False,Espabilao,6,Ídolo,D#,minor,D# minor
C. Tangana,2017-10-05,0.833,0.51,10,-11.152,0,0.106,0.0975,0.000169,0.142,0.0797,105.016,4,205933,True,Demasiao Tarde,7,Ídolo,A#,minor,A# minor
C. Tangana,2017-10-05,0.736,0.804,2,-4.865,1,0.128,0.313,2.83e-05,0.111,0.548,171.942,4,181840,True,Caballo Ganador,8,Ídolo,D,major,D major
C. Tangana,2017-10-05,0.838,0.748,0,-4.551,0,0.129,0.231,1.76e-05,0.0692,0.473,101.001,4,222893,False,Mala Mujer,9,Ídolo,C,minor,C minor
C. Tangana,2017-10-05,0.772,0.447,1,-6.372,0,0.0579,0.103,6.84e-05,0.109,0.159,98.033,4,192186,False,Otro Hombre,10,Ídolo,C#,minor,C# minor
C. Tangana,2017-10-05,0.615,0.824,5,-5.006,0,0.0408,0.118,6.73e-06,0.131,0.354,152.073,4,199853,True,Pa Que Brille,11,Ídolo,F,minor,F minor
C. Tangana,2017-10-05,0.691,0.611,5,-5.504,0,0.141,0.0922,0.000315,0.129,0.491,189.933,4,218133,True,Pop Ur Pussy,12,Ídolo,F,minor,F minor
Henko,2023-09-29,0.473,0.839,0,-7.509,1,0.0414,0.000279,0.0353,0.231,0.466,133.954,4,198698,False,Huir de la Mañana,1,Mar de Terciopelo,C,major,C major
Henko,2023-09-29,0.56,0.667,9,-7.316,0,0.0309,0.00653,1.89e-06,0.114,0.556,114.978,4,224652,False,Flor del Almendro,2,Mar de Terciopelo,A,minor,A minor
Henko,2023-09-29,0.515,0.607,2,-9.592,1,0.0428,0.0162,0.000563,0.108,0.204,151.174,4,215584,False,El Carro de las Tormentas,3,Mar de Terciopelo,D,major,D major
Henko,2023-09-29,0.512,0.23,4,-11.863,0,0.0284,0.165,0.0167,0.595,0.115,110.084,3,234818,False,Domingo,4,Mar de Terciopelo,E,minor,E minor
Henko,2023-09-29,0.52,0.589,4,-7.898,0,0.0328,0.0209,0.000736,0.148,0.106,128.012,4,337708,False,Agro,5,Mar de Terciopelo,E,minor,E minor
Henko,2023-09-29,0.613,0.672,1,-8.794,0,0.028,0.0388,0.00222,0.109,0.317,115.97,4,291128,False,Ventana,6,Mar de Terciopelo,C#,minor,C# minor
Henko,2023-09-29,0.706,0.428,0,-10.706,1,0.0313,0.0204,0.00158,0.091,0.629,133.957,4,272805,False,Oportunidades,7,Mar de Terciopelo,C,major,C major
Henko,2023-09-29,0.609,0.559,11,-10.123,0,0.0235,0.0372,0.0277,0.0732,0.531,98.002,4,249815,False,Línea de Vida,8,Mar de Terciopelo,B,minor,B minor
Henko,2023-09-29,0.267,0.628,0,-9.457,1,0.0326,0.000805,0.588,0.131,0.132,142.605,4,307548,False,Mar de Terciopelo,9,Mar de Terciopelo,C,major,C major
Henko,2023-09-29,0.492,0.9,11,-8.704,0,0.0718,0.00374,0.0592,0.257,0.308,138.012,4,204161,False,Luna,10,Mar de Terciopelo,B,minor,B minor
Henko,2020-09-18,0.485,0.846,11,-17.845,0,0.228,0.27,0.000164,0.38,0.0331,101.825,4,194233,False,"La Edad del Plástico, Pt. 1",1,La Edad del Plástico,B,minor,B minor
Henko,2020-09-18,0.37,0.812,7,-7.16,1,0.0343,0.00926,0.0955,0.183,0.607,140.068,4,279196,False,Girasoles,2,La Edad del Plástico,G,major,G major
Henko,2020-09-18,0.514,0.776,7,-4.889,0,0.042,0.0151,4.12e-06,0.254,0.219,150.097,4,212840,False,Nexo,3,La Edad del Plástico,G,minor,G minor
Henko,2020-09-18,0.369,0.896,9,-5.892,0,0.0406,0.000117,0.643,0.315,0.343,109.912,4,428328,False,Lluvia de Ranas,4,La Edad del Plástico,A,minor,A minor
Henko,2020-09-18,0.342,0.925,7,-4.843,0,0.108,0.0015,2.33e-05,0.227,0.144,114.886,3,282540,False,Sal,5,La Edad del Plástico,G,minor,G minor
Henko,2020-09-18,0.542,0.322,9,-12.514,1,0.0253,0.632,0.000103,0.284,0.26,99.903,4,365064,False,Instante,6,La Edad del Plástico,A,major,A major
Henko,2020-09-18,0.628,0.786,8,-6.787,0,0.0261,0.00186,0.0364,0.114,0.289,121.978,4,321271,False,Asteroides,7,La Edad del Plástico,G#,minor,G# minor
Henko,2020-09-18,0.598,0.706,9,-7.775,1,0.028,5.66e-05,0.00103,0.112,0.454,114.037,4,185806,False,"La Edad del Plástico, Pt. 2",8,La Edad del Plástico,A,major,A major
Belén Aguilera,2023-06-30,0.582,0.73,10,-6.141,1,0.0463,0.0538,0.000878,0.113,0.547,74.997,4,172200,False,GALGO,1,METANOIA,A#,major,A# major
Belén Aguilera,2023-06-30,0.761,0.802,6,-5.961,0,0.0369,0.255,0.00141,0.129,0.602,126.976,4,166771,False,LICÁNTROPO,2,METANOIA,F#,minor,F# minor
Belén Aguilera,2023-06-30,0.822,0.735,9,-6.918,1,0.0752,0.745,0.00619,0.103,0.148,131.994,4,162272,True,NADIE ME HA PREGUNTADO,3,METANOIA,A,major,A major
Belén Aguilera,2023-06-30,0.886,0.684,7,-5.712,1,0.046,0.406,3.17e-06,0.138,0.622,129.975,4,166153,False,PAS,4,METANOIA,G,major,G major
Belén Aguilera,2023-06-30,0.692,0.71,2,-6.784,1,0.205,0.328,0.000589,0.0649,0.176,175.734,4,196367,False,ILUSIÓN ÓPTICA,5,METANOIA,D,major,D major
Belén Aguilera,2023-06-30,0.729,0.632,0,-5.901,1,0.15,0.395,0.0,0.372,0.616,100.957,4,131651,False,QUIÉN SOY,6,METANOIA,C,major,C major
Belén Aguilera,2023-06-30,0.441,0.583,8,-8.564,0,0.0685,0.663,0.0134,0.115,0.332,185.231,3,144324,False,OFICIALMENTE (Demo),7,METANOIA,G#,minor,G# minor
Belén Aguilera,2022-01-28,0.719,0.366,5,-11.181,1,0.0378,0.246,0.00876,0.0935,0.229,111.841,4,58535,False,pienso en el final (intro),1,SUPERPOP,F,major,F major
Belén Aguilera,2022-01-28,0.775,0.585,0,-8.39,1,0.0511,0.0158,1.59e-05,0.117,0.711,102.013,4,172632,False,LA TIRITA,2,SUPERPOP,C,major,C major
Belén Aguilera,2022-01-28,0.746,0.362,9,-8.475,1,0.0787,0.671,0.0,0.106,0.14,94.979,4,187973,False,cielo y tierra,3,SUPERPOP,A,major,A major
Belén Aguilera,2022-01-28,0.729,0.549,6,-7.89,0,0.325,0.0306,0.0,0.526,0.373,164.851,4,186694,True,FUCK OFF,4,SUPERPOP,F#,minor,F# minor
Belén Aguilera,2022-01-28,0.787,0.609,4,-5.492,1,0.077,0.199,1.93e-06,0.0999,0.387,92.046,4,156304,False,tirando de carrete,5,SUPERPOP,E,major,E major
Belén Aguilera,2022-01-28,0.936,0.497,8,-7.73,0,0.107,0.0215,1.22e-05,0.126,0.654,129.956,4,175730,False,CAMALEÓN,6,SUPERPOP,G#,minor,G# minor
Belén Aguilera,2022-01-28,0.633,0.222,4,-10.652,1,0.0595,0.813,0.0,0.117,0.167,77.032,4,174883,False,camuflo,7,SUPERPOP,E,major,E major
Belén Aguilera,2022-01-28,0.593,0.393,0,-8.855,0,0.0303,0.114,0.00098,0.176,0.232,148.113,3,162750,False,VÉRTIGO,8,SUPERPOP,C,minor,C minor
Belén Aguilera,2022-01-28,0.628,0.199,1,-14.026,1,0.0529,0.875,7.97e-06,0.0883,0.145,116.178,4,55979,False,frágil (interludio),9,SUPERPOP,C#,major,C# major
Belén Aguilera,2022-01-28,0.597,0.5,4,-7.715,0,0.152,0.0485,3.37e-06,0.0841,0.268,101.537,4,192828,False,EN LAS NUBES,10,SUPERPOP,E,minor,E minor
Belén Aguilera,2022-01-28,0.535,0.354,0,-9.213,1,0.0531,0.833,0.0,0.445,0.499,169.923,4,154426,False,niña de ojos tristes,11,SUPERPOP,C,major,C major
Belén Aguilera,2022-01-28,0.635,0.696,11,-6.584,1,0.452,0.153,5.19e-06,0.0957,0.296,179.569,4,166708,False,INTELIGENCIA EMOCIONAL,12,SUPERPOP,B,major,B major
Belén Aguilera,2022-01-28,0.516,0.228,7,-11.046,1,0.148,0.647,0.0,0.166,0.346,156.449,4,91013,False,quién vendrá a por mí (outro),13,SUPERPOP,G,major,G major
Belén Aguilera,2022-01-28,0.596,0.264,6,-8.645,0,0.035,0.457,0.0,0.37,0.149,127.429,4,207187,False,cristal,14,SUPERPOP,F#,minor,F# minor
Belén Aguilera,2020-06-26,0.598,0.431,7,-10.845,1,0.262,0.726,0.00919,0.117,0.331,167.795,4,200014,False,Sálvame Tú,1,"Como Ves, No Siempre He Sido Mía...",G,major,G major
Belén Aguilera,2020-06-26,0.62,0.594,8,-8.337,1,0.0309,0.512,0.000213,0.191,0.272,140.088,4,220720,False,Ilesos,2,"Como Ves, No Siempre He Sido Mía...",G#,major,G# major
Belén Aguilera,2020-06-26,0.572,0.475,1,-6.76,0,0.0326,0.229,0.0,0.12,0.133,129.839,4,206906,False,Tus Monstruos,3,"Como Ves, No Siempre He Sido Mía...",C#,minor,C# minor
Belén Aguilera,2020-06-26,0.62,0.711,0,-7.995,1,0.0741,0.266,0.0,0.112,0.341,81.99,4,205880,False,Jaque al Rey,4,"Como Ves, No Siempre He Sido Mía...",C,major,C major
Belén Aguilera,2020-06-26,0.298,0.282,7,-10.803,0,0.0747,0.895,0.0575,0.116,0.112,186.851,4,168000,False,Muere,5,"Como Ves, No Siempre He Sido Mía...",G,minor,G minor
Belén Aguilera,2020-06-26,0.633,0.521,0,-8.049,1,0.0473,0.787,0.00014,0.101,0.234,129.83,4,189414,False,Búnker,6,"Como Ves, No Siempre He Sido Mía...",C,major,C major
Belén Aguilera,2020-06-26,0.474,0.245,4,-12.366,1,0.138,0.906,3.97e-05,0.0928,0.241,75.002,4,208378,False,Diferente,7,"Como Ves, No Siempre He Sido Mía...",E,major,E major
Belén Aguilera,2020-06-26,0.61,0.369,7,-9.664,1,0.047,0.646,0.00137,0.128,0.338,82.045,4,185121,False,Tu Piel,8,"Como Ves, No Siempre He Sido Mía...",G,major,G major
Belén Aguilera,2020-06-26,0.58,0.186,9,-15.25,1,0.353,0.869,0.0,0.134,0.213,75.415,4,274373,False,T'estimo,9,"Como Ves, No Siempre He Sido Mía...",A,major,A major
Belén Aguilera,2020-06-26,0.383,0.447,5,-8.493,1,0.0707,0.808,4.42e-06,0.0733,0.224,159.581,4,207173,False,Mía,10,"Como Ves, No Siempre He Sido Mía...",F,major,F major
Belén Aguilera,2020-06-26,0.678,0.447,5,-10.408,1,0.192,0.473,5.41e-05,0.119,0.536,100.111,4,150918,False,Republicanas,11,"Como Ves, No Siempre He Sido Mía...",F,major,F major
Belén Aguilera,2020-06-26,0.468,0.144,5,-14.839,1,0.0307,0.934,8.68e-06,0.086,0.321,101.931,4,220173,False,Que Te Vaya Bien,12,"Como Ves, No Siempre He Sido Mía...",F,major,F major
Belén Aguilera,2020-06-26,0.49,0.392,6,-9.71,1,0.0332,0.529,0.000378,0.0778,0.153,129.7,4,209440,False,Tus Monstruos (Versión Dúo),13,"Como Ves, No Siempre He Sido Mía...",F#,major,F# major
Belén Aguilera,2020-06-26,0.516,0.79,9,-8.658,0,0.0997,0.328,3.32e-06,0.169,0.308,81.558,4,204880,False,Jaque al Rey (Versión Dúo),14,"Como Ves, No Siempre He Sido Mía...",A,minor,A minor
Pablo Alborán,2023-01-31,0.816,0.787,6,-2.405,1,0.0622,0.153,0.0,0.069,0.841,99.957,4,163244,False,Carretera y manta,1,La cuarta hoja (Extended Version),F#,major,F# major
Pablo Alborán,2023-01-31,0.721,0.814,11,-3.459,0,0.045,0.28,0.0,0.0531,0.944,157.002,4,233755,False,Amigos (con Maria Becerra),2,La cuarta hoja (Extended Version),B,minor,B minor
Pablo Alborán,2023-01-31,0.726,0.601,5,-6.688,1,0.097,0.324,0.0,0.0996,0.655,149.892,3,189471,False,Voraces,3,La cuarta hoja (Extended Version),F,major,F major
Pablo Alborán,2023-01-31,0.66,0.603,0,-4.653,1,0.106,0.532,0.0,0.0783,0.437,117.368,4,229567,False,Viaje a ningún lado (con Carin Leon),4,La cuarta hoja (Extended Version),C,major,C major
Pablo Alborán,2023-01-31,0.778,0.722,1,-7.163,1,0.327,0.477,6.72e-06,0.467,0.721,96.763,4,193831,False,El traje,5,La cuarta hoja (Extended Version),C#,major,C# major
Pablo Alborán,2023-01-31,0.392,0.457,7,-5.993,0,0.0491,0.571,4.65e-05,0.0839,0.3,79.038,3,224210,False,A batir las alas,6,La cuarta hoja (Extended Version),G,minor,G minor
Pablo Alborán,2023-01-31,0.666,0.685,9,-6.923,0,0.0561,0.155,0.0,0.482,0.8,135.095,4,216586,False,Ave de paso (con Ana Mena),7,La cuarta hoja (Extended Version),A,minor,A minor
Pablo Alborán,2023-01-31,0.762,0.62,11,-5.964,0,0.0625,0.537,0.0026,0.121,0.76,95.999,4,188583,False,4U (con Leo Rizzi),8,La cuarta hoja (Extended Version),B,minor,B minor
Pablo Alborán,2023-01-31,0.575,0.507,9,-5.457,1,0.0562,0.459,5.86e-06,0.104,0.327,145.869,4,205452,False,Soy capaz,9,La cuarta hoja (Extended Version),A,major,A major
Pablo Alborán,2023-01-31,0.378,0.538,4,-6.573,0,0.158,0.247,0.0,0.0945,0.235,81.873,4,252221,False,Castillos de arena,10,La cuarta hoja (Extended Version),E,minor,E minor
Pablo Alborán,2023-01-31,0.663,0.782,11,-4.519,0,0.1,0.00153,0.000848,0.121,0.611,145.077,4,228783,False,Llueve sobre mojado,11,La cuarta hoja (Extended Version),B,minor,B minor
Pablo Alborán,2023-01-31,0.569,0.185,1,-11.069,1,0.0643,0.631,1.63e-06,0.309,0.327,133.847,4,227521,False,Hablemos de amor - Acústico 2022,1,La cuarta hoja (Extended Version),C#,major,C# major
Pablo Alborán,2023-01-31,0.525,0.118,9,-10.295,1,0.0561,0.711,0.0,0.165,0.289,136.914,4,167192,False,Desencuentro - Acústico 2022,2,La cuarta hoja (Extended Version),A,major,A major
Pablo Alborán,2023-01-31,0.522,0.219,2,-9.033,1,0.0621,0.742,0.0,0.531,0.403,137.713,4,245414,False,Ecos - Acústico 2022,3,La cuarta hoja (Extended Version),D,major,D major
Pablo Alborán,2023-01-31,0.524,0.272,7,-10.065,0,0.147,0.753,0.0,0.696,0.268,98.426,3,211538,False,Que siempre sea verano - Acústico 2022,4,La cuarta hoja (Extended Version),G,minor,G minor
Pablo Alborán,2023-01-31,0.507,0.203,9,-10.445,1,0.119,0.829,0.0,0.394,0.281,139.355,4,194982,False,Soy capaz - Acústico 2022,5,La cuarta hoja (Extended Version),A,major,A major
Pablo Alborán,2023-01-31,0.496,0.258,0,-10.588,1,0.086,0.832,0.0,0.728,0.282,140.701,4,207056,False,Tanto - Acústico 2022,6,La cuarta hoja (Extended Version),C,major,C major
Pablo Alborán,2023-01-31,0.51,0.611,6,-8.346,1,0.281,0.0907,6.33e-05,0.968,0.74,184.548,3,218174,False,Miedo - Acústico 2022,7,La cuarta hoja (Extended Version),F#,major,F# major
Pablo Alborán,2023-01-31,0.71,0.597,4,-6.925,1,0.0732,0.398,0.0,0.392,0.505,145.022,4,270807,False,La escalera - Acústico 2022,8,La cuarta hoja (Extended Version),E,major,E major
Pablo Alborán,2023-01-31,0.492,0.491,7,-7.4,1,0.042,0.524,0.0,0.482,0.312,181.816,3,230727,False,Saturno - Acústico 2022,9,La cuarta hoja (Extended Version),G,major,G major
Pablo Alborán,2023-01-31,0.513,0.548,4,-7.569,0,0.173,0.548,0.0,0.934,0.191,165.654,4,246313,False,Castillos de arena - Acústico 2022,10,La cuarta hoja (Extended Version),E,minor,E minor
Pablo Alborán,2023-01-31,0.73,0.632,5,-5.615,1,0.0393,0.486,0.0,0.737,0.814,101.192,4,230936,False,Pasos de cero - Acústico 2022,11,La cuarta hoja (Extended Version),F,major,F major
Pablo Alborán,2023-01-31,0.643,0.419,11,-8.349,0,0.266,0.722,0.0,0.508,0.283,139.631,4,227272,False,Si hubieras querido - Acústico 2022,12,La cuarta hoja (Extended Version),B,minor,B minor
Pablo Alborán,2023-01-31,0.577,0.453,0,-8.811,1,0.0726,0.437,0.0,0.672,0.46,138.015,4,347662,False,Perdóname + De carne y hueso - Acústico 2022,13,La cuarta hoja (Extended Version),C,major,C major
Pablo Alborán,2023-01-31,0.56,0.422,5,-9.646,1,0.0732,0.266,0.0,0.626,0.499,126.122,4,428246,False,Seré + Cuando te alejas + Volvería - Acústico 2022,14,La cuarta hoja (Extended Version),F,major,F major
Pablo Alborán,2023-01-31,0.54,0.265,9,-10.011,1,0.21,0.898,0.0,0.361,0.317,139.4,4,162647,False,Solamente tú - Acústico 2022,15,La cuarta hoja (Extended Version),A,major,A major
Pablo Alborán,2023-01-31,0.459,0.2,9,-9.807,1,0.13,0.801,0.0,0.338,0.392,181.708,1,358948,False,Prometo - Acústico 2022,16,La cuarta hoja (Extended Version),A,major,A major
Pablo Alborán,2023-01-31,0.693,0.546,11,-8.923,0,0.0334,0.334,0.000104,0.433,0.751,133.073,4,201311,False,Dicen - Acústico 2022,17,La cuarta hoja (Extended Version),B,minor,B minor
Pablo Alborán,2023-01-31,0.824,0.607,9,-6.695,0,0.0973,0.255,0.0,0.466,0.627,101.998,4,191054,False,Tabú - Acústico 2022,18,La cuarta hoja (Extended Version),A,minor,A minor
Pablo Alborán,2023-01-31,0.734,0.641,7,-6.589,1,0.0875,0.466,0.0,0.707,0.522,102.036,4,207870,False,La fiesta - Acústico 2022,19,La cuarta hoja (Extended Version),G,major,G major
Pablo Alborán,2023-01-31,0.519,0.158,7,-9.749,1,0.0728,0.822,3.83e-06,0.682,0.205,135.476,3,304529,False,Sobreviviré - Acústico 2022,20,La cuarta hoja (Extended Version),G,major,G major
Pablo Alborán,2023-01-31,0.556,0.376,7,-8.248,0,0.0449,0.752,0.0,0.214,0.39,144.321,4,208920,False,Quién - Acústico 2022,21,La cuarta hoja (Extended Version),G,minor,G minor
Pablo Alborán,2023-01-31,0.717,0.463,7,-8.379,1,0.11,0.664,0.0,0.378,0.485,135.917,4,173655,False,Te he echado de menos - Acústico 2022,22,La cuarta hoja (Extended Version),G,major,G major
Pablo Alborán,2023-01-31,0.66,0.781,7,-5.607,1,0.047,0.356,0.0,0.847,0.807,144.891,4,271681,False,Llueve sobre mojado - Acústico 2022,23,La cuarta hoja (Extended Version),G,major,G major
Pablo Alborán,2023-01-31,0.563,0.39,1,-9.575,0,0.0582,0.176,3.46e-05,0.104,0.689,68.363,4,110374,False,Te recuerdo Amanda - Acústico 2022,24,La cuarta hoja (Extended Version),C#,minor,C# minor
Pablo Alborán,2023-01-31,0.677,0.327,4,-7.82,0,0.107,0.485,0.0,0.151,0.831,78.122,4,66391,False,Por una cabeza - Acústico 2022,25,La cuarta hoja (Extended Version),E,minor,E minor
Pablo Alborán,2023-01-31,0.543,0.142,4,-13.677,0,0.0359,0.89,0.0151,0.11,0.13,135.468,4,155092,False,Insensatez - Acústico 2022,26,La cuarta hoja (Extended Version),E,minor,E minor
Pablo Alborán,2023-01-31,0.585,0.124,9,-9.385,1,0.046,0.817,2.17e-05,0.102,0.193,73.179,5,158767,False,Contigo aprendí - Acústico 2022,27,La cuarta hoja (Extended Version),A,major,A major
Pablo Alborán,2023-01-31,0.661,0.461,0,-8.231,0,0.358,0.538,0.0,0.132,0.57,145.812,4,190835,False,El mismo aire - Acústico 2022,28,La cuarta hoja (Extended Version),C,minor,C minor
Pablo Alborán,2022-12-01,0.816,0.787,6,-2.405,1,0.0622,0.153,0.0,0.069,0.841,99.957,4,163244,False,Carretera y manta,1,La cuarta hoja,F#,major,F# major
Pablo Alborán,2022-12-01,0.721,0.814,11,-3.459,0,0.045,0.28,0.0,0.0531,0.944,157.002,4,233755,False,Amigos (con Maria Becerra),2,La cuarta hoja,B,minor,B minor
Pablo Alborán,2022-12-01,0.726,0.601,5,-6.688,1,0.097,0.324,0.0,0.0996,0.655,149.892,3,189471,False,Voraces,3,La cuarta hoja,F,major,F major
Pablo Alborán,2022-12-01,0.66,0.603,0,-4.653,1,0.106,0.532,0.0,0.0783,0.437,117.368,4,229567,False,Viaje a ningún lado (con Carin Leon),4,La cuarta hoja,C,major,C major
Pablo Alborán,2022-12-01,0.778,0.722,1,-7.163,1,0.327,0.477,6.72e-06,0.467,0.721,96.763,4,193831,False,El traje,5,La cuarta hoja,C#,major,C# major
Pablo Alborán,2022-12-01,0.392,0.457,7,-5.993,0,0.0491,0.571,4.65e-05,0.0839,0.3,79.038,3,224210,False,A batir las alas,6,La cuarta hoja,G,minor,G minor
Pablo Alborán,2022-12-01,0.666,0.685,9,-6.923,0,0.0561,0.155,0.0,0.482,0.8,135.095,4,216586,False,Ave de paso (con Ana Mena),7,La cuarta hoja,A,minor,A minor
Pablo Alborán,2022-12-01,0.762,0.62,11,-5.964,0,0.0625,0.537,0.0026,0.121,0.76,95.999,4,188583,False,4U (con Leo Rizzi),8,La cuarta hoja,B,minor,B minor
Pablo Alborán,2022-12-01,0.575,0.507,9,-5.457,1,0.0562,0.459,5.86e-06,0.104,0.327,145.869,4,205452,False,Soy capaz,9,La cuarta hoja,A,major,A major
Pablo Alborán,2022-12-01,0.378,0.538,4,-6.573,0,0.158,0.247,0.0,0.0945,0.235,81.873,4,252221,False,Castillos de arena,10,La cuarta hoja,E,minor,E minor
Pablo Alborán,2022-12-01,0.663,0.782,11,-4.519,0,0.1,0.00153,0.000848,0.121,0.611,145.077,4,228783,False,Llueve sobre mojado,11,La cuarta hoja,B,minor,B minor
Pablo Alborán,2020-12-11,0.45,0.104,1,-37.61,1,0.217,0.743,0.376,0.284,0.0906,80.026,3,21592,False,"""El salto"" - Interludio",1,Vértigo,C#,major,C# major
Pablo Alborán,2020-12-11,0.692,0.442,11,-11.466,0,0.483,0.804,0.0,0.328,0.406,147.912,4,221139,False,Si hubieras querido,2,Vértigo,B,minor,B minor
Pablo Alborán,2020-12-11,0.61,0.483,8,-9.481,1,0.179,0.427,0.0,0.0878,0.411,139.818,4,254927,False,Corazón descalzo,3,Vértigo,G#,major,G# major
Pablo Alborán,2020-12-11,0.854,0.548,10,-8.514,1,0.11,0.522,0.0,0.113,0.672,141.958,4,167650,False,De carne y hueso,4,Vértigo,A#,major,A# major
Pablo Alborán,2020-12-11,0.119,0.846,11,-27.603,0,0.114,0.268,1.75e-05,0.411,0.0,171.048,4,18086,False,"""Magalahe"" - Interludio",5,Vértigo,B,minor,B minor
Pablo Alborán,2020-12-11,0.678,0.635,6,-8.813,0,0.219,0.56,0.0,0.226,0.706,100.054,4,212106,False,La fiesta,6,Vértigo,F#,minor,F# minor
Pablo Alborán,2020-12-11,0.672,0.371,6,-16.112,1,0.728,0.813,8.02e-06,0.111,0.632,127.581,3,16753,False,"""Reyes, Fuentes y Vindver"" - Interludio",7,Vértigo,F#,major,F# major
Pablo Alborán,2020-12-11,0.439,0.279,6,-11.014,1,0.0587,0.748,0.0,0.0894,0.178,79.128,3,209221,False,Hablemos de amor,8,Vértigo,F#,major,F# major
Pablo Alborán,2020-12-11,0.713,0.546,11,-9.865,0,0.0985,0.122,0.0,0.0811,0.691,134.981,4,210211,False,Dicen,9,Vértigo,B,minor,B minor
Pablo Alborán,2020-12-11,0.412,0.205,10,-12.977,1,0.0432,0.809,0.0,0.0957,0.458,79.552,4,189157,False,Que siempre sea verano,10,Vértigo,A#,major,A# major
Pablo Alborán,2020-12-11,0.74,0.563,7,-11.134,1,0.37,0.285,0.000388,0.0962,0.525,124.951,4,177752,False,Malabares,11,Vértigo,G,major,G major
Pablo Alborán,2020-12-11,0.487,0.221,11,-22.396,0,0.0932,0.805,0.0,0.459,0.0,63.412,3,18598,False,"""Desde la cumbrecita"" - Interludio",12,Vértigo,B,minor,B minor
Pablo Alborán,2020-12-11,0.498,0.29,2,-10.277,1,0.113,0.702,0.0,0.111,0.499,81.571,5,199741,False,El vendaval,13,Vértigo,D,major,D major
Pablo Alborán,2020-12-11,0.78,0.703,11,-8.743,0,0.187,0.0931,4.64e-06,0.316,0.799,96.063,4,205368,False,No está en tus planes,14,Vértigo,B,minor,B minor
Pablo Alborán,2020-12-11,0.0,0.418,6,-27.265,1,0.0,0.0182,0.0,0.343,0.0,0.0,0,12703,False,"""Tavira sin frenos"" - Interludio",15,Vértigo,F#,major,F# major
Pablo Alborán,2020-12-11,0.435,0.253,5,-10.95,0,0.0412,0.838,0.0,0.276,0.321,143.549,3,179530,False,Vértigo,16,Vértigo,F,minor,F minor
Pablo Alborán,2020-12-11,0.563,0.183,11,-12.724,0,0.257,0.8,0.0,0.115,0.194,141.125,4,195917,False,Si hubieras querido - Versión acústica,17,Vértigo,B,minor,B minor
Pablo Alborán,2018-11-30,0.278,0.572,7,-8.295,1,0.0407,0.392,0.0,0.063,0.311,95.351,3,253760,False,Saturno,1,Prometo (Edición especial),G,major,G major
Pablo Alborán,2018-11-30,0.4,0.564,9,-8.971,1,0.12,0.454,0.0,0.314,0.327,91.356,4,307106,False,Prometo,2,Prometo (Edición especial),A,major,A major
Pablo Alborán,2018-11-30,0.731,0.687,1,-7.399,0,0.0586,0.232,2.33e-05,0.265,0.577,99.995,4,198053,False,No vaya a ser,3,Prometo (Edición especial),C#,minor,C# minor
Pablo Alborán,2018-11-30,0.451,0.47,6,-8.796,0,0.215,0.567,0.0,0.24,0.62,192.227,4,218560,False,Cuerda al corazón,4,Prometo (Edición especial),F#,minor,F# minor
Pablo Alborán,2018-11-30,0.506,0.49,0,-8.72,0,0.0392,0.711,0.0,0.154,0.193,72.974,4,249760,False,Lo nuestro,5,Prometo (Edición especial),C,minor,C minor
Pablo Alborán,2018-11-30,0.586,0.749,5,-6.991,0,0.0456,0.353,0.0,0.117,0.651,100.008,4,228640,False,Vivir,6,Prometo (Edición especial),F,minor,F minor
Pablo Alborán,2018-11-30,0.44,0.47,11,-8.236,1,0.0401,0.566,0.0,0.138,0.152,139.911,4,262000,False,Tu refugio,7,Prometo (Edición especial),B,major,B major
Pablo Alborán,2018-11-30,0.431,0.671,7,-7.586,0,0.0738,0.489,0.0,0.113,0.327,88.569,4,196853,False,La llave,8,Prometo (Edición especial),G,minor,G minor
Pablo Alborán,2018-11-30,0.697,0.639,11,-7.997,0,0.164,0.0538,3.86e-06,0.163,0.871,101.974,4,206600,False,Idiota,9,Prometo (Edición especial),B,minor,B minor
Pablo Alborán,2018-11-30,0.654,0.614,0,-8.1,0,0.0932,0.257,0.0,0.0991,0.53,149.108,4,253826,False,Boca de hule,10,Prometo (Edición especial),C,minor,C minor
Pablo Alborán,2018-11-30,0.63,0.488,5,-8.051,0,0.037,0.641,0.0,0.123,0.34,95.002,3,255986,False,Curo tus labios,11,Prometo (Edición especial),F,minor,F minor
Pablo Alborán,2018-11-30,0.583,0.48,11,-8.397,0,0.0663,0.653,0.0,0.119,0.425,134.516,4,192493,False,Al paraíso,12,Prometo (Edición especial),B,minor,B minor
Pablo Alborán,2018-11-30,0.417,0.261,9,-11.857,1,0.0977,0.791,0.0,0.175,0.341,177.803,4,332120,False,Prometo - Versión piano y cuerda,13,Prometo (Edición especial),A,major,A major
Pablo Alborán,2018-11-30,0.623,0.731,7,-6.384,0,0.184,0.166,0.0,0.131,0.435,180.046,4,184666,False,La llave (feat. Piso 21),14,Prometo (Edición especial),G,minor,G minor
Pablo Alborán,2018-11-30,0.665,0.582,0,-7.792,0,0.127,0.281,0.0,0.102,0.49,149.166,4,252946,False,Boca de hule (feat. Alejandro Sanz),15,Prometo (Edición especial),C,minor,C minor
Pablo Alborán,2018-11-30,0.558,0.446,11,-9.131,0,0.0516,0.558,0.0,0.159,0.28,133.952,4,184413,False,Al paraíso (feat. Carminho),16,Prometo (Edición especial),B,minor,B minor
Pablo Alborán,2018-11-30,0.365,0.617,11,-5.536,1,0.037,0.487,0.0,0.105,0.218,140.077,4,260700,False,Tu refugio - Nueva versión,17,Prometo (Edición especial),B,major,B major
Pablo Alborán,2018-11-30,0.548,0.275,11,-8.081,1,0.133,0.819,0.0,0.0782,0.151,138.922,4,309426,False,Tu refugio - Acústico,18,Prometo (Edición especial),B,major,B major
Pablo Alborán,2018-11-30,0.495,0.443,10,-6.619,1,0.114,0.821,0.0,0.157,0.394,79.224,1,200906,False,La llave - Acústico,19,Prometo (Edición especial),A#,major,A# major
Pablo Alborán,2018-11-30,0.724,0.64,1,-6.163,0,0.124,0.647,5.32e-06,0.12,0.745,99.701,4,172226,False,No vaya a ser - Acústico,20,Prometo (Edición especial),C#,minor,C# minor
Pablo Alborán,2018-11-30,0.806,0.391,10,-7.401,1,0.425,0.587,0.0,0.114,0.613,149.115,4,221946,False,Boca de hule - Acústico,21,Prometo (Edición especial),A#,major,A# major
Pablo Alborán,2018-11-30,0.693,0.25,3,-8.67,1,0.0545,0.894,3.29e-05,0.155,0.38,145.987,4,305013,False,Lo nuestro - Acústico,22,Prometo (Edición especial),D#,major,D# major
Pablo Alborán,2018-11-30,0.534,0.332,8,-6.615,1,0.0425,0.848,0.0,0.108,0.24,126.691,4,255909,False,Curo tus labios - Acústico,23,Prometo (Edición especial),G#,major,G# major
Pablo Alborán,2018-11-30,0.452,0.249,5,-7.689,0,0.0892,0.72,0.0,0.262,0.362,75.953,3,227406,False,Vivir - Cata Acoustic Sessions,24,Prometo (Edición especial),F,minor,F minor
Pablo Alborán,2018-11-30,0.512,0.244,9,-9.42,1,0.0637,0.871,0.0,0.116,0.17,113.207,5,352866,False,Prometo - Cata Acoustic Sessions,25,Prometo (Edición especial),A,major,A major
Pablo Alborán,2018-11-30,0.576,0.338,3,-7.795,1,0.045,0.881,0.0,0.658,0.292,137.37,4,252520,False,La mudanza (feat. Niña Pastori) - En directo,26,Prometo (Edición especial),D#,major,D# major
Pablo Alborán,2017-06-01,0.278,0.572,7,-8.295,1,0.0407,0.392,0.0,0.063,0.311,95.351,3,253760,False,Saturno,1,Prometo,G,major,G major
Pablo Alborán,2017-06-01,0.4,0.564,9,-8.971,1,0.12,0.454,0.0,0.314,0.327,91.356,4,307106,False,Prometo,2,Prometo,A,major,A major
Pablo Alborán,2017-06-01,0.731,0.687,1,-7.399,0,0.0586,0.232,2.33e-05,0.265,0.577,99.995,4,198053,False,No vaya a ser,3,Prometo,C#,minor,C# minor
Pablo Alborán,2017-06-01,0.451,0.47,6,-8.796,0,0.215,0.567,0.0,0.24,0.62,192.227,4,218560,False,Cuerda al corazón,4,Prometo,F#,minor,F# minor
Pablo Alborán,2017-06-01,0.506,0.49,0,-8.72,0,0.0392,0.711,0.0,0.154,0.193,72.974,4,249760,False,Lo nuestro,5,Prometo,C,minor,C minor
Pablo Alborán,2017-06-01,0.586,0.749,5,-6.991,0,0.0456,0.353,0.0,0.117,0.651,100.008,4,228640,False,Vivir,6,Prometo,F,minor,F minor
Pablo Alborán,2017-06-01,0.44,0.47,11,-8.236,1,0.0401,0.566,0.0,0.138,0.152,139.911,4,262000,False,Tu refugio,7,Prometo,B,major,B major
Pablo Alborán,2017-06-01,0.431,0.671,7,-7.586,0,0.0738,0.489,0.0,0.113,0.327,88.569,4,196853,False,La llave,8,Prometo,G,minor,G minor
Pablo Alborán,2017-06-01,0.697,0.639,11,-7.997,0,0.164,0.0538,3.86e-06,0.163,0.871,101.974,4,206600,False,Idiota,9,Prometo,B,minor,B minor
Pablo Alborán,2017-06-01,0.654,0.614,0,-8.1,0,0.0932,0.257,0.0,0.0991,0.53,149.108,4,253826,False,Boca de hule,10,Prometo,C,minor,C minor
Pablo Alborán,2017-06-01,0.63,0.488,5,-8.051,0,0.037,0.641,0.0,0.123,0.34,95.002,3,255986,False,Curo tus labios,11,Prometo,F,minor,F minor
Pablo Alborán,2017-06-01,0.583,0.48,11,-8.397,0,0.0663,0.653,0.0,0.119,0.425,134.516,4,192493,False,Al paraíso,12,Prometo,B,minor,B minor
Pablo Alborán,2017-06-01,0.417,0.261,9,-11.857,1,0.0977,0.791,0.0,0.175,0.341,177.803,4,332120,False,Prometo - Versión piano y cuerda,13,Prometo,A,major,A major
Pablo Alborán,2017-06-01,0.446,0.596,10,-8.304,1,0.0787,0.32,0.0,0.128,0.336,174.106,4,206186,False,La llave - Versión pop,14,Prometo,A#,major,A# major
Pablo Alborán,2017-06-01,0.665,0.582,0,-7.792,0,0.127,0.281,0.0,0.102,0.49,149.166,4,252946,False,Boca de hule (feat. Alejandro Sanz),15,Prometo,C,minor,C minor
Pablo Alborán,2017-06-01,0.558,0.446,11,-9.131,0,0.0516,0.558,0.0,0.159,0.28,133.952,4,184413,False,Al paraíso (feat. Carminho),16,Prometo,B,minor,B minor
Pablo Alborán,2017-06-01,0.623,0.731,7,-6.384,0,0.184,0.166,0.0,0.131,0.435,180.046,4,184666,False,La llave (feat. Piso 21),17,Prometo,G,minor,G minor
Pablo Alborán,2014-11-10,0.612,0.409,6,-9.85,1,0.0362,0.418,1.44e-06,0.149,0.254,73.943,4,241013,False,Por fin,1,Terral,F#,major,F# major
Pablo Alborán,2014-11-10,0.63,0.748,4,-6.434,0,0.0346,0.267,0.0,0.0984,0.743,145.002,4,237080,False,La escalera,2,Terral,E,minor,E minor
Pablo Alborán,2014-11-10,0.582,0.547,2,-6.35,1,0.0359,0.191,0.0,0.118,0.341,145.78,4,261933,False,Ecos,3,Terral,D,major,D major
Pablo Alborán,2014-11-10,0.749,0.637,7,-6.924,1,0.0764,0.308,0.0,0.0878,0.798,99.951,4,234373,False,Pasos de cero,4,Terral,G,major,G major
Pablo Alborán,2014-11-10,0.707,0.807,10,-5.651,1,0.0391,0.07,0.0,0.134,0.76,128.934,4,224693,False,Está permitido,5,Terral,A#,major,A# major
Pablo Alborán,2014-11-10,0.512,0.455,0,-6.775,0,0.0332,0.0998,0.0,0.151,0.0759,143.149,4,287733,False,Recuérdame,6,Terral,C,minor,C minor
Pablo Alborán,2014-11-10,0.543,0.429,3,-7.121,1,0.0311,0.125,0.0,0.116,0.343,74.962,4,252133,False,Ahogándome tu adiós,7,Terral,D#,major,D# major
Pablo Alborán,2014-11-10,0.525,0.516,5,-7.513,1,0.0385,0.0356,0.0,0.0872,0.329,149.6,4,261973,False,Volvería,8,Terral,F,major,F major
Pablo Alborán,2014-11-10,0.647,0.85,7,-5.854,1,0.0463,0.115,0.0,0.0605,0.827,96.991,4,257253,False,Un buen amor,9,Terral,G,major,G major
Pablo Alborán,2014-11-10,0.602,0.919,7,-5.838,1,0.0561,0.00887,0.0,0.0954,0.798,144.942,4,191813,False,Vívela,10,Terral,G,major,G major
Pablo Alborán,2014-11-10,0.544,0.523,10,-7.937,0,0.0429,0.143,0.0,0.106,0.236,144.758,4,264493,False,Gracias,11,Terral,A#,minor,A# minor
Pablo Alborán,2014-11-10,0.601,0.732,7,-5.596,1,0.0521,0.0486,1.4e-06,0.172,0.471,90.053,4,260079,False,Quimera (feat. Ricky Martin),12,Terral,G,major,G major
Pablo Alborán,2014-11-10,0.615,0.76,4,-5.843,0,0.0594,0.046,0.0,0.246,0.539,149.963,4,228160,False,Despídete,13,Terral,E,minor,E minor
Pablo Alborán,2014-11-10,0.292,0.528,4,-7.559,0,0.05,0.339,0.0,0.114,0.245,63.711,4,289533,False,El olvido,14,Terral,E,minor,E minor
Pablo Alborán,2014-11-10,0.798,0.426,4,-9.049,0,0.0655,0.824,0.0,0.101,0.729,144.925,4,236546,False,La escalera - Acústico,15,Terral,E,minor,E minor
Pablo Alborán,2014-11-10,0.474,0.276,6,-10.156,1,0.0389,0.843,0.0,0.114,0.49,72.256,4,240706,False,Por fin - Acústico,16,Terral,F#,major,F# major
Pablo Alborán,2012-11-06,0.638,0.488,4,-6.021,0,0.0376,0.641,0.0,0.278,0.394,117.859,4,258839,False,El beso,1,Tanto,E,minor,E minor
Pablo Alborán,2012-11-06,0.647,0.621,4,-4.015,1,0.0412,0.239,2.14e-06,0.154,0.456,140.001,4,225013,False,Donde está el amor,2,Tanto,E,major,E major
Pablo Alborán,2012-11-06,0.693,0.674,6,-6.145,0,0.0336,0.309,0.0,0.0809,0.502,139.006,4,238533,False,Yo no lo sabía,3,Tanto,F#,minor,F# minor
Pablo Alborán,2012-11-06,0.58,0.851,6,-4.796,0,0.0291,0.0687,1.66e-06,0.094,0.765,101.021,4,246653,False,Deshidratándome,4,Tanto,F#,minor,F# minor
Pablo Alborán,2012-11-06,0.752,0.797,4,-6.786,0,0.0473,0.0988,8.25e-06,0.161,0.771,104.993,4,184093,False,Toda la noche,5,Tanto,E,minor,E minor
Pablo Alborán,2012-11-06,0.723,0.672,5,-5.252,1,0.0265,0.252,2.77e-05,0.106,0.627,120.03,4,253600,False,Seré,6,Tanto,F,major,F major
Pablo Alborán,2012-11-06,0.529,0.603,0,-5.132,1,0.0307,0.223,0.0,0.235,0.326,140.039,4,256640,False,Tanto,7,Tanto,C,major,C major
Pablo Alborán,2012-11-06,0.621,0.457,7,-5.928,0,0.0355,0.165,0.0,0.194,0.277,141.679,4,249253,False,Quién,8,Tanto,G,minor,G minor
Pablo Alborán,2012-11-06,0.554,0.757,1,-5.388,0,0.0341,0.014,0.000134,0.13,0.62,150.03,4,236640,False,En brazos de ella,9,Tanto,C#,minor,C# minor
Pablo Alborán,2012-11-06,0.616,0.788,9,-4.464,0,0.041,0.39,0.0,0.291,0.538,145.01,4,238013,False,Éxtasis,10,Tanto,A,minor,A minor
Pablo Alborán,2012-11-06,0.688,0.787,10,-5.207,0,0.033,0.0773,1.73e-05,0.113,0.487,109.947,4,248133,False,Me iré,11,Tanto,A#,minor,A# minor
Pablo Alborán,2012,0.638,0.488,4,-6.021,0,0.0376,0.641,0.0,0.278,0.394,117.859,4,258839,False,El beso,1,Tanto (Edición Premium),E,minor,E minor
Pablo Alborán,2012,0.647,0.621,4,-4.015,1,0.0412,0.239,2.14e-06,0.154,0.456,140.001,4,225013,False,Donde está el amor,2,Tanto (Edición Premium),E,major,E major
Pablo Alborán,2012,0.693,0.674,6,-6.145,0,0.0336,0.309,0.0,0.0809,0.502,139.006,4,238533,False,Yo no lo sabía,3,Tanto (Edición Premium),F#,minor,F# minor
Pablo Alborán,2012,0.58,0.851,6,-4.796,0,0.0291,0.0687,1.66e-06,0.094,0.765,101.021,4,246653,False,Deshidratándome,4,Tanto (Edición Premium),F#,minor,F# minor
Pablo Alborán,2012,0.752,0.797,4,-6.786,0,0.0473,0.0988,8.25e-06,0.161,0.771,104.993,4,184093,False,Toda la noche,5,Tanto (Edición Premium),E,minor,E minor
Pablo Alborán,2012,0.723,0.672,5,-5.252,1,0.0265,0.252,2.77e-05,0.106,0.627,120.03,4,253600,False,Seré,6,Tanto (Edición Premium),F,major,F major
Pablo Alborán,2012,0.529,0.603,0,-5.132,1,0.0307,0.223,0.0,0.235,0.326,140.039,4,256640,False,Tanto,7,Tanto (Edición Premium),C,major,C major
Pablo Alborán,2012,0.621,0.457,7,-5.928,0,0.0355,0.165,0.0,0.194,0.277,141.679,4,249253,False,Quién,8,Tanto (Edición Premium),G,minor,G minor
Pablo Alborán,2012,0.554,0.757,1,-5.388,0,0.0341,0.014,0.000134,0.13,0.62,150.03,4,236640,False,En brazos de ella,9,Tanto (Edición Premium),C#,minor,C# minor
Pablo Alborán,2012,0.616,0.788,9,-4.464,0,0.041,0.39,0.0,0.291,0.538,145.01,4,238013,False,Éxtasis,10,Tanto (Edición Premium),A,minor,A minor
Pablo Alborán,2012,0.688,0.787,10,-5.207,0,0.033,0.0773,1.73e-05,0.113,0.487,109.947,4,248133,False,Me iré,11,Tanto (Edición Premium),A#,minor,A# minor
Pablo Alborán,2012,0.548,0.146,4,-8.178,0,0.0647,0.885,4.42e-06,0.209,0.29,123.632,4,252093,False,El beso - Acústico,12,Tanto (Edición Premium),E,minor,E minor
Pablo Alborán,2012,0.465,0.213,7,-7.829,0,0.0381,0.908,0.0,0.152,0.351,144.281,4,200240,False,Quién - En acústico,13,Tanto (Edición Premium),G,minor,G minor
Pablo Alborán,2012,0.597,0.848,4,-5.458,1,0.0406,0.173,0.0,0.373,0.324,139.876,4,233895,False,Dónde está el amor (feat. Jesse & Joy),14,Tanto (Edición Premium),E,major,E major
Pablo Alborán,2012,0.628,0.727,7,-5.545,1,0.038,0.179,0.0,0.0526,0.574,144.922,4,200639,False,Éxtasis - Radio Edit,15,Tanto (Edición Premium),G,major,G major
Pablo Alborán,2012,0.383,0.323,7,-7.964,0,0.0388,0.666,2.25e-05,0.125,0.3,68.296,4,228253,False,Quién - Versión ambiental,16,Tanto (Edición Premium),G,minor,G minor
Pablo Alborán,2012,0.473,0.214,0,-10.324,1,0.0459,0.84,0.0,0.114,0.172,139.54,4,259106,False,Tanto - Acústico,17,Tanto (Edición Premium),C,major,C major
Pablo Alborán,2011-11-15,0.375,0.363,9,-10.145,1,0.0634,0.738,2.81e-06,0.397,0.118,129.298,4,297546,False,Desencuentro - en Directo,1,En Acústico (En directo),A,major,A major
Pablo Alborán,2011-11-15,0.599,0.381,9,-9.176,1,0.0599,0.785,0.0,0.908,0.195,140.04,4,245720,False,Solamente tú - en Directo,2,En Acústico (En directo),A,major,A major
Pablo Alborán,2011-11-15,0.495,0.636,6,-7.017,1,0.0778,0.319,0.0,0.704,0.127,117.992,4,264293,False,Miedo - en Directo,3,En Acústico (En directo),F#,major,F# major
Pablo Alborán,2011-11-15,0.683,0.855,7,-5.779,0,0.0468,0.0787,1.43e-05,0.783,0.496,146.969,4,268373,False,Caramelo - en Directo,4,En Acústico (En directo),G,minor,G minor
Pablo Alborán,2011-11-15,0.624,0.689,11,-6.659,0,0.0366,0.0906,0.0,0.0954,0.335,149.919,4,237866,False,Vuelve conmigo - en Directo,5,En Acústico (En directo),B,minor,B minor
Pablo Alborán,2011-11-15,0.7,0.826,7,-6.336,1,0.136,0.333,0.0,0.966,0.316,96.001,4,221173,False,Me colé por la puerta de atrás - en Directo,6,En Acústico (En directo),G,major,G major
Pablo Alborán,2011-11-15,0.759,0.835,7,-6.197,0,0.0954,0.23,0.0,0.986,0.513,129.921,4,240120,False,Volver a empezar - en Directo,7,En Acústico (En directo),G,minor,G minor
Pablo Alborán,2011-11-15,0.716,0.922,0,-6.575,1,0.109,0.21,0.0,0.931,0.452,147.995,4,233386,False,Loco de atar - en Directo,8,En Acústico (En directo),C,major,C major
Pablo Alborán,2011-11-15,0.511,0.682,1,-5.443,0,0.176,0.308,0.0,0.689,0.554,123.711,4,184146,False,Ladrona de mi piel - en Directo,9,En Acústico (En directo),C#,minor,C# minor
Pablo Alborán,2011-11-15,0.604,0.859,11,-5.267,0,0.0473,0.0969,0.0,0.69,0.336,149.981,4,230733,False,No te olvidaré - en Directo,10,En Acústico (En directo),B,minor,B minor
Pablo Alborán,2011-11-15,0.601,0.624,11,-7.986,1,0.0622,0.476,0.0,0.928,0.279,135.939,4,299893,False,Perdóname - en Directo,11,En Acústico (En directo),B,major,B major
Pablo Alborán,2011-11-15,0.653,0.498,7,-10.408,1,0.0529,0.709,0.0,0.961,0.355,135.999,4,266946,False,Te he echado de menos - en Directo,12,En Acústico (En directo),G,major,G major
Pablo Alborán,2011-11-15,0.479,0.437,2,-13.996,0,0.26,0.841,2.68e-06,0.109,0.273,127.449,5,281093,False,Cuando te alejas - en Directo,13,En Acústico (En directo),D,minor,D minor
Pablo Alborán,2011-11-15,0.506,0.566,9,-14.095,1,0.425,0.876,4.55e-06,0.583,0.39,131.454,4,358386,False,Solamente tú (con Diana Navarro) - En Directo,14,En Acústico (En directo),A,major,A major
Pablo Alborán,2011-11-15,0.464,0.453,11,-9.797,1,0.0657,0.717,0.0,0.676,0.25,117.9,4,358453,False,Perdóname (con Carminho) - en Portugués,15,En Acústico (En directo),B,major,B major
Pablo Alborán,2011-11-15,0.667,0.463,11,-8.772,1,0.033,0.577,0.0,0.107,0.337,115.414,4,256435,False,Perdóname (con Carminho),16,En Acústico (En directo),B,major,B major
Pablo Alborán,2011-11-15,0.648,0.926,11,-4.972,0,0.0376,0.21,0.0,0.0812,0.65,149.966,4,227706,False,No te olvidaré,17,En Acústico (En directo),B,minor,B minor
Pablo Alborán,2011-02-01,0.529,0.578,9,-6.197,1,0.0308,0.619,0.0,0.0874,0.269,140.122,4,237053,False,Solamente tú,1,Pablo Alboran (Deluxe),A,major,A major
Pablo Alborán,2011-02-01,0.508,0.592,6,-6.097,1,0.0393,0.105,2.24e-06,0.121,0.544,177.113,3,224866,False,Miedo,2,Pablo Alboran (Deluxe),F#,major,F# major
Pablo Alborán,2011-02-01,0.639,0.815,11,-4.681,0,0.0502,0.342,0.0,0.267,0.663,149.968,4,239893,False,Vuelve conmigo,3,Pablo Alboran (Deluxe),B,minor,B minor
Pablo Alborán,2011-02-01,0.684,0.837,7,-4.53,0,0.0332,0.167,0.0,0.237,0.754,147.002,4,262746,False,Caramelo,4,Pablo Alboran (Deluxe),G,minor,G minor
Pablo Alborán,2011-02-01,0.829,0.682,7,-5.792,0,0.0358,0.0432,0.0,0.0833,0.937,129.986,4,208906,False,Volver a empezar,5,Pablo Alboran (Deluxe),G,minor,G minor
Pablo Alborán,2011-02-01,0.717,0.747,4,-5.133,0,0.0974,0.0816,0.0,0.0821,0.793,94.375,4,207920,False,Me colé por la puerta de atrás,6,Pablo Alboran (Deluxe),E,minor,E minor
Pablo Alborán,2011-02-01,0.326,0.353,8,-6.913,1,0.0326,0.538,0.0,0.106,0.12,129.782,4,237773,False,Desencuentro,7,Pablo Alboran (Deluxe),G#,major,G# major
Pablo Alborán,2011-02-01,0.707,0.452,11,-6.899,1,0.0415,0.677,0.0,0.0884,0.43,135.924,4,251200,False,Perdóname,8,Pablo Alboran (Deluxe),B,major,B major
Pablo Alborán,2011-02-01,0.516,0.718,1,-4.867,0,0.238,0.22,0.0,0.393,0.787,121.509,4,218400,False,Ladrona de mi piel,9,Pablo Alboran (Deluxe),C#,minor,C# minor
Pablo Alborán,2011-02-01,0.765,0.762,9,-4.025,0,0.0393,0.108,0.0,0.0694,0.964,148.047,4,215013,False,Loco de atar,10,Pablo Alboran (Deluxe),A,minor,A minor
Pablo Alborán,2011-02-01,0.519,0.419,9,-6.276,1,0.033,0.457,0.0,0.161,0.266,140.033,4,247186,False,Solamente tú,11,Pablo Alboran (Deluxe),A,major,A major
Pablo Alborán,2011-02-01,0.692,0.679,7,-6.751,1,0.0282,0.183,0.0,0.202,0.518,140.94,4,232573,False,Te he echado de menos - Radio Edit,12,Pablo Alboran (Deluxe),G,major,G major
Pablo Alborán,2011-02-01,0.648,0.926,11,-4.972,0,0.0376,0.21,0.0,0.0812,0.65,149.966,4,227706,False,No te olvidaré,13,Pablo Alboran (Deluxe),B,minor,B minor
Pablo Alborán,2011-02-01,0.667,0.463,11,-8.772,1,0.033,0.577,0.0,0.107,0.337,115.414,4,256435,False,Perdóname (con Carminho),14,Pablo Alboran (Deluxe),B,major,B major
Pablo Alborán,2011-02-01,0.555,0.0641,2,-16.753,0,0.0584,0.847,3.12e-06,0.0947,0.185,135.07,4,209374,False,Cuando te alejas,15,Pablo Alboran (Deluxe),D,minor,D minor
Pablo Alborán,2011-02-01,0.519,0.419,9,-6.276,1,0.033,0.457,0.0,0.161,0.266,140.033,4,247186,False,Solamente tú,1,Pablo Alboran,A,major,A major
Pablo Alborán,2011-02-01,0.508,0.592,6,-6.097,1,0.0393,0.105,2.24e-06,0.121,0.544,177.113,3,224866,False,Miedo,2,Pablo Alboran,F#,major,F# major
Pablo Alborán,2011-02-01,0.639,0.815,11,-4.681,0,0.0502,0.342,0.0,0.267,0.663,149.968,4,239893,False,Vuelve conmigo,3,Pablo Alboran,B,minor,B minor
Pablo Alborán,2011-02-01,0.684,0.837,7,-4.53,0,0.0332,0.167,0.0,0.237,0.754,147.002,4,262746,False,Caramelo,4,Pablo Alboran,G,minor,G minor
Pablo Alborán,2011-02-01,0.829,0.682,7,-5.792,0,0.0358,0.0432,0.0,0.0833,0.937,129.986,4,208906,False,Volver a empezar,5,Pablo Alboran,G,minor,G minor
Pablo Alborán,2011-02-01,0.717,0.747,4,-5.133,0,0.0974,0.0816,0.0,0.0821,0.793,94.375,4,207920,False,Me colé por la puerta de atrás,6,Pablo Alboran,E,minor,E minor
Pablo Alborán,2011-02-01,0.326,0.353,8,-6.913,1,0.0326,0.538,0.0,0.106,0.12,129.782,4,237773,False,Desencuentro,7,Pablo Alboran,G#,major,G# major
Pablo Alborán,2011-02-01,0.707,0.452,11,-6.899,1,0.0415,0.677,0.0,0.0884,0.43,135.924,4,251200,False,Perdóname,8,Pablo Alboran,B,major,B major
Pablo Alborán,2011-02-01,0.516,0.718,1,-4.867,0,0.238,0.22,0.0,0.393,0.787,121.509,4,218400,False,Ladrona de mi piel,9,Pablo Alboran,C#,minor,C# minor
Pablo Alborán,2011-02-01,0.765,0.762,9,-4.025,0,0.0393,0.108,0.0,0.0694,0.964,148.047,4,215013,False,Loco de atar,10,Pablo Alboran,A,minor,A minor
Pablo Alborán,2011-02-01,0.321,0.365,8,-8.156,1,0.0333,0.695,0.0,0.12,0.112,127.409,4,237506,False,Desencuentro (con Estrella Morente),11,Pablo Alboran,G#,major,G# major
Pablo Alborán,2011-02-01,0.528,0.4,9,-6.568,1,0.03,0.604,0.0,0.138,0.351,140.09,4,247146,False,Solamente tú (con Diana Navarro),12,Pablo Alboran,A,major,A major
Pablo Alborán,2011-02-01,0.555,0.0641,2,-16.753,0,0.0584,0.847,3.12e-06,0.0947,0.185,135.07,4,209374,False,Cuando te alejas,13,Pablo Alboran,D,minor,D minor
Estopa,2024-03-15,0.668,0.913,4,-7.401,0,0.0397,0.00704,0.000515,0.124,0.774,101.981,4,208101,False,El Día Que Tú Te Marches,1,Estopía,E,minor,E minor
Estopa,2024-03-15,0.481,0.85,7,-7.093,1,0.0362,0.00911,0.000251,0.128,0.646,98.044,4,200367,False,Ké Más Nos Da,2,Estopía,G,major,G major
Estopa,2024-03-15,0.525,0.917,4,-5.671,1,0.131,0.0572,0.0,0.0922,0.823,101.065,4,161670,False,La Rumba del Pescaílla,3,Estopía,E,major,E major
Estopa,2024-03-15,0.618,0.856,4,-7.364,0,0.0322,0.0401,1.52e-06,0.202,0.827,143.972,4,197166,False,No Digo Ná,4,Estopía,E,minor,E minor
Estopa,2024-03-15,0.797,0.832,11,-6.218,0,0.0306,0.0844,0.00104,0.131,0.968,130.025,4,231837,False,Mañana Clara,5,Estopía,B,minor,B minor
Estopa,2024-03-15,0.448,0.893,4,-5.984,0,0.064,0.00238,5.84e-06,0.0995,0.611,188.107,4,243769,False,Luz de las Velas,6,Estopía,E,minor,E minor
Estopa,2024-03-15,0.312,0.776,4,-5.417,0,0.0728,0.00849,0.000187,0.18,0.39,75.004,4,203317,False,Tan Dulce,7,Estopía,E,minor,E minor
Estopa,2024-03-15,0.685,0.673,6,-7.527,0,0.0304,0.328,0.0,0.299,0.694,114.088,4,179183,False,Sin Tinta en el Boli,8,Estopía,F#,minor,F# minor
Estopa,2024-03-15,0.692,0.783,11,-7.856,1,0.0393,0.0866,0.0,0.0809,0.736,138.031,4,231403,False,Sola,9,Estopía,B,major,B major
Estopa,2024-03-15,0.326,0.709,11,-6.326,0,0.146,0.0132,0.0,0.168,0.585,176.256,4,197743,False,Pesadilla Familiar,10,Estopía,B,minor,B minor
Estopa,2024-03-15,0.753,0.655,7,-6.731,1,0.0987,0.0162,0.00201,0.0783,0.773,100.055,4,158910,False,Del Revés,11,Estopía,G,major,G major
Estopa,2024-03-15,0.367,0.797,0,-7.001,1,0.0486,0.107,0.0,0.284,0.796,145.77,4,190568,False,La Ranchera,12,Estopía,C,major,C major
Estopa,2023-06-23,0.57,0.659,9,-9.913,0,0.0445,0.495,2.6e-06,0.125,0.716,135.932,4,209093,False,Como Camarón - ACOUSTIC HOME sessions,1,ESTOPA (ACOUSTIC HOME sessions),A,minor,A minor
Estopa,2023-06-23,0.525,0.5,7,-10.875,1,0.045,0.323,0.000345,0.121,0.368,94.857,4,190066,False,Despertar - ACOUSTIC HOME sessions,2,ESTOPA (ACOUSTIC HOME sessions),G,major,G major
Estopa,2023-06-23,0.764,0.303,9,-12.935,0,0.0741,0.51,5.03e-05,0.111,0.296,82.046,4,178413,False,El Último Renglón - ACOUSTIC HOME sessions,3,ESTOPA (ACOUSTIC HOME sessions),A,minor,A minor
Estopa,2023-06-23,0.491,0.553,11,-10.495,0,0.0734,0.322,1.23e-05,0.133,0.688,90.46,4,211106,False,Tragicomedia - ACOUSTIC HOME sessions,4,ESTOPA (ACOUSTIC HOME sessions),B,minor,B minor
Estopa,2023-06-23,0.699,0.768,11,-8.901,0,0.0432,0.261,0.0,0.159,0.839,88.057,4,206720,False,Tu Calorro - ACOUSTIC HOME sessions,5,ESTOPA (ACOUSTIC HOME sessions),B,minor,B minor
Estopa,2023-06-23,0.688,0.74,11,-8.239,0,0.0425,0.133,0.0,0.114,0.886,90.053,4,209640,False,Vino Tinto - ACOUSTIC HOME sessions,6,ESTOPA (ACOUSTIC HOME sessions),B,minor,B minor
Estopa,2023-06-23,0.79,0.539,9,-9.445,1,0.0497,0.154,6.2e-05,0.0911,0.579,133.053,4,246920,False,Ya No Me Acuerdo - ACOUSTIC HOME sessions,7,ESTOPA (ACOUSTIC HOME sessions),A,major,A major
Estopa,2019-10-18,0.68,0.889,7,-4.705,0,0.0608,0.0399,0.00368,0.686,0.856,99.008,4,219153,False,Atrapado,1,Fuego,G,minor,G minor
Estopa,2019-10-18,0.667,0.849,9,-4.892,0,0.0755,0.0481,0.0,0.347,0.851,100.144,4,194870,False,Fuego,2,Fuego,A,minor,A minor
Estopa,2019-10-18,0.493,0.79,0,-5.091,1,0.0432,0.0105,2.13e-05,0.367,0.884,91.589,4,232920,False,Corazón Sin Salida,3,Fuego,C,major,C major
Estopa,2019-10-18,0.652,0.844,7,-4.983,1,0.0338,0.00395,2.11e-06,0.125,0.913,128.064,4,193093,False,Camiseta de Rokanrol,4,Fuego,G,major,G major
Estopa,2019-10-18,0.339,0.79,7,-6.454,1,0.0391,0.018,0.000214,0.0707,0.495,93.009,4,193453,False,Despertar,5,Fuego,G,major,G major
Estopa,2019-10-18,0.748,0.622,11,-7.496,0,0.0443,0.0582,0.00026,0.33,0.609,97.021,4,208054,False,Pobre Siri,6,Fuego,B,minor,B minor
Estopa,2019-10-18,0.545,0.835,4,-5.365,0,0.1,0.0537,7.8e-05,0.256,0.73,172.899,4,201793,False,La Rueda de la Fortuna,7,Fuego,E,minor,E minor
Estopa,2019-10-18,0.571,0.936,0,-3.817,1,0.0763,3.94e-05,0.234,0.0389,0.558,100.009,4,256869,False,Yo No Estoy Loco,8,Fuego,C,major,C major
Estopa,2019-10-18,0.586,0.461,9,-8.791,0,0.0574,0.665,0.0,0.102,0.234,83.016,4,184720,False,El Último Renglón,9,Fuego,A,minor,A minor
Estopa,2019-10-18,0.756,0.8,0,-5.964,1,0.0324,0.297,0.000358,0.119,0.913,132.009,4,242013,False,Escrita en la Frente,10,Fuego,C,major,C major
Estopa,2019-10-18,0.675,0.717,0,-5.834,1,0.0288,0.0177,1.49e-06,0.105,0.442,120.984,4,175433,False,La Serpiente y la Luna,11,Fuego,C,major,C major
Estopa,2019-10-18,0.668,0.731,11,-4.633,0,0.0346,0.0227,4.31e-06,0.109,0.473,120.024,4,183680,False,Los Globos,12,Fuego,B,minor,B minor
Estopa,2016-05-20,0.715,0.868,9,-6.219,0,0.0974,0.326,0.0,0.863,0.889,97.547,4,203000,False,Por la Raja de Tu Falda,1,Esencial Estopa,A,minor,A minor
Estopa,2016-05-20,0.495,0.822,11,-5.986,0,0.167,0.216,0.0,0.1,0.726,91.069,4,209600,False,Tragicomedia,2,Esencial Estopa,B,minor,B minor
Estopa,2016-05-20,0.708,0.759,9,-6.352,0,0.0551,0.386,2.38e-06,0.293,0.545,97.519,4,200333,False,La Primavera,3,Esencial Estopa,A,minor,A minor
Estopa,2016-05-20,0.427,0.94,7,-3.511,0,0.135,0.281,0.0,0.113,0.636,87.306,4,198306,False,Cuando Amanece,4,Esencial Estopa,G,minor,G minor
Estopa,2016-05-20,0.572,0.715,4,-6.714,1,0.064,0.178,0.0,0.284,0.464,94.127,4,196906,False,Pastillas para Dormir,5,Esencial Estopa,E,major,E major
Estopa,2016-05-20,0.71,0.838,4,-5.993,0,0.0393,0.115,3.25e-05,0.376,0.834,92.005,4,201333,False,No Quiero Verla Más,6,Esencial Estopa,E,minor,E minor
Estopa,2016-05-20,0.703,0.931,7,-3.737,1,0.103,0.387,0.0,0.0415,0.808,92.508,4,197466,False,Vino Tinto,7,Esencial Estopa,G,major,G major
Estopa,2016-05-20,0.641,0.611,11,-7.177,0,0.0328,0.171,1.77e-05,0.0973,0.529,142.753,4,196480,False,Exiliado en el Lavabo,8,Esencial Estopa,B,minor,B minor
Estopa,2016-05-20,0.713,0.895,7,-6.097,1,0.24,0.0739,0.0,0.0832,0.671,100.109,4,217586,False,Fuente de Energia,9,Esencial Estopa,G,major,G major
Estopa,2016-05-20,0.492,0.889,0,-5.003,1,0.161,0.184,0.000277,0.343,0.495,124.855,4,218400,False,Me Falta el Aliento,10,Esencial Estopa,C,major,C major
Estopa,2016-05-20,0.686,0.879,4,-5.11,0,0.0651,0.652,0.0,0.107,0.661,90.491,4,227146,False,Luna Lunera,11,Esencial Estopa,E,minor,E minor
Estopa,2016-05-20,0.494,0.776,11,-6.324,0,0.0838,0.332,0.0,0.111,0.735,131.125,4,222880,False,Demonios,12,Esencial Estopa,B,minor,B minor
Estopa,2016-05-20,0.814,0.747,9,-9.653,0,0.156,0.274,0.0,0.115,0.966,94.991,4,207546,False,Que Suerte la Mía,13,Esencial Estopa,A,minor,A minor
Estopa,2016-05-20,0.727,0.859,8,-3.748,1,0.0411,0.0464,3.67e-06,0.0886,0.906,97.025,4,184920,False,Cuerpo Triste,14,Esencial Estopa,G#,major,G# major
Estopa,2016-05-20,0.79,0.765,8,-7.974,0,0.0591,0.266,4.45e-06,0.0921,0.826,97.515,4,196613,False,Cuando Cae la Luna,15,Esencial Estopa,G#,minor,G# minor
Estopa,2016-05-20,0.548,0.691,7,-4.211,1,0.12,0.183,0.0,0.104,0.647,111.754,4,205826,False,Pastillas de Freno,1,Esencial Estopa,G,major,G major
Estopa,2016-05-20,0.533,0.682,1,-5.303,1,0.0993,0.514,0.0,0.0801,0.605,130.125,4,234626,False,Partiendo la Pana,2,Esencial Estopa,C#,major,C# major
Estopa,2016-05-20,0.818,0.744,7,-5.84,1,0.0337,0.3,0.00271,0.107,0.658,132.036,4,251200,False,Hemicraneal,3,Esencial Estopa,G,major,G major
Estopa,2016-05-20,0.647,0.815,0,-7.243,1,0.0776,0.472,7.86e-05,0.667,0.731,97.532,4,203400,False,Estatua de Sal,4,Esencial Estopa,C,major,C major
Estopa,2016-05-20,0.649,0.831,4,-5.386,0,0.0568,0.327,0.0,0.239,0.628,155.929,4,196893,False,Me Quedaré,5,Esencial Estopa,E,minor,E minor
Estopa,2016-05-20,0.428,0.944,9,-4.039,0,0.0791,0.0793,0.000341,0.149,0.712,160.223,4,149626,False,Cacho a Cacho,6,Esencial Estopa,A,minor,A minor
Estopa,2016-05-20,0.469,0.901,9,-6.7,0,0.0426,0.0623,3.74e-05,0.41,0.852,105.148,4,207120,False,Malabares,7,Esencial Estopa,A,minor,A minor
Estopa,2016-05-20,0.701,0.812,0,-5.392,0,0.0401,0.69,3.72e-05,0.253,0.823,129.967,4,203986,False,El Run Run (with Rosario),8,Esencial Estopa,C,minor,C minor
Estopa,2016-05-20,0.71,0.489,9,-6.14,0,0.0436,0.422,0.0,0.496,0.456,133.889,4,170880,False,Ya No Me Acuerdo,9,Esencial Estopa,A,minor,A minor
Estopa,2016-05-20,0.459,0.869,9,-4.562,0,0.0595,0.199,2.99e-06,0.171,0.783,124.793,4,203213,False,Como Camarón,10,Esencial Estopa,A,minor,A minor
Estopa,2016-05-20,0.705,0.83,9,-8.046,1,0.0516,0.414,1.04e-06,0.199,0.963,98.072,4,193000,False,Vacaciones,11,Esencial Estopa,A,major,A major
Estopa,2016-05-20,0.697,0.895,11,-4.49,0,0.0853,0.238,0.0,0.111,0.928,95.028,4,206240,False,Nasío pa la Alegria,12,Esencial Estopa,B,minor,B minor
Estopa,2016-05-20,0.686,0.61,2,-6.295,0,0.036,0.651,5.33e-05,0.105,0.486,90.951,4,182586,False,Era,13,Esencial Estopa,D,minor,D minor
Estopa,2016-05-20,0.556,0.888,9,-5.912,0,0.0651,0.136,0.0,0.312,0.562,90.44,4,227826,False,El del Medio de los Chichos,14,Esencial Estopa,A,minor,A minor
Estopa,2016-05-20,0.76,0.88,9,-5.942,0,0.0715,0.0468,0.0,0.0873,0.858,99.971,4,181586,False,Fin de Semana,15,Esencial Estopa,A,minor,A minor
Estopa,2015-10-02,0.637,0.922,7,-5.446,1,0.0816,0.0035,1.11e-05,0.116,0.467,97.444,4,242280,False,Nadie Sabe,1,Rumba a Lo Desconocido,G,major,G major
Estopa,2015-10-02,0.6,0.677,4,-7.742,1,0.0811,0.206,0.0,0.167,0.416,93.988,4,197800,False,Pastillas para Dormir,2,Rumba a Lo Desconocido,E,major,E major
Estopa,2015-10-02,0.651,0.819,0,-7.381,1,0.0738,0.574,0.000124,0.578,0.727,97.529,4,203240,False,Estatua de Sal,3,Rumba a Lo Desconocido,C,major,C major
Estopa,2015-10-02,0.682,0.594,4,-8.877,0,0.0294,0.139,0.00304,0.116,0.637,129.983,4,281333,False,Ando Buscando,4,Rumba a Lo Desconocido,E,minor,E minor
Estopa,2015-10-02,0.749,0.803,6,-6.217,0,0.0859,0.292,5.67e-06,0.104,0.828,95.879,4,192213,False,Gafas de Rosa,5,Rumba a Lo Desconocido,F#,minor,F# minor
Estopa,2015-10-02,0.407,0.749,7,-7.177,1,0.0696,0.0585,1.87e-06,0.196,0.703,180.124,4,261773,False,Con el Viento,6,Rumba a Lo Desconocido,G,major,G major
Estopa,2015-10-02,0.705,0.747,9,-7.602,0,0.0784,0.451,0.0143,0.125,0.349,96.06,4,222560,False,Se Me Olvida la Vida,7,Rumba a Lo Desconocido,A,minor,A minor
Estopa,2015-10-02,0.647,0.741,11,-6.377,0,0.0445,0.0214,0.000563,0.0511,0.793,136.074,4,246013,False,Donde Va Mi Alma,8,Rumba a Lo Desconocido,B,minor,B minor
Estopa,2015-10-02,0.795,0.684,7,-9.199,1,0.0592,0.801,1.11e-05,0.238,0.596,130.105,4,218146,False,Mundo Marrón,9,Rumba a Lo Desconocido,G,major,G major
Estopa,2015-10-02,0.622,0.854,7,-5.172,1,0.0439,0.00883,0.000647,0.311,0.734,146.994,4,190333,False,Corona de Espinas,10,Rumba a Lo Desconocido,G,major,G major
Estopa,2015-10-02,0.68,0.804,9,-4.616,0,0.0468,0.0483,0.0,0.065,0.935,139.968,4,188573,False,Tonto,11,Rumba a Lo Desconocido,A,minor,A minor
Estopa,2015-10-02,0.79,0.804,7,-6.82,1,0.0381,0.455,0.000564,0.143,0.38,128.044,4,155106,False,Sin Sombrero,12,Rumba a Lo Desconocido,G,major,G major
Estopa,2014-02-17,0.473,0.874,9,-6.205,0,0.0824,0.632,0.0,0.95,0.58,127.188,4,220240,False,Como Camarón - Directo Acústico,1,Esto Es Estopa (Directo Acústico),A,minor,A minor
Estopa,2014-02-17,0.489,0.774,7,-7.942,1,0.0629,0.613,0.0,0.671,0.474,184.018,4,243013,False,Naturaleza - Directo Acústico,2,Esto Es Estopa (Directo Acústico),G,major,G major
Estopa,2014-02-17,0.665,0.907,0,-5.69,1,0.0428,0.177,0.0,0.732,0.721,94.446,4,233226,False,Tu Calorro (feat. Vicentico) - Directo Acústico,3,Esto Es Estopa (Directo Acústico),C,major,C major
Estopa,2014-02-17,0.581,0.688,9,-8.432,0,0.0455,0.325,1.12e-06,0.974,0.174,145.944,4,234093,False,Ahora - Directo Acústico,4,Esto Es Estopa (Directo Acústico),A,minor,A minor
Estopa,2014-02-17,0.499,0.837,4,-7.08,0,0.0433,0.102,1.49e-06,0.985,0.46,156.029,4,213746,False,Me Quedaré - Directo Acústico,5,Esto Es Estopa (Directo Acústico),E,minor,E minor
Estopa,2014-02-17,0.715,0.643,9,-8.243,0,0.0332,0.363,5.61e-05,0.779,0.677,138.082,4,235880,False,Ya No Me Acuerdo - Directo Acústico,6,Esto Es Estopa (Directo Acústico),A,minor,A minor
Estopa,2014-02-17,0.684,0.951,7,-5.979,1,0.0358,0.29,0.0,0.713,0.835,98.047,4,197546,False,Rumba Triste - Directo Acústico,7,Esto Es Estopa (Directo Acústico),G,major,G major
Estopa,2014-02-17,0.773,0.587,6,-9.239,0,0.0297,0.586,0.00937,0.905,0.528,122.025,4,246040,False,Cuando Tú Te Vas - Directo Acústico,8,Esto Es Estopa (Directo Acústico),F#,minor,F# minor
Estopa,2014-02-17,0.757,0.625,6,-7.701,0,0.0372,0.744,0.0,0.697,0.721,127.042,4,189133,False,El Run Run - Directo Acústico,9,Esto Es Estopa (Directo Acústico),F#,minor,F# minor
Estopa,2014-02-17,0.712,0.695,7,-8.169,1,0.0279,0.183,7.19e-05,0.99,0.362,126.002,4,260440,False,Hemicraneal - Directo Acústico,10,Esto Es Estopa (Directo Acústico),G,major,G major
Estopa,2014-02-17,0.494,0.748,4,-6.554,0,0.0391,0.135,1.76e-06,0.955,0.613,129.978,3,264040,False,Partiendo la Pana - Directo Acústico,11,Esto Es Estopa (Directo Acústico),E,minor,E minor
Estopa,2014-02-17,0.598,0.791,0,-6.157,1,0.0815,0.55,0.0,0.978,0.621,97.437,4,201080,False,La Primavera (feat. Lila Downs) - Directo Acústico,12,Esto Es Estopa (Directo Acústico),C,major,C major
Estopa,2014-02-17,0.562,0.939,11,-5.093,0,0.0806,0.232,0.0,0.673,0.753,176.128,4,231480,False,Vino Tinto - Directo Acústico,13,Esto Es Estopa (Directo Acústico),B,minor,B minor
Estopa,2014-02-17,0.543,0.65,9,-8.84,0,0.219,0.229,1.16e-05,0.968,0.44,91.349,3,260000,False,Me Falta el Aliento - Directo Acústico,14,Esto Es Estopa (Directo Acústico),A,minor,A minor
Estopa,2014-02-17,0.689,0.872,9,-6.427,0,0.0428,0.329,6.98e-06,0.961,0.809,97.508,4,273413,False,La Raja de Tu Falda (feat. Celso Piña) - Directo Acústico,15,Esto Es Estopa (Directo Acústico),A,minor,A minor
Estopa,2011-12-20,0.826,0.49,9,-8.328,1,0.086,0.0108,0.782,0.656,0.557,95.041,4,251053,False,Mañanitas 2.0 - Instrumental,1,2.0 (Instrumental),A,major,A major
Estopa,2011-12-20,0.661,0.546,9,-9.481,1,0.0707,0.111,0.649,0.0848,0.772,149.93,4,216840,False,Vacilon - Instrumental,2,2.0 (Instrumental),A,major,A major
Estopa,2011-12-20,0.547,0.684,4,-10.568,0,0.0387,0.0709,0.804,0.116,0.428,156.045,4,199493,False,Me quedare - Instrumental,3,2.0 (Instrumental),E,minor,E minor
Estopa,2011-12-20,0.643,0.818,2,-8.811,1,0.0437,0.0948,0.779,0.107,0.299,97.514,4,201626,False,La Primavera - Instrumental,4,2.0 (Instrumental),D,major,D major
Estopa,2011-12-20,0.706,0.552,2,-10.036,0,0.0353,0.0485,0.866,0.135,0.572,142.969,4,242920,False,Alma Animal - Instrumental,5,2.0 (Instrumental),D,minor,D minor
Estopa,2011-12-20,0.663,0.179,7,-16.882,0,0.0336,0.894,0.941,0.0585,0.0662,124.037,4,215000,False,Un Rincon De Mi Mundo - Instrumental,6,2.0 (Instrumental),G,minor,G minor
Estopa,2011-12-20,0.583,0.921,11,-9.6,0,0.0398,0.0185,0.739,0.102,0.548,102.968,4,206080,False,Rumba Sin Nombre - Instrumental,7,2.0 (Instrumental),B,minor,B minor
Estopa,2011-12-20,0.785,0.654,4,-9.202,0,0.0428,0.0384,0.858,0.0903,0.517,111.003,4,226000,False,La Bombillita - Instrumental,8,2.0 (Instrumental),E,minor,E minor
Estopa,2011-12-20,0.543,0.823,9,-9.645,0,0.0382,0.0214,0.793,0.493,0.138,98.031,4,182840,False,Estacion Del Olvido - Instrumental,9,2.0 (Instrumental),A,minor,A minor
Estopa,2011-12-20,0.781,0.692,5,-6.994,1,0.0419,0.0549,0.901,0.112,0.704,95.012,4,167120,False,Indecision O No - Instrumental,10,2.0 (Instrumental),F,major,F major
Estopa,2011-12-20,0.668,0.871,11,-7.532,0,0.0467,0.0308,0.802,0.114,0.542,97.494,4,208706,False,Empanados - Instrumental,11,2.0 (Instrumental),B,minor,B minor
Estopa,2011-12-20,0.299,0.611,9,-11.621,1,0.0693,0.00564,0.817,0.564,0.422,183.73,4,202000,False,La Locura - Instrumental,12,2.0 (Instrumental),A,major,A major
Estopa,2011-11-21,0.803,0.715,4,-6.277,0,0.114,0.145,2.15e-05,0.652,0.724,95.093,4,249226,False,Mañanitas 2.0,1,2.0,E,minor,E minor
Estopa,2011-11-21,0.752,0.633,9,-7.023,1,0.187,0.529,0.00381,0.0794,0.796,149.953,4,216426,False,Vacilón,2,2.0,A,major,A major
Estopa,2011-11-21,0.641,0.853,4,-4.76,0,0.0591,0.377,0.0,0.262,0.629,156.014,4,197293,False,Me Quedaré,3,2.0,E,minor,E minor
Estopa,2011-11-21,0.707,0.739,9,-6.774,0,0.058,0.411,6.94e-06,0.269,0.521,97.519,4,200480,False,La Primavera,4,2.0,A,minor,A minor
Estopa,2011-11-21,0.673,0.697,2,-6.041,0,0.0342,0.201,0.00193,0.34,0.68,143.005,4,240893,False,Alma Animal,5,2.0,D,minor,D minor
Estopa,2011-11-21,0.538,0.419,2,-12.536,0,0.142,0.799,0.000431,0.0489,0.162,123.973,4,211973,False,Un Rincón de Mi Mundo,6,2.0,D,minor,D minor
Estopa,2011-11-21,0.635,0.91,11,-5.186,0,0.064,0.338,5.27e-05,0.102,0.848,102.513,4,204040,False,Rumba Sin Nombre,7,2.0,B,minor,B minor
Estopa,2011-11-21,0.812,0.689,4,-6.623,0,0.0388,0.199,0.000131,0.0836,0.737,111.031,4,224666,False,La Bombillita,8,2.0,E,minor,E minor
Estopa,2011-11-21,0.641,0.854,9,-4.902,0,0.0585,0.252,8.25e-05,0.403,0.663,98.064,4,180960,False,Estación del Olvido,9,2.0,A,minor,A minor
Estopa,2011-11-21,0.824,0.754,10,-4.894,1,0.0855,0.199,0.00591,0.0913,0.841,95.007,4,165506,False,Indecisión o No,10,2.0,A#,major,A# major
Estopa,2011-11-21,0.691,0.935,11,-4.822,0,0.119,0.274,7.26e-06,0.462,0.718,97.519,4,207280,False,Empanados,11,2.0,B,minor,B minor
Estopa,2011-11-21,0.487,0.731,9,-5.229,1,0.193,0.0504,0.00336,0.592,0.694,184.871,4,200946,False,La Locura,12,2.0,A,major,A major
Estopa,2011-11-21,0.752,0.358,9,-12.096,1,0.152,0.846,0.000942,0.0979,0.891,150.136,4,196573,False,Vacilon - Version Acustica,13,2.0,A,major,A major
Estopa,2009-11-17,0.703,0.817,0,-5.392,0,0.0378,0.665,2.47e-05,0.287,0.813,129.946,4,205333,False,El Run Run (with Rosario),1,X Anniversarivm,C,minor,C minor
Estopa,2009-11-17,0.463,0.982,1,-4.534,1,0.115,0.0151,0.0,0.951,0.352,97.883,4,250013,False,Fuente de Energia (with El Canto del Loco),2,X Anniversarivm,C#,major,C# major
Estopa,2009-11-17,0.703,0.763,11,-6.425,0,0.0626,0.0868,0.0,0.516,0.801,92.002,4,197373,False,No Quiero Verlas Más (with Macaco),3,X Anniversarivm,B,minor,B minor
Estopa,2009-11-17,0.545,0.961,0,-4.437,1,0.257,0.0368,0.0,0.348,0.763,102.982,4,227466,False,Tu Calorro (with Muchachito Bombo Infierno),4,X Anniversarivm,C,major,C major
Estopa,2009-11-17,0.656,0.45,9,-9.433,0,0.124,0.752,0.0,0.137,0.388,133.834,4,169013,False,Ya No Me Acuerdo,5,X Anniversarivm,A,minor,A minor
Estopa,2009-11-17,0.382,0.843,9,-5.869,0,0.083,0.0247,0.0,0.0865,0.698,98.885,4,190866,False,Cacho a Cacho (with Rosendo),6,X Anniversarivm,A,minor,A minor
Estopa,2009-11-17,0.464,0.45,2,-8.581,0,0.351,0.682,0.0,0.106,0.0734,84.991,4,198213,False,Era (with Joan Manuel Serrat),7,X Anniversarivm,D,minor,D minor
Estopa,2009-11-17,0.701,0.797,8,-4.892,1,0.0532,0.127,2.22e-06,0.116,0.912,103.09,4,211026,False,Cuerpo Triste (with Ojos De Brujo),8,X Anniversarivm,G#,major,G# major
Estopa,2009-11-17,0.64,0.705,11,-6.272,0,0.123,0.104,1.31e-06,0.0615,0.77,128.699,4,259680,False,Demonios (with El Bicho),9,X Anniversarivm,B,minor,B minor
Estopa,2009-11-17,0.516,0.907,9,-4.942,0,0.0872,0.328,0.0,0.208,0.77,136.456,4,201706,False,Como Camarón (with Joaquín Sabina),10,X Anniversarivm,A,minor,A minor
Estopa,2009-11-17,0.491,0.849,4,-5.076,0,0.244,0.398,0.0,0.304,0.585,90.536,4,243973,False,Luna Lunera (with Chambao),11,X Anniversarivm,E,minor,E minor
Estopa,2009-11-17,0.658,0.886,9,-5.835,0,0.129,0.313,1.04e-05,0.081,0.68,90.589,4,227053,False,El del Medio de los Chichos (with Los Chichos),12,X Anniversarivm,A,minor,A minor
Estopa,2009-11-17,0.435,0.82,4,-5.11,0,0.0621,0.375,1.08e-05,0.968,0.217,128.133,4,297160,False,Tan Solo (with Albert Pla),13,X Anniversarivm,E,minor,E minor
Estopa,2009-11-17,0.69,0.699,7,-8.178,1,0.0319,0.239,7.12e-06,0.104,0.355,132.001,4,282000,False,Hemicraneal,1,X Anniversarivm,G,major,G major
Estopa,2009-11-17,0.534,0.921,10,-4.847,1,0.0506,0.0466,7.05e-05,0.124,0.706,90.038,3,205680,False,Cuando Amanece,2,X Anniversarivm,A#,major,A# major
Estopa,2009-11-17,0.594,0.865,6,-5.237,0,0.135,0.0172,1.2e-06,0.293,0.954,97.544,4,199266,False,Cuando Cae la Luna,3,X Anniversarivm,F#,minor,F# minor
Estopa,2009-11-17,0.441,0.886,0,-4.578,1,0.107,0.0475,0.000157,0.258,0.481,124.254,4,226506,False,Me Falta el Aliento,4,X Anniversarivm,C,major,C major
Estopa,2009-11-17,0.637,0.918,7,-5.297,1,0.0642,0.0125,0.0,0.146,0.6,92.484,4,194400,False,Vino Tinto,5,X Anniversarivm,G,major,G major
Estopa,2009-11-17,0.464,0.792,9,-5.33,0,0.0786,0.0762,0.0,0.133,0.898,97.618,4,202546,False,La Raja de Tu Falda,6,X Anniversarivm,A,minor,A minor
Estopa,2009-11-17,0.654,0.493,11,-7.52,0,0.0355,0.0571,0.00281,0.255,0.641,142.939,4,222440,False,Exiliado en el Lavabo,7,X Anniversarivm,B,minor,B minor
Estopa,2009-11-17,0.539,0.903,9,-6.06,0,0.0745,0.146,0.000126,0.244,0.699,105.141,4,224986,False,Malabares,8,X Anniversarivm,A,minor,A minor
Estopa,2009-11-17,0.548,0.93,4,-5.474,0,0.146,0.0996,2.03e-06,0.609,0.474,110.206,4,279480,False,Pastillas de Freno,9,X Anniversarivm,E,minor,E minor
Estopa,2009-11-17,0.778,0.921,4,-5.656,0,0.0541,0.142,0.0113,0.0766,0.804,101.995,4,260665,False,Descatalogando,10,X Anniversarivm,E,minor,E minor
Estopa,2009-11-17,0.584,0.789,2,-7.621,0,0.0291,0.226,0.238,0.12,0.162,149.952,4,257600,False,Era,11,X Anniversarivm,D,minor,D minor
Estopa,2008-02-22,0.513,0.952,7,-2.444,0,0.169,0.265,0.0,0.111,0.603,179.867,4,197920,False,Cuando Amanece,1,Allenrok,G,minor,G minor
Estopa,2008-02-22,0.717,0.853,8,-3.731,1,0.0417,0.0444,4.51e-06,0.114,0.894,96.975,4,183880,False,Cuerpo Triste,2,Allenrok,G#,major,G# major
Estopa,2008-02-22,0.696,0.558,2,-7.85,0,0.0437,0.711,0.000204,0.102,0.429,90.82,4,182480,False,Era,3,Allenrok,D,minor,D minor
Estopa,2008-02-22,0.549,0.958,9,-3.268,0,0.152,0.161,5.27e-06,0.0662,0.732,101.1,4,187573,False,Rumba Ke Tumba,4,Allenrok,A,minor,A minor
Estopa,2008-02-22,0.504,0.907,0,-4.443,1,0.0624,0.132,4.16e-05,0.106,0.815,132.146,4,221186,False,La Matraca,5,Allenrok,C,major,C major
Estopa,2008-02-22,0.705,0.815,7,-5.356,0,0.0643,0.195,0.000255,0.109,0.826,159.999,4,238400,False,Desempolvando,6,Allenrok,G,minor,G minor
Estopa,2008-02-22,0.756,0.958,4,-3.91,0,0.0637,0.299,3.16e-05,0.107,0.892,101.953,4,201986,False,Descatalogando,7,Allenrok,E,minor,E minor
Estopa,2008-02-22,0.816,0.74,7,-5.84,1,0.0332,0.316,0.0025,0.109,0.645,132.019,4,250173,False,Hemicraneal,8,Allenrok,G,major,G major
Estopa,2008-02-22,0.605,0.938,9,-2.915,0,0.139,0.0515,0.0,0.085,0.67,131.899,4,152000,False,Jugar al Despiste,9,Allenrok,A,minor,A minor
Estopa,2008-02-22,0.521,0.848,6,-4.997,0,0.161,0.477,0.000766,0.421,0.664,129.951,4,217786,False,El Run Run,10,Allenrok,F#,minor,F# minor
Estopa,2008-02-22,0.454,0.782,7,-4.001,1,0.326,0.086,8.76e-06,0.294,0.437,159.965,4,196893,False,Vientos de Tormenta,11,Allenrok,G,major,G major
Estopa,2008-02-22,0.616,3.09e-05,5,-6.52,1,0.467,0.54,1.06e-06,0.0878,0.252,155.575,4,617706,False,Pesadilla,12,Allenrok,F,major,F major
Estopa,2005-11-16,0.498,0.888,9,-7.424,0,0.0428,0.0631,4.92e-05,0.429,0.841,105.917,4,205706,False,Malabares,1,Voces de Ultrarumba,A,minor,A minor
Estopa,2005-11-16,0.806,0.757,9,-9.633,0,0.178,0.242,0.0,0.0946,0.966,95.02,4,207386,False,Que Suerte la Mía,2,Voces de Ultrarumba,A,minor,A minor
Estopa,2005-11-16,0.738,0.803,9,-9.14,1,0.0483,0.509,1.52e-05,0.163,0.968,98.016,4,192386,False,Vacaciones,3,Voces de Ultrarumba,A,major,A major
Estopa,2005-11-16,0.828,0.598,11,-10.814,0,0.0722,0.452,6.29e-05,0.0848,0.862,144.012,4,206453,False,Ninguna Parte,4,Voces de Ultrarumba,B,minor,B minor
Estopa,2005-11-16,0.802,0.66,9,-8.825,0,0.0355,0.227,5.62e-05,0.224,0.689,130.024,4,182333,False,Lunes,5,Voces de Ultrarumba,A,minor,A minor
Estopa,2005-11-16,0.652,0.413,9,-8.805,0,0.239,0.0799,1.58e-05,0.0749,0.847,120.072,4,217360,False,A Mi Me Gusta,6,Voces de Ultrarumba,A,minor,A minor
Estopa,2005-11-16,0.486,0.67,9,-8.88,0,0.11,0.162,0.0,0.103,0.824,94.82,4,205840,False,Gulere Gulere,7,Voces de Ultrarumba,A,minor,A minor
Estopa,2005-11-16,0.762,0.584,9,-8.831,0,0.0471,0.0904,3.13e-06,0.0874,0.859,139.877,4,195173,False,Monstruos,8,Voces de Ultrarumba,A,minor,A minor
Estopa,2005-11-16,0.756,0.708,4,-9.342,0,0.039,0.139,5.9e-05,0.383,0.915,91.953,4,201120,False,No Quiero Verla Más,9,Voces de Ultrarumba,E,minor,E minor
Estopa,2005-11-16,0.59,0.496,11,-10.426,0,0.066,0.515,0.0,0.129,0.768,133.62,4,235413,False,Ni pa Ti Ni pa Mí,10,Voces de Ultrarumba,B,minor,B minor
Estopa,2005-11-16,0.702,0.767,9,-8.917,1,0.0392,0.187,1.06e-05,0.147,0.913,97.537,4,183720,False,Fábricas de Sueños,11,Voces de Ultrarumba,A,major,A major
Estopa,2005-11-16,0.726,0.55,0,-9.676,1,0.0445,0.432,0.0,0.155,0.84,102.021,4,216440,False,Paseo,12,Voces de Ultrarumba,C,major,C major
Estopa,2004-02-24,0.75,0.843,9,-7.285,0,0.0698,0.0745,0.0,0.139,0.86,100.022,4,179306,False,Fin de Semana,1,La Calle Es Tuya?,A,minor,A minor
Estopa,2004-02-24,0.61,0.772,2,-7.193,1,0.0944,0.227,0.0,0.0916,0.719,145.209,4,185840,False,Apagón,2,La Calle Es Tuya?,D,major,D major
Estopa,2004-02-24,0.712,0.893,4,-6.558,0,0.192,0.0986,0.0,0.096,0.687,100.145,4,216600,False,Fuente de Energia,3,La Calle Es Tuya?,E,minor,E minor
Estopa,2004-02-24,0.737,0.813,11,-6.398,0,0.0395,0.294,0.00017,0.0585,0.842,102.015,4,190693,False,Penas Con Rumba,4,La Calle Es Tuya?,B,minor,B minor
Estopa,2004-02-24,0.818,0.683,9,-7.999,0,0.0693,0.136,7.63e-06,0.259,0.904,94.994,4,223786,False,Corazón Aerodinámico,5,La Calle Es Tuya?,A,minor,A minor
Estopa,2004-02-24,0.733,0.392,9,-8.906,0,0.0624,0.503,0.0,0.209,0.423,133.919,4,170053,False,Ya No Me Acuerdo,6,La Calle Es Tuya?,A,minor,A minor
Estopa,2004-02-24,0.737,0.702,7,-6.377,1,0.0457,0.025,0.0,0.269,0.762,97.982,4,220226,False,Estrella Fugaz,7,La Calle Es Tuya?,G,major,G major
Estopa,2004-02-24,0.805,0.893,9,-7.711,0,0.088,0.0977,0.0,0.159,0.787,97.005,4,193240,False,Tanta Tinta Tonta,8,La Calle Es Tuya?,A,minor,A minor
Estopa,2004-02-24,0.515,0.779,11,-7.005,0,0.231,0.25,0.0,0.112,0.697,88.188,4,209240,False,Tragicomedia,9,La Calle Es Tuya?,B,minor,B minor
Estopa,2004-02-24,0.747,0.559,6,-8.166,0,0.0438,0.0674,0.0,0.0716,0.766,90.038,4,210973,False,Necesito Medicación,10,La Calle Es Tuya?,F#,minor,F# minor
Estopa,2004-02-24,0.592,0.608,7,-6.15,1,0.157,0.219,0.0,0.127,0.604,111.808,4,204520,False,Pastillas de Freno,11,La Calle Es Tuya?,G,major,G major
Estopa,2004-02-24,0.79,0.778,11,-8.021,1,0.056,0.255,5.87e-06,0.18,0.829,97.522,4,196400,False,Cuando Cae la Luna,12,La Calle Es Tuya?,B,major,B major
Estopa,2002-04-01,0.698,0.929,7,-3.822,1,0.101,0.353,0.0,0.0311,0.791,92.463,4,198906,False,Vino Tinto,1,Más Destrangis,G,major,G major
Estopa,2002-04-01,0.687,0.863,4,-5.696,0,0.066,0.672,0.0,0.0979,0.647,90.511,4,228973,False,Luna Lunera,2,Más Destrangis,E,minor,E minor
Estopa,2002-04-01,0.675,0.772,11,-6.237,0,0.0423,0.435,0.0,0.12,0.54,133.89,4,207706,False,Destrangis in the Night,3,Más Destrangis,B,minor,B minor
Estopa,2002-04-01,0.497,0.751,11,-6.851,0,0.0731,0.326,0.0,0.1,0.708,131.113,4,224493,False,Demonios,4,Más Destrangis,B,minor,B minor
Estopa,2002-04-01,0.741,0.629,7,-6.728,1,0.0261,0.32,6.07e-06,0.126,0.662,110.08,4,223200,False,Jardin del Olvido,5,Más Destrangis,G,major,G major
Estopa,2002-04-01,0.495,0.941,11,-5.832,0,0.115,0.205,0.0,0.0573,0.718,91.168,4,192293,False,El Blade,6,Más Destrangis,B,minor,B minor
Estopa,2002-04-01,0.687,0.584,4,-6.882,0,0.0321,0.656,0.0,0.0803,0.369,129.094,4,248933,False,Te Vi Te Vi,7,Más Destrangis,E,minor,E minor
Estopa,2002-04-01,0.699,0.883,11,-4.917,0,0.0845,0.237,0.0,0.0974,0.922,95.028,4,207320,False,Nasío pa la Alegria,8,Más Destrangis,B,minor,B minor
Estopa,2002-04-01,0.376,0.935,9,-4.511,0,0.2,0.446,0.0,0.118,0.54,173.381,4,236226,False,Vuelvo a las Andadas,9,Más Destrangis,A,minor,A minor
Estopa,2002-04-01,0.746,0.927,4,-3.889,0,0.0996,0.151,0.0,0.0519,0.819,90.027,4,199626,False,Ke Pasa!?,10,Más Destrangis,E,minor,E minor
Estopa,2002-04-01,0.539,0.675,10,-5.474,0,0.0793,0.503,0.0,0.0983,0.626,130.946,4,240520,False,Partiendo la Pana,11,Más Destrangis,A#,minor,A# minor
Estopa,2002-04-01,0.602,0.579,2,-9.656,1,0.0734,0.767,0.0,0.342,0.798,136.841,4,96720,False,Mi Primera Cana,12,Más Destrangis,D,major,D major
Estopa,2002-04-01,0.488,0.953,11,-3.391,0,0.0973,0.364,0.0,0.966,0.699,140.22,4,267906,False,Ojitos Rojos - Directo,13,Más Destrangis,B,minor,B minor
Estopa,2002-04-01,0.275,0.803,0,-5.765,1,0.0494,0.0329,1.31e-06,0.469,0.539,166.855,4,188786,False,El Yonki (Directo),14,Más Destrangis,C,major,C major
Estopa,2002-04-01,0.367,0.745,9,-6.797,0,0.0347,0.0413,0.00333,0.983,0.155,97.704,4,290200,False,Madre (Directo),15,Más Destrangis,A,minor,A minor
Estopa,2002-04-01,0.453,0.822,7,-6.537,1,0.0745,0.0481,0.00277,0.223,0.726,122.569,4,178746,False,Quieto Parao,16,Más Destrangis,G,major,G major
Estopa,2001-10-23,0.694,0.935,7,-3.215,1,0.105,0.359,0.0,0.0324,0.797,92.478,4,198560,False,Vino Tinto,1,Destrangis,G,major,G major
Estopa,2001-10-23,0.687,0.87,4,-5.088,0,0.0666,0.646,0.0,0.102,0.611,90.487,4,229066,False,Luna Lunera,2,Destrangis,E,minor,E minor
Estopa,2001-10-23,0.673,0.788,11,-5.604,0,0.0398,0.431,0.0,0.117,0.54,133.932,4,207506,False,Destrangis in the Night,3,Destrangis,B,minor,B minor
Estopa,2001-10-23,0.496,0.772,11,-6.298,0,0.0864,0.312,0.0,0.108,0.711,131.113,4,224666,False,Demonios,4,Destrangis,B,minor,B minor
Estopa,2001-10-23,0.743,0.66,7,-6.076,1,0.026,0.33,7.24e-06,0.123,0.647,110.068,4,223160,False,Jardin del Olvido,5,Destrangis,G,major,G major
Estopa,2001-10-23,0.497,0.947,11,-5.25,0,0.112,0.2,0.0,0.0561,0.709,91.973,4,192533,False,El Blade,6,Destrangis,B,minor,B minor
Estopa,2001-10-23,0.69,0.606,4,-6.315,0,0.0335,0.673,0.0,0.0672,0.338,129.045,4,248906,False,Te Vi Te Vi,7,Destrangis,E,minor,E minor
Estopa,2001-10-23,0.702,0.907,11,-4.247,0,0.0719,0.254,0.0,0.122,0.927,95.02,4,207133,False,Nasío pa la Alegria,8,Destrangis,B,minor,B minor
Estopa,2001-10-23,0.377,0.944,9,-3.869,0,0.218,0.43,0.0,0.115,0.557,173.246,4,236200,False,Vuelvo a las Andadas,9,Destrangis,A,minor,A minor
Estopa,2001-10-23,0.744,0.934,4,-3.282,0,0.0947,0.155,0.0,0.0517,0.827,89.997,4,199693,False,Ke Pasa!?,10,Destrangis,E,minor,E minor
Estopa,2001-10-23,0.534,0.693,10,-4.893,0,0.0862,0.496,0.0,0.0961,0.605,130.904,4,240466,False,Partiendo la Pana,11,Destrangis,A#,minor,A# minor
Estopa,2001-10-23,0.607,0.597,2,-9.171,1,0.0649,0.822,0.0,0.349,0.825,134.598,4,96400,False,Mi Primera Cana,12,Destrangis,D,major,D major
Estopa,2001-10-23,0.487,0.959,11,-2.828,0,0.099,0.347,0.0,0.969,0.696,140.229,4,263906,False,Ojitos Rojos - Directo,13,Destrangis,B,minor,B minor
Estopa,1999-10-18,0.713,0.768,0,-9.115,1,0.0662,0.229,0.0,0.447,0.962,88.012,4,190626,False,Tu Calorro,1,Estopa,C,major,C major
Estopa,1999-10-18,0.759,0.722,9,-9.906,0,0.0765,0.323,0.0,0.719,0.928,97.518,4,202826,False,Por la Raja de Tu Falda,2,Estopa,A,minor,A minor
Estopa,1999-10-18,0.53,0.748,0,-9.731,1,0.112,0.204,0.000222,0.338,0.632,124.875,4,218173,False,Me Falta el Aliento,3,Estopa,C,major,C major
Estopa,1999-10-18,0.558,0.313,4,-11.935,0,0.0292,0.659,0.000551,0.158,0.229,132.044,4,270226,False,Tan Solo,4,Estopa,E,minor,E minor
Estopa,1999-10-18,0.592,0.798,0,-9.027,1,0.0565,0.297,0.0,0.164,0.639,141.882,4,182720,False,Poquito a Poco,5,Estopa,C,major,C major
Estopa,1999-10-18,0.777,0.621,9,-9.737,0,0.0319,0.47,0.0,0.0969,0.936,126.036,4,194973,False,Suma y Sigue,6,Estopa,A,minor,A minor
Estopa,1999-10-18,0.603,0.842,9,-8.393,0,0.0466,0.14,0.0,0.199,0.741,90.447,4,227013,False,El del Medio de los Chichos,7,Estopa,A,minor,A minor
Estopa,1999-10-18,0.499,0.721,9,-9.615,0,0.0564,0.216,9.74e-06,0.295,0.843,140.4,4,202026,False,Como Camarón,8,Estopa,A,minor,A minor
Estopa,1999-10-18,0.69,0.434,11,-12.579,0,0.035,0.215,1.3e-05,0.0963,0.514,142.852,4,195840,False,Exiliado en el Lavabo,9,Estopa,B,minor,B minor
Estopa,1999-10-18,0.687,0.703,0,-8.448,1,0.148,0.0127,0.00465,0.0503,0.911,179.999,4,215013,False,Estopa,10,Estopa,C,major,C major
Estopa,1999-10-18,0.456,0.843,0,-8.682,1,0.0559,0.105,0.00176,0.0939,0.842,79.608,4,148746,False,Cacho a Cacho,11,Estopa,C,major,C major
Estopa,1999-10-18,0.931,0.429,9,-12.252,0,0.0684,0.275,0.0116,0.0833,0.96,120.023,4,196026,False,Bossanova,12,Estopa,A,minor,A minor
Dei V,2024-06-14,0.426,0.932,1,-4.39,0,0.264,0.429,1.89e-06,0.387,0.463,92.513,4,162798,True,David,1,Quién es Dei V?,C#,minor,C# minor
Dei V,2024-06-14,0.819,0.836,7,-3.713,0,0.0838,0.167,0.0,0.206,0.761,89.982,4,154277,True,Ticke (with YOVNGCHIMI),2,Quién es Dei V?,G,minor,G minor
Dei V,2024-06-14,0.671,0.635,9,-6.753,0,0.0884,0.424,9.31e-06,0.137,0.581,87.549,4,137471,True,VNKLF (with Foreign Teck),3,Quién es Dei V?,A,minor,A minor
Dei V,2024-06-14,0.818,0.865,7,-4.98,1,0.0741,0.651,8.58e-05,0.0835,0.626,106.993,4,157142,True,Hot (with Lunay),4,Quién es Dei V?,G,major,G major
Dei V,2024-06-14,0.756,0.754,5,-4.88,0,0.0815,0.179,1.42e-05,0.208,0.554,99.992,4,178691,True,X2,5,Quién es Dei V?,F,minor,F minor
Dei V,2024-06-14,0.579,0.719,1,-5.038,1,0.232,0.471,0.0,0.0697,0.496,89.844,4,131000,True,Mueve el QLO,6,Quién es Dei V?,C#,major,C# major
Dei V,2024-06-14,0.56,0.703,0,-5.776,1,0.324,0.508,0.0,0.31,0.608,92.897,4,189601,True,PPV (with De La Ghetto),7,Quién es Dei V?,C,major,C major
Dei V,2024-06-14,0.719,0.799,2,-4.641,1,0.0454,0.0467,2.73e-06,0.155,0.597,95.021,4,146000,True,Rapido (with Cris Mj),8,Quién es Dei V?,D,major,D major
Dei V,2024-06-14,0.751,0.762,10,-4.173,0,0.12,0.0975,4.96e-05,0.133,0.742,174.062,4,179392,True,Bellac@ (with Ryan Castro),9,Quién es Dei V?,A#,minor,A# minor
Dei V,2024-06-14,0.561,0.605,6,-6.741,1,0.289,0.623,0.000449,0.216,0.685,96.741,4,196036,True,Maña,10,Quién es Dei V?,F#,major,F# major
Dei V,2024-06-14,0.576,0.663,6,-6.811,0,0.0823,0.63,3.37e-05,0.123,0.427,104.752,4,164365,True,Martini,11,Quién es Dei V?,F#,minor,F# minor
Dei V,2024-06-14,0.704,0.804,0,-5.043,0,0.0752,0.184,3.77e-05,0.0963,0.477,94.024,4,164042,True,CLIMA (with Foreign Teck),12,Quién es Dei V?,C,minor,C minor
Dei V,2024-06-14,0.56,0.743,1,-4.181,1,0.33,0.48,0.0,0.666,0.709,98.589,4,162244,True,Quién es Dei V?,13,Quién es Dei V?,C#,major,C# major
Dei V,2024-06-14,0.712,0.723,1,-5.666,1,0.0911,0.382,0.0,0.118,0.695,159.968,4,173991,True,Narcotics (with Bryant Myers),14,Quién es Dei V?,C#,major,C# major
Dei V,2024-06-14,0.679,0.717,1,-3.489,0,0.171,0.296,0.0,0.0978,0.555,97.124,4,225154,True,Trending Remix (with Myke Towers),15,Quién es Dei V?,C#,minor,C# minor
Dei V,2024-06-14,0.636,0.824,7,-4.642,0,0.137,0.158,0.0,0.323,0.697,172.008,4,137733,True,Flavor Spicy,16,Quién es Dei V?,G,minor,G minor
Dei V,2021-10-08,0.805,0.792,7,-4.825,1,0.0504,0.118,0.0,0.0838,0.392,92.004,4,192933,True,Suerte,1,Yin Yang,G,major,G major
Dei V,2021-10-08,0.793,0.55,7,-6.756,0,0.164,0.469,1.05e-05,0.227,0.619,95.034,4,197253,True,Dame Lu,2,Yin Yang,G,minor,G minor
Dei V,2021-10-08,0.848,0.706,0,-4.558,1,0.11,0.0606,2.27e-06,0.109,0.959,79.997,4,187306,True,Se Contradice,3,Yin Yang,C,major,C major
Dei V,2021-10-08,0.811,0.788,1,-3.37,1,0.0656,0.0344,0.0,0.151,0.567,94.074,4,144840,True,Se Lo Que Quieres,4,Yin Yang,C#,major,C# major
Dei V,2021-10-08,0.734,0.529,8,-7.149,0,0.333,0.278,0.0,0.108,0.648,144.013,4,218573,True,Pablo & Chapo,5,Yin Yang,G#,minor,G# minor
Dei V,2021-10-08,0.423,0.758,5,-5.489,0,0.155,0.282,2.92e-06,0.194,0.617,130.418,4,228240,True,Puesto Pal Ticket,6,Yin Yang,F,minor,F minor
Dei V,2021-10-08,0.691,0.57,7,-5.494,0,0.363,0.288,0.0,0.118,0.448,94.763,4,179973,True,Corazon Frio,7,Yin Yang,G,minor,G minor
Dei V,2021-10-08,0.778,0.669,4,-5.05,0,0.281,0.0992,0.0,0.256,0.544,90.996,4,206013,True,Gang Shit,8,Yin Yang,E,minor,E minor
Dei V,2021-10-08,0.762,0.524,1,-7.649,0,0.334,0.106,0.0,0.0863,0.377,148.1,4,182253,True,Yin Yang,9,Yin Yang,C#,minor,C# minor
Bruno Mars,2021-11-12,0.696,0.553,1,-8.702,1,0.0759,0.097,3.91e-06,0.617,0.674,114.993,4,63060,False,Silk Sonic Intro,1,An Evening With Silk Sonic,C#,major,C# major
Bruno Mars,2021-11-12,0.586,0.616,5,-7.964,1,0.0324,0.182,0.0,0.0927,0.719,148.088,4,242096,False,Leave The Door Open,2,An Evening With Silk Sonic,F,major,F major
Bruno Mars,2021-11-12,0.783,0.627,2,-8.521,1,0.102,0.00756,0.0,0.0606,0.48,100.025,4,219389,False,Fly As Me,3,An Evening With Silk Sonic,D,major,D major
Bruno Mars,2021-11-12,0.651,0.703,0,-8.958,0,0.0816,0.0297,0.0,0.0608,0.647,140.051,4,249444,False,After Last Night (with Thundercat & Bootsy Collins),4,An Evening With Silk Sonic,C,minor,C minor
Bruno Mars,2021-11-12,0.627,0.618,2,-8.529,1,0.0437,0.0558,0.0,0.351,0.848,82.03,4,197442,False,Smokin Out The Window,5,An Evening With Silk Sonic,D,major,D major
Bruno Mars,2021-11-12,0.548,0.627,9,-8.949,1,0.0409,0.0471,0.0,0.285,0.493,143.994,4,255455,False,Put On A Smile,6,An Evening With Silk Sonic,A,major,A major
Bruno Mars,2021-11-12,0.836,0.622,1,-11.003,1,0.0946,0.00269,0.000566,0.335,0.892,102.015,4,165000,True,777,7,An Evening With Silk Sonic,C#,major,C# major
Bruno Mars,2021-11-12,0.708,0.598,5,-8.365,1,0.0291,0.037,0.0,0.17,0.698,112.027,4,203122,False,Skate,8,An Evening With Silk Sonic,F,major,F major
Bruno Mars,2021-11-12,0.711,0.605,6,-9.801,0,0.031,0.0396,2.29e-05,0.104,0.807,140.981,4,307014,False,Love's Train,9,An Evening With Silk Sonic,F#,minor,F# minor
Bruno Mars,2021-11-12,0.482,0.548,11,-9.946,1,0.0373,0.0363,2.28e-06,0.3,0.346,76.017,4,284870,False,Blast Off,10,An Evening With Silk Sonic,B,major,B major
Bruno Mars,2016-11-17,0.818,0.803,1,-4.282,1,0.0797,0.034,0.0,0.153,0.632,106.97,4,225983,False,24K Magic,1,24K Magic,C#,major,C# major
Bruno Mars,2016-11-17,0.571,0.539,5,-4.446,0,0.116,0.0208,0.0,0.125,0.727,202.103,4,186973,False,Chunky,2,24K Magic,F,minor,F minor
Bruno Mars,2016-11-17,0.853,0.871,8,-3.715,1,0.0851,0.0145,6.84e-05,0.198,0.863,124.021,4,210053,False,Perm,3,24K Magic,G#,major,G# major
Bruno Mars,2016-11-17,0.853,0.56,1,-4.961,1,0.0406,0.013,0.0,0.0944,0.86,134.066,4,206693,False,That's What I Like,4,24K Magic,C#,major,C# major
Bruno Mars,2016-11-17,0.578,0.574,2,-6.209,1,0.0454,0.196,0.0,0.083,0.301,174.152,4,261240,False,Versace on the Floor,5,24K Magic,D,major,D major
Bruno Mars,2016-11-17,0.552,0.733,3,-6.898,0,0.0933,0.0209,0.0,0.0858,0.643,143.56,4,198186,False,Straight up & Down,6,24K Magic,D#,minor,D# minor
Bruno Mars,2016-11-17,0.662,0.705,1,-6.56,0,0.0399,0.0392,2.38e-06,0.105,0.865,159.996,4,250080,False,Calling All My Lovelies,7,24K Magic,C#,minor,C# minor
Bruno Mars,2016-11-17,0.741,0.798,5,-5.342,0,0.0718,0.00781,0.0,0.0232,0.939,104.953,4,191000,False,Finesse,8,24K Magic,F,minor,F minor
Bruno Mars,2016-11-17,0.587,0.63,2,-6.054,1,0.0311,0.0389,0.0,0.35,0.433,76.97,4,281826,False,Too Good to Say Goodbye,9,24K Magic,D,major,D major
Bruno Mars,2012-12-07,0.561,0.749,6,-4.951,0,0.032,0.461,1.82e-06,0.205,0.501,125.986,4,228720,False,Young Girls,1,Unorthodox Jukebox,F#,minor,F# minor
Bruno Mars,2012-12-07,0.726,0.698,5,-4.165,1,0.0431,0.049,0.0,0.309,0.867,143.994,4,233478,False,Locked out of Heaven,2,Unorthodox Jukebox,F,major,F major
Bruno Mars,2012-12-07,0.717,0.544,7,-6.598,1,0.0371,0.445,5.16e-06,0.0973,0.641,139.959,4,244493,True,Gorilla,3,Unorthodox Jukebox,G,major,G major
Bruno Mars,2012-12-07,0.874,0.692,5,-5.28,0,0.0431,0.0412,7.24e-05,0.324,0.937,116.017,4,178560,True,Treasure,4,Unorthodox Jukebox,F,minor,F minor
Bruno Mars,2012-12-07,0.705,0.784,2,-4.351,1,0.0279,0.211,4.3e-06,0.0813,0.418,104.98,4,228573,False,Moonshine,5,Unorthodox Jukebox,D,major,D major
Bruno Mars,2012-12-07,0.612,0.28,0,-8.648,1,0.0434,0.932,0.0,0.088,0.387,72.795,4,213826,False,When I Was Your Man,6,Unorthodox Jukebox,C,major,C major
Bruno Mars,2012-12-07,0.76,0.733,7,-6.704,1,0.0504,0.15,0.0,0.0647,0.611,111.975,4,225026,False,Natalie,7,Unorthodox Jukebox,G,major,G major
Bruno Mars,2012-12-07,0.743,0.706,5,-5.728,1,0.0535,0.0461,0.0,0.204,0.514,77.989,4,207560,False,Show Me,8,Unorthodox Jukebox,F,major,F major
Bruno Mars,2012-12-07,0.754,0.677,0,-6.555,1,0.0709,0.0943,7.39e-05,0.153,0.78,93.022,4,203973,False,Money Make Her Smile,9,Unorthodox Jukebox,C,major,C major
Bruno Mars,2012-12-07,0.522,0.413,3,-5.86,1,0.0316,0.722,0.0,0.0854,0.49,175.972,3,132640,False,If I Knew,10,Unorthodox Jukebox,D#,major,D# major
Bruno Mars,2010-05-11,0.704,0.558,2,-7.273,0,0.0542,0.148,0.0,0.107,0.245,110.444,4,222091,False,Grenade,1,Doo-Wops & Hooligans,D,minor,D minor
Bruno Mars,2010-05-11,0.635,0.841,5,-5.379,1,0.0422,0.0134,0.0,0.0622,0.424,109.021,4,220734,False,Just the Way You Are,2,Doo-Wops & Hooligans,F,major,F major
Bruno Mars,2010-05-11,0.709,0.45,9,-8.267,0,0.0428,0.419,0.0,0.241,0.873,77.986,4,243004,False,Our First Time,3,Doo-Wops & Hooligans,A,minor,A minor
Bruno Mars,2010-05-11,0.658,0.762,10,-3.028,0,0.0425,0.263,0.0,0.127,0.823,163.864,4,148448,False,Runaway Baby,4,Doo-Wops & Hooligans,A#,minor,A# minor
Bruno Mars,2010-05-11,0.794,0.711,8,-5.124,0,0.0699,0.3,0.0,0.0955,0.955,174.915,4,189109,False,The Lazy Song,5,Doo-Wops & Hooligans,G#,minor,G# minor
Bruno Mars,2010-05-11,0.621,0.82,10,-4.865,1,0.0367,0.332,0.0,0.104,0.452,144.905,4,230192,False,Marry You,6,Doo-Wops & Hooligans,A#,major,A# major
Bruno Mars,2010-05-11,0.498,0.59,1,-4.721,0,0.032,0.511,0.0,0.107,0.0784,145.867,4,217866,False,Talking to the Moon,7,Doo-Wops & Hooligans,C#,minor,C# minor
Bruno Mars,2010-05-11,0.691,0.828,1,-3.909,0,0.0749,0.113,0.0,0.358,0.678,75.519,4,229383,False,Liquor Store Blues (feat. Damian Marley),8,Doo-Wops & Hooligans,C#,minor,C# minor
Bruno Mars,2010-05-11,0.589,0.389,0,-5.972,1,0.028,0.851,0.0,0.0772,0.501,89.1,4,197469,False,Count on Me,9,Doo-Wops & Hooligans,C,major,C major
Bruno Mars,2010-05-11,0.555,0.814,5,-3.927,0,0.0303,0.0993,3.7e-06,0.128,0.523,140.081,4,228346,False,The Other Side (feat. CeeLo Green and B.o.B),10,Doo-Wops & Hooligans,F,minor,F minor
Bruno Mars,2010-05-11,0.701,0.579,10,-5.659,1,0.0416,0.567,0.0,0.255,0.363,129.977,4,181691,False,Somewhere in Brooklyn,11,Doo-Wops & Hooligans,A#,major,A# major
Bruno Mars,2010-05-11,0.361,0.332,4,-6.472,1,0.0305,0.861,0.0,0.107,0.21,146.598,4,217753,False,Talking to the Moon - Acoustic Piano,12,Doo-Wops & Hooligans,E,major,E major
Drake,2023-11-17,0.402,0.514,1,-7.322,0,0.0471,0.106,0.0,0.181,0.2,120.009,4,251094,True,Virginia Beach,1,For All The Dogs Scary Hours Edition,C#,minor,C# minor
Drake,2023-11-17,0.646,0.605,0,-7.59,1,0.188,0.0636,0.0,0.253,0.309,90.156,3,141212,True,Amen (feat. Teezo Touchdown),2,For All The Dogs Scary Hours Edition,C,major,C major
Drake,2023-11-17,0.571,0.55,0,-6.567,1,0.106,0.0548,0.0,0.179,0.104,120.947,4,285630,True,Calling For You (feat. 21 Savage),3,For All The Dogs Scary Hours Edition,C,major,C major
Drake,2023-11-17,0.697,0.32,7,-9.347,0,0.214,0.0127,0.0,0.18,0.0658,136.976,4,155154,True,Fear Of Heights,4,For All The Dogs Scary Hours Edition,G,minor,G minor
Drake,2023-11-17,0.566,0.564,10,-7.88,0,0.277,0.0149,0.0,0.104,0.0667,139.92,4,164142,True,Daylight,5,For All The Dogs Scary Hours Edition,A#,minor,A# minor
Drake,2023-11-17,0.475,0.655,11,-7.342,0,0.33,0.0306,0.0,0.375,0.245,163.997,4,247444,True,First Person Shooter (feat. J. Cole),6,For All The Dogs Scary Hours Edition,B,minor,B minor
Drake,2023-11-17,0.673,0.672,8,-8.577,1,0.224,0.0466,0.000284,0.193,0.14,136.902,4,260111,True,IDGAF (feat. Yeat),7,For All The Dogs Scary Hours Edition,G#,major,G# major
Drake,2023-11-17,0.487,0.49,10,-9.373,0,0.0649,0.554,0.0,0.126,0.325,141.389,4,259846,True,7969 Santa,8,For All The Dogs Scary Hours Edition,A#,minor,A# minor
Drake,2023-11-17,0.483,0.408,5,-9.243,0,0.0502,0.508,0.0,0.259,0.105,88.88,3,310490,True,Slime You Out (feat. SZA),9,For All The Dogs Scary Hours Edition,F,minor,F minor
Drake,2023-11-17,0.626,0.309,1,-10.397,1,0.0433,0.85,1.31e-05,0.117,0.369,117.94,4,184089,True,Bahamas Promises,10,For All The Dogs Scary Hours Edition,C#,major,C# major
Drake,2023-11-17,0.57,0.295,8,-13.693,0,0.0445,0.837,0.0,0.167,0.231,84.139,3,209990,True,Tried Our Best,11,For All The Dogs Scary Hours Edition,G#,minor,G# minor
Drake,2023-11-17,0.823,0.642,1,-5.922,1,0.258,0.0644,0.714,0.105,0.629,146.781,4,112093,True,Screw The World - Interlude,12,For All The Dogs Scary Hours Edition,C#,major,C# major
Drake,2023-11-17,0.709,0.377,7,-11.327,1,0.219,0.334,0.0,0.176,0.147,127.921,4,262768,True,Drew A Picasso,13,For All The Dogs Scary Hours Edition,G,major,G major
Drake,2023-11-17,0.647,0.34,2,-8.795,0,0.0496,0.245,0.0,0.107,0.176,91.998,4,277720,True,Members Only (feat. PARTYNEXTDOOR),14,For All The Dogs Scary Hours Edition,D,minor,D minor
Drake,2023-11-17,0.832,0.555,10,-7.766,0,0.116,0.0506,0.0,0.213,0.473,95.618,4,182998,True,What Would Pluto Do,15,For All The Dogs Scary Hours Edition,A#,minor,A# minor
Drake,2023-11-17,0.572,0.406,0,-10.081,0,0.308,0.543,0.0,0.0982,0.226,125.019,4,218611,True,All The Parties (feat. Chief Keef),16,For All The Dogs Scary Hours Edition,C,minor,C minor
Drake,2023-11-17,0.567,0.682,4,-6.423,1,0.274,0.643,0.0,0.512,0.668,79.043,4,266847,True,8am in Charlotte,17,For All The Dogs Scary Hours Edition,E,major,E major
Drake,2023-11-17,0.502,0.391,4,-9.013,1,0.0428,0.845,0.0,0.112,0.574,132.819,4,161363,True,BBL Love - Interlude,18,For All The Dogs Scary Hours Edition,E,major,E major
Drake,2023-11-17,0.868,0.452,7,-6.825,0,0.304,0.0481,0.000182,0.133,0.241,107.538,4,133694,True,Gently (feat. Bad Bunny),19,For All The Dogs Scary Hours Edition,G,minor,G minor
Drake,2023-11-17,0.636,0.729,2,-4.495,1,0.055,0.0458,0.0,0.384,0.141,146.009,4,319191,True,Rich Baby Daddy (feat. Sexyy Red & SZA),20,For All The Dogs Scary Hours Edition,D,major,D major
Drake,2023-11-17,0.702,0.71,5,-5.003,0,0.0459,0.0144,0.0,0.144,0.282,158.129,4,170414,True,Another Late Night (feat. Lil Yachty),21,For All The Dogs Scary Hours Edition,F,minor,F minor
Drake,2023-11-17,0.848,0.625,1,-7.64,1,0.0587,0.0195,0.0,0.109,0.226,93.019,4,258592,True,Away From Home,22,For All The Dogs Scary Hours Edition,C#,major,C# major
Drake,2023-11-17,0.44,0.274,5,-14.464,0,0.0809,0.0924,3.37e-06,0.128,0.343,76.513,4,257180,True,Polar Opposites,23,For All The Dogs Scary Hours Edition,F,minor,F minor
Drake,2023-11-17,0.455,0.707,0,-5.765,1,0.179,0.155,0.0,0.132,0.393,114.47,5,160049,True,Red Button,1,For All The Dogs Scary Hours Edition,C,major,C major
Drake,2023-11-17,0.65,0.839,8,-4.428,0,0.18,0.572,7.12e-05,0.219,0.846,87.39,4,264130,True,Stories About My Brother,2,For All The Dogs Scary Hours Edition,G#,minor,G# minor
Drake,2023-11-17,0.354,0.79,4,-6.758,0,0.329,0.291,0.0,0.309,0.652,74.179,4,374025,True,The Shoe Fits,3,For All The Dogs Scary Hours Edition,E,minor,E minor
Drake,2023-11-17,0.476,0.926,2,-6.623,1,0.48,0.353,0.0,0.224,0.52,86.252,4,181428,True,Wick Man,4,For All The Dogs Scary Hours Edition,D,major,D major
Drake,2023-11-17,0.56,0.784,1,-5.304,1,0.301,0.0508,0.0,0.221,0.25,78.161,4,227692,True,Evil Ways (feat. J. Cole),5,For All The Dogs Scary Hours Edition,C#,major,C# major
Drake,2023-11-17,0.465,0.7,10,-5.163,0,0.0893,0.203,0.0,0.299,0.276,120.854,4,230709,True,You Broke My Heart,6,For All The Dogs Scary Hours Edition,A#,minor,A# minor
Drake,2023-10-06,0.402,0.514,1,-7.322,0,0.0471,0.106,0.0,0.181,0.2,120.009,4,251094,True,Virginia Beach,1,For All The Dogs,C#,minor,C# minor
Drake,2023-10-06,0.646,0.605,0,-7.59,1,0.188,0.0636,0.0,0.253,0.309,90.156,3,141212,True,Amen (feat. Teezo Touchdown),2,For All The Dogs,C,major,C major
Drake,2023-10-06,0.571,0.55,0,-6.567,1,0.106,0.0548,0.0,0.179,0.104,120.947,4,285630,True,Calling For You (feat. 21 Savage),3,For All The Dogs,C,major,C major
Drake,2023-10-06,0.697,0.32,7,-9.347,0,0.214,0.0127,0.0,0.18,0.0658,136.976,4,155154,True,Fear Of Heights,4,For All The Dogs,G,minor,G minor
Drake,2023-10-06,0.566,0.564,10,-7.88,0,0.277,0.0149,0.0,0.104,0.0667,139.92,4,164142,True,Daylight,5,For All The Dogs,A#,minor,A# minor
Drake,2023-10-06,0.475,0.655,11,-7.342,0,0.33,0.0306,0.0,0.375,0.245,163.997,4,247444,True,First Person Shooter (feat. J. Cole),6,For All The Dogs,B,minor,B minor
Drake,2023-10-06,0.673,0.672,8,-8.577,1,0.224,0.0466,0.000284,0.193,0.14,136.902,4,260111,True,IDGAF (feat. Yeat),7,For All The Dogs,G#,major,G# major
Drake,2023-10-06,0.487,0.49,10,-9.373,0,0.0649,0.554,0.0,0.126,0.325,141.389,4,259846,True,7969 Santa,8,For All The Dogs,A#,minor,A# minor
Drake,2023-10-06,0.483,0.408,5,-9.243,0,0.0502,0.508,0.0,0.259,0.105,88.88,3,310490,True,Slime You Out (feat. SZA),9,For All The Dogs,F,minor,F minor
Drake,2023-10-06,0.626,0.309,1,-10.397,1,0.0433,0.85,1.31e-05,0.117,0.369,117.94,4,184089,True,Bahamas Promises,10,For All The Dogs,C#,major,C# major
Drake,2023-10-06,0.57,0.295,8,-13.693,0,0.0445,0.837,0.0,0.167,0.231,84.139,3,209990,True,Tried Our Best,11,For All The Dogs,G#,minor,G# minor
Drake,2023-10-06,0.823,0.642,1,-5.922,1,0.258,0.0644,0.714,0.105,0.629,146.781,4,112093,True,Screw The World - Interlude,12,For All The Dogs,C#,major,C# major
Drake,2023-10-06,0.709,0.377,7,-11.327,1,0.219,0.334,0.0,0.176,0.147,127.921,4,262768,True,Drew A Picasso,13,For All The Dogs,G,major,G major
Drake,2023-10-06,0.647,0.34,2,-8.795,0,0.0496,0.245,0.0,0.107,0.176,91.998,4,277720,True,Members Only (feat. PARTYNEXTDOOR),14,For All The Dogs,D,minor,D minor
Drake,2023-10-06,0.832,0.555,10,-7.766,0,0.116,0.0506,0.0,0.213,0.473,95.618,4,182998,True,What Would Pluto Do,15,For All The Dogs,A#,minor,A# minor
Drake,2023-10-06,0.572,0.406,0,-10.081,0,0.308,0.543,0.0,0.0982,0.226,125.019,4,218611,True,All The Parties (feat. Chief Keef),16,For All The Dogs,C,minor,C minor
Drake,2023-10-06,0.567,0.682,4,-6.423,1,0.274,0.643,0.0,0.512,0.668,79.043,4,266847,True,8am in Charlotte,17,For All The Dogs,E,major,E major
Drake,2023-10-06,0.502,0.391,4,-9.013,1,0.0428,0.845,0.0,0.112,0.574,132.819,4,161363,True,BBL Love - Interlude,18,For All The Dogs,E,major,E major
Drake,2023-10-06,0.868,0.452,7,-6.825,0,0.304,0.0481,0.000182,0.133,0.241,107.538,4,133694,True,Gently (feat. Bad Bunny),19,For All The Dogs,G,minor,G minor
Drake,2023-10-06,0.636,0.729,2,-4.495,1,0.055,0.0458,0.0,0.384,0.141,146.009,4,319191,True,Rich Baby Daddy (feat. Sexyy Red & SZA),20,For All The Dogs,D,major,D major
Drake,2023-10-06,0.702,0.71,5,-5.003,0,0.0459,0.0144,0.0,0.144,0.282,158.129,4,170414,True,Another Late Night (feat. Lil Yachty),21,For All The Dogs,F,minor,F minor
Drake,2023-10-06,0.848,0.625,1,-7.64,1,0.0587,0.0195,0.0,0.109,0.226,93.019,4,258592,True,Away From Home,22,For All The Dogs,C#,major,C# major
Drake,2023-10-06,0.44,0.274,5,-14.464,0,0.0809,0.0924,3.37e-06,0.128,0.343,76.513,4,257180,True,Polar Opposites,23,For All The Dogs,F,minor,F minor
Drake,2022-11-04,0.549,0.518,4,-9.39,0,0.257,0.0517,1.21e-06,0.378,0.418,160.07,4,239359,True,Rich Flex,1,Her Loss,E,minor,E minor
Drake,2022-11-04,0.911,0.536,11,-10.491,1,0.33,0.0113,0.0,0.0697,0.231,131.035,4,170501,True,Major Distribution,2,Her Loss,B,major,B major
Drake,2022-11-04,0.842,0.367,9,-7.273,1,0.643,0.017,0.0,0.159,0.363,157.996,4,261543,True,On BS,3,Her Loss,A,major,A major
Drake,2022-11-04,0.85,0.427,5,-8.367,0,0.319,0.0467,0.0,0.373,0.457,142.162,4,152961,True,BackOutsideBoyz,4,Her Loss,F,minor,F minor
Drake,2022-11-04,0.933,0.602,5,-7.532,1,0.189,0.00326,0.0,0.128,0.65,144.041,4,160821,True,Privileged Rappers,5,Her Loss,F,major,F major
Drake,2022-11-04,0.763,0.72,7,-6.383,1,0.0447,0.00961,0.0,0.165,0.229,129.971,4,214588,True,Spin Bout U,6,Her Loss,G,major,G major
Drake,2022-11-04,0.476,0.406,6,-11.144,0,0.0758,0.24,0.0,0.141,0.12,136.947,4,399153,True,Hours In Silence,7,Her Loss,F#,minor,F# minor
Drake,2022-11-04,0.757,0.51,10,-7.352,0,0.329,0.0774,0.0,0.132,0.587,88.931,4,180098,True,Treacherous Twins,8,Her Loss,A#,minor,A# minor
Drake,2022-11-04,0.732,0.584,1,-8.525,1,0.076,0.00903,0.0,0.318,0.262,103.981,4,236795,True,Circo Loco,9,Her Loss,C#,major,C# major
Drake,2022-11-04,0.747,0.618,4,-6.685,0,0.111,0.061,0.0,0.377,0.377,122.09,4,242026,True,Pussy & Millions (feat. Travis Scott),10,Her Loss,E,minor,E minor
Drake,2022-11-04,0.644,0.533,2,-7.481,1,0.248,0.0113,4.89e-05,0.221,0.113,120.017,4,225439,True,Broke Boys,11,Her Loss,D,major,D major
Drake,2022-11-04,0.621,0.707,4,-5.844,0,0.355,0.158,0.0,0.394,0.255,76.21,4,356389,True,Middle of the Ocean,12,Her Loss,E,minor,E minor
Drake,2022-11-04,0.794,0.569,6,-6.424,0,0.275,0.227,0.0,0.235,0.311,99.031,4,137151,True,Jumbotron Shit Poppin,13,Her Loss,F#,minor,F# minor
Drake,2022-11-04,0.71,0.504,1,-6.63,1,0.261,0.033,0.000297,0.146,0.0729,82.452,4,221406,True,More M’s,14,Her Loss,C#,major,C# major
Drake,2022-11-04,0.515,0.706,1,-8.318,1,0.313,0.0571,1.75e-06,0.162,0.192,90.138,4,178328,True,3AM on Glenwood,15,Her Loss,C#,major,C# major
Drake,2022-11-04,0.281,0.319,4,-11.826,0,0.0605,0.499,7.03e-06,0.2,0.0519,81.714,4,263987,True,I Guess It’s Fuck Me,16,Her Loss,E,minor,E minor
Drake,2022-06-17,0.193,0.0218,0,-31.16,0,0.0389,0.955,0.88,0.117,0.213,125.501,3,36935,False,Intro,1,"Honestly, Nevermind",C,minor,C minor
Drake,2022-06-17,0.718,0.758,10,-8.29,1,0.0703,0.238,0.00653,0.11,0.349,118.989,4,266178,False,Falling Back,2,"Honestly, Nevermind",A#,major,A# major
Drake,2022-06-17,0.765,0.627,0,-4.607,1,0.0622,0.000916,0.195,0.0847,0.536,118.997,4,308820,False,Texts Go Green,3,"Honestly, Nevermind",C,major,C major
Drake,2022-06-17,0.883,0.283,0,-12.653,1,0.113,0.104,0.00167,0.0935,0.416,122.013,4,157390,False,Currents,4,"Honestly, Nevermind",C,major,C major
Drake,2022-06-17,0.6,0.482,1,-11.596,1,0.0701,0.512,0.000104,0.115,0.323,121.909,4,173097,True,A Keeper,5,"Honestly, Nevermind",C#,major,C# major
Drake,2022-06-17,0.826,0.276,11,-11.227,0,0.266,0.62,8.53e-05,0.118,0.484,123.985,4,129964,True,Calling My Name,6,"Honestly, Nevermind",B,minor,B minor
Drake,2022-06-17,0.853,0.495,6,-14.63,1,0.14,0.0917,0.000217,0.0844,0.0774,137.027,4,243227,True,Sticky,7,"Honestly, Nevermind",F#,major,F# major
Drake,2022-06-17,0.499,0.671,4,-6.774,0,0.0561,0.114,0.0169,0.148,0.0557,124.994,3,336924,False,Massive,8,"Honestly, Nevermind",E,minor,E minor
Drake,2022-06-17,0.593,0.41,3,-13.097,0,0.0531,0.886,0.0993,0.115,0.201,122.584,4,254407,False,Flight's Booked,9,"Honestly, Nevermind",D#,minor,D# minor
Drake,2022-06-17,0.502,0.645,2,-10.611,0,0.122,0.444,0.00964,0.107,0.518,109.739,4,202451,False,Overdrive,10,"Honestly, Nevermind",D,minor,D minor
Drake,2022-06-17,0.718,0.319,3,-11.261,1,0.0435,0.965,0.00036,0.0895,0.639,109.994,4,250864,False,Down Hill,11,"Honestly, Nevermind",D#,major,D# major
Drake,2022-06-17,0.775,0.688,4,-10.912,0,0.0593,0.0176,0.0917,0.108,0.284,120.017,4,336005,False,Tie That Binds,12,"Honestly, Nevermind",E,minor,E minor
Drake,2022-06-17,0.557,0.706,0,-6.592,1,0.0649,0.268,0.0,0.132,0.582,105.013,4,237932,True,Liability,13,"Honestly, Nevermind",C,major,C major
Drake,2022-06-17,0.529,0.673,0,-4.711,1,0.175,0.000307,2.41e-06,0.093,0.366,165.921,4,218364,True,Jimmy Cooks (feat. 21 Savage),14,"Honestly, Nevermind",C,major,C major
Drake,2021-09-03,0.423,0.667,6,-7.012,0,0.326,0.758,0.0,0.246,0.496,86.743,4,336511,True,Champagne Poetry,1,Certified Lover Boy,F#,minor,F# minor
Drake,2021-09-03,0.701,0.741,2,-6.157,1,0.313,0.112,0.0,0.699,0.588,140.177,4,178623,True,Papi’s Home,2,Certified Lover Boy,D,major,D major
Drake,2021-09-03,0.767,0.438,7,-8.726,0,0.29,0.181,0.0,0.142,0.381,86.975,4,221979,True,Girls Want Girls (with Lil Baby),3,Certified Lover Boy,G,minor,G minor
Drake,2021-09-03,0.686,0.385,7,-8.35,0,0.297,0.614,0.0,0.131,0.147,143.07,4,296568,True,In The Bible (with Lil Durk & Giveon),4,Certified Lover Boy,G,minor,G minor
Drake,2021-09-03,0.73,0.576,2,-5.442,1,0.287,0.354,3.59e-05,0.15,0.155,92.131,4,228461,True,Love All (with JAY-Z),5,Certified Lover Boy,D,major,D major
Drake,2021-09-03,0.666,0.465,1,-8.545,1,0.26,0.0503,0.0,0.215,0.292,167.937,4,291175,True,Fair Trade (with Travis Scott),6,Certified Lover Boy,C#,major,C# major
Drake,2021-09-03,0.803,0.597,11,-6.035,0,0.141,0.000619,4.5e-06,0.323,0.331,136.008,4,257604,True,Way 2 Sexy (with Future & Young Thug),7,Certified Lover Boy,B,minor,B minor
Drake,2021-09-03,0.568,0.56,9,-9.059,1,0.42,0.228,3.05e-06,0.39,0.246,130.019,4,308755,True,TSU,8,Certified Lover Boy,A,major,A major
Drake,2021-09-03,0.507,0.429,2,-7.726,1,0.326,0.0518,0.0,0.109,0.0744,91.0,3,273577,True,N 2 Deep,9,Certified Lover Boy,D,major,D major
Drake,2021-09-03,0.518,0.69,9,-6.15,1,0.107,0.128,0.0,0.176,0.59,77.837,4,205721,True,Pipe Down,10,Certified Lover Boy,A,major,A major
Drake,2021-09-03,0.476,0.161,8,-11.665,0,0.0407,0.967,0.0381,0.109,0.0908,119.614,4,133762,True,Yebba’s Heartbreak,11,Certified Lover Boy,G#,minor,G# minor
Drake,2021-09-03,0.84,0.744,1,-4.751,1,0.113,0.0181,0.0,0.629,0.171,83.737,4,204346,True,No Friends In The Industry,12,Certified Lover Boy,C#,major,C# major
Drake,2021-09-03,0.849,0.424,5,-9.579,0,0.324,0.0635,0.0,0.0834,0.153,145.887,4,242965,True,Knife Talk (with 21 Savage ft. Project Pat),13,Certified Lover Boy,F,minor,F minor
Drake,2021-09-03,0.724,0.531,5,-4.108,0,0.298,0.225,0.0,0.11,0.141,89.901,4,239635,True,7am On Bridle Path,14,Certified Lover Boy,F,minor,F minor
Drake,2021-09-03,0.488,0.635,10,-7.19,1,0.26,0.179,8.16e-06,0.156,0.783,174.072,4,269883,True,Race My Mind,15,Certified Lover Boy,A#,major,A# major
Drake,2021-09-03,0.843,0.485,10,-8.735,0,0.195,0.181,0.0675,0.107,0.689,100.053,4,192417,True,Fountains (with Tems),16,Certified Lover Boy,A#,minor,A# minor
Drake,2021-09-03,0.32,0.466,8,-6.77,1,0.0374,0.00645,0.0,0.133,0.338,177.693,3,229303,True,Get Along Better,17,Certified Lover Boy,G#,major,G# major
Drake,2021-09-03,0.519,0.851,7,-6.001,1,0.29,0.118,0.0,0.178,0.711,123.823,5,213103,True,You Only Live Twice (with Lil Wayne & Rick Ross),18,Certified Lover Boy,G,major,G major
Drake,2021-09-03,0.59,0.493,7,-8.704,0,0.0367,0.402,0.00504,0.129,0.0498,150.026,4,252378,True,IMY2 (with Kid Cudi),19,Certified Lover Boy,G,minor,G minor
Drake,2021-09-03,0.783,0.416,4,-9.84,0,0.135,0.213,0.0,0.103,0.165,87.073,4,245131,True,F*****g Fans,20,Certified Lover Boy,E,minor,E minor
Drake,2021-09-03,0.473,0.53,0,-8.506,1,0.249,0.812,6.92e-06,0.227,0.637,74.732,3,351220,True,The Remorse,21,Certified Lover Boy,C,major,C major
Drake,2020-05-01,0.473,0.824,7,-3.68,0,0.163,0.482,0.0,0.605,0.374,77.888,4,222928,True,Deep Pockets,1,Dark Lane Demo Tapes,G,minor,G minor
Drake,2020-05-01,0.41,0.82,1,-6.808,1,0.533,0.252,0.0,0.538,0.526,170.718,4,223124,True,When To Say When,2,Dark Lane Demo Tapes,C#,major,C# major
Drake,2020-05-01,0.735,0.449,10,-7.507,1,0.347,0.629,0.0,0.113,0.0397,122.947,4,220487,True,Chicago Freestyle (feat. Giveon),3,Dark Lane Demo Tapes,A#,major,A# major
Drake,2020-05-01,0.458,0.452,9,-9.299,0,0.047,0.342,1.94e-05,0.0703,0.316,86.318,4,269680,True,Not You Too (feat. Chris Brown),4,Dark Lane Demo Tapes,A,minor,A minor
Drake,2020-05-01,0.83,0.49,1,-8.82,0,0.209,0.289,3.04e-06,0.113,0.845,81.604,4,247058,True,Toosie Slide,5,Dark Lane Demo Tapes,C#,minor,C# minor
Drake,2020-05-01,0.812,0.506,5,-7.706,0,0.116,0.281,0.0,0.325,0.554,145.074,4,237945,True,Desires (with Future),6,Dark Lane Demo Tapes,F,minor,F minor
Drake,2020-05-01,0.864,0.477,10,-5.786,1,0.224,0.201,0.0,0.182,0.5,86.46,4,192931,True,Time Flies,7,Dark Lane Demo Tapes,A#,major,A# major
Drake,2020-05-01,0.881,0.636,7,-4.629,1,0.287,0.00606,0.0,0.111,0.715,163.949,4,152195,True,Landed,8,Dark Lane Demo Tapes,G,major,G major
Drake,2020-05-01,0.718,0.706,1,-5.709,1,0.06,0.0128,0.0,0.352,0.815,170.004,4,189176,True,D4L,9,Dark Lane Demo Tapes,C#,major,C# major
Drake,2020-05-01,0.825,0.373,5,-5.532,0,0.108,0.163,0.0,0.368,0.12,77.271,4,149077,True,Pain 1993 (with Playboi Carti),10,Dark Lane Demo Tapes,F,minor,F minor
Drake,2020-05-01,0.551,0.57,1,-7.385,0,0.351,0.28,0.0,0.424,0.505,85.687,4,271183,True,Losses,11,Dark Lane Demo Tapes,C#,minor,C# minor
Drake,2020-05-01,0.787,0.477,6,-7.837,0,0.199,0.768,0.0,0.104,0.476,80.506,4,234782,True,From Florida With Love,12,Dark Lane Demo Tapes,F#,minor,F# minor
Drake,2020-05-01,0.543,0.766,0,-3.387,0,0.343,0.423,0.0,0.155,0.729,106.869,3,204805,True,Demons (feat. Fivio Foreign & Sosa Geek),13,Dark Lane Demo Tapes,C,minor,C minor
Drake,2020-05-01,0.749,0.792,10,-4.151,0,0.0826,0.292,0.0,0.109,0.239,144.064,4,180000,True,War,14,Dark Lane Demo Tapes,A#,minor,A# minor
Drake,2019-08-02,0.423,0.587,6,-6.635,1,0.529,0.765,0.0,0.114,0.33,180.331,4,253803,True,Dreams Money Can Buy,1,Care Package,F#,major,F# major
Drake,2019-08-02,0.631,0.788,4,-7.142,0,0.102,0.371,0.000317,0.108,0.544,157.769,4,240956,True,The Motion,2,Care Package,E,minor,E minor
Drake,2019-08-02,0.789,0.404,1,-8.364,1,0.23,0.205,0.0,0.219,0.472,122.062,4,235566,True,How Bout Now,3,Care Package,C#,major,C# major
Drake,2019-08-02,0.421,0.539,11,-5.456,0,0.274,0.779,0.0,0.111,0.523,89.177,3,281518,True,Trust Issues,4,Care Package,B,minor,B minor
Drake,2019-08-02,0.733,0.361,1,-11.129,1,0.135,0.348,0.000285,0.0942,0.0361,94.902,4,353697,True,Days in The East,5,Care Package,C#,major,C# major
Drake,2019-08-02,0.673,0.81,8,-3.793,1,0.36,0.0322,0.0,0.133,0.564,166.084,4,266325,True,Draft Day,6,Care Package,G#,major,G# major
Drake,2019-08-02,0.743,0.66,4,-4.802,0,0.418,0.115,0.0,0.101,0.549,192.031,4,240217,True,4pm in Calabasas,7,Care Package,E,minor,E minor
Drake,2019-08-02,0.555,0.88,11,-4.325,0,0.265,0.0678,0.0,0.0723,0.391,87.195,4,205264,True,5 Am in Toronto,8,Care Package,B,minor,B minor
Drake,2019-08-02,0.477,0.501,11,-9.178,0,0.0398,0.706,5.61e-06,0.0953,0.689,81.376,4,253561,False,I Get Lonely,9,Care Package,B,minor,B minor
Drake,2019-08-02,0.549,0.495,6,-5.661,0,0.133,0.603,7.26e-06,0.0979,0.385,81.012,4,294650,True,My Side,10,Care Package,F#,minor,F# minor
Drake,2019-08-02,0.498,0.844,2,-2.834,1,0.268,0.0111,0.0,0.102,0.282,88.435,4,254022,True,Jodeci Freestyle (feat. J. Cole),11,Care Package,D,major,D major
Drake,2019-08-02,0.338,0.729,6,-6.419,0,0.102,0.758,3.24e-05,0.18,0.543,184.174,4,283816,True,Club Paradise,12,Care Package,F#,minor,F# minor
Drake,2019-08-02,0.508,0.748,1,-4.997,1,0.33,0.281,0.0,0.168,0.225,100.414,3,252884,True,Free Spirit (feat. Rick Ross),13,Care Package,C#,major,C# major
Drake,2019-08-02,0.641,0.454,5,-8.344,0,0.133,0.179,0.000116,0.065,0.302,78.036,4,343455,True,Heat Of The Moment,14,Care Package,F,minor,F minor
Drake,2019-08-02,0.619,0.489,11,-11.25,0,0.46,0.782,0.0,0.106,0.328,126.046,4,225011,True,Girls Love Beyoncé (feat. James Fauntleroy),15,Care Package,B,minor,B minor
Drake,2019-08-02,0.505,0.494,10,-8.635,0,0.315,0.414,7.98e-05,0.105,0.141,171.978,4,251239,True,Paris Morton Music,16,Care Package,A#,minor,A# minor
Drake,2019-08-02,0.643,0.178,4,-8.56,0,0.0588,0.484,0.0108,0.122,0.0674,85.042,4,189289,True,Can I,17,Care Package,E,minor,E minor
Drake,2018-06-29,0.555,0.596,9,-9.09,0,0.375,0.133,0.0,0.123,0.145,77.324,4,136186,True,Survival,1,Scorpion,A,minor,A minor
Drake,2018-06-29,0.912,0.412,7,-8.074,1,0.123,0.0165,0.0126,0.104,0.423,154.983,4,238614,True,Nonstop,2,Scorpion,G,major,G major
Drake,2018-06-29,0.758,0.474,1,-8.72,1,0.147,0.0152,0.0,0.116,0.0542,76.061,4,184960,True,Elevate,3,Scorpion,C#,major,C# major
Drake,2018-06-29,0.414,0.677,1,-5.12,1,0.254,0.0248,0.0,0.0793,0.0853,172.521,4,302173,True,Emotionless,4,Scorpion,C#,major,C# major
Drake,2018-06-29,0.754,0.449,7,-9.211,1,0.109,0.0332,8.29e-05,0.552,0.357,77.169,4,198973,True,God's Plan,5,Scorpion,G,major,G major
Drake,2018-06-29,0.899,0.586,11,-7.866,0,0.343,0.279,0.0,0.0836,0.492,150.002,4,214466,True,I'm Upset,6,Scorpion,B,minor,B minor
Drake,2018-06-29,0.527,0.689,2,-7.87,1,0.741,0.161,0.0,0.498,0.31,170.538,4,195720,True,8 Out Of 10,7,Scorpion,D,major,D major
Drake,2018-06-29,0.754,0.575,4,-8.393,0,0.0682,0.045,0.00131,0.276,0.491,86.009,4,205146,True,Mob Ties,8,Scorpion,E,minor,E minor
Drake,2018-06-29,0.761,0.598,10,-7.249,0,0.182,0.126,0.0,0.0839,0.446,173.897,4,163974,True,Can’t Take A Joke,9,Scorpion,A#,minor,A# minor
Drake,2018-06-29,0.486,0.849,1,-5.432,1,0.246,0.0481,0.0,0.143,0.519,152.086,4,216333,True,Sandra’s Rose,10,Scorpion,C#,major,C# major
Drake,2018-06-29,0.758,0.491,11,-9.877,1,0.138,0.00354,6.5e-06,0.292,0.334,140.121,4,223240,True,Talk Up (feat. Jay-Z),11,Scorpion,B,major,B major
Drake,2018-06-29,0.708,0.547,1,-7.607,1,0.314,0.727,0.0,0.159,0.549,83.8,4,226906,True,Is There More,12,Scorpion,C#,major,C# major
Drake,2018-06-29,0.687,0.218,9,-13.539,0,0.0388,0.85,0.000125,0.106,0.269,91.991,4,206026,True,Peak,1,Scorpion,A,minor,A minor
Drake,2018-06-29,0.776,0.482,1,-11.269,1,0.0357,0.477,0.0456,0.11,0.134,136.008,4,247893,False,Summer Games,2,Scorpion,C#,major,C# major
Drake,2018-06-29,0.764,0.271,0,-5.697,1,0.0414,0.037,0.0,0.175,0.0371,116.019,4,262453,True,Jaded,3,Scorpion,C,major,C major
Drake,2018-06-29,0.585,0.909,8,-6.474,1,0.0707,0.0891,9.7e-05,0.119,0.758,93.372,4,210746,True,Nice For What,4,Scorpion,G#,major,G# major
Drake,2018-06-29,0.807,0.319,0,-8.152,0,0.0581,0.133,0.000338,0.101,0.299,94.992,4,182080,False,Finesse,5,Scorpion,C,minor,C minor
Drake,2018-06-29,0.657,0.571,2,-12.519,1,0.139,0.11,0.00123,0.0735,0.622,167.958,4,207306,True,Ratchet Happy Birthday,6,Scorpion,D,major,D major
Drake,2018-06-29,0.85,0.473,10,-5.747,0,0.209,0.117,0.0103,0.108,0.38,85.454,4,157605,True,That’s How You Feel,7,Scorpion,A#,minor,A# minor
Drake,2018-06-29,0.889,0.372,7,-10.254,0,0.357,0.013,0.0,0.184,0.123,133.997,4,162800,True,Blue Tint,8,Scorpion,G,minor,G minor
Drake,2018-06-29,0.835,0.626,1,-5.833,1,0.125,0.0589,6e-05,0.396,0.35,91.03,4,217925,True,In My Feelings,9,Scorpion,C#,major,C# major
Drake,2018-06-29,0.822,0.318,10,-12.391,1,0.0575,0.493,0.0128,0.11,0.138,102.998,4,245786,False,Don’t Matter To Me (with Michael Jackson),10,Scorpion,A#,major,A# major
Drake,2018-06-29,0.687,0.429,2,-13.075,1,0.192,0.0407,0.0,0.142,0.336,141.966,4,289560,True,After Dark (feat. Static Major & Ty Dolla $ign),11,Scorpion,D,major,D major
Drake,2018-06-29,0.5,0.449,0,-10.977,1,0.442,0.422,7.96e-06,0.115,0.104,144.206,1,219960,True,Final Fantasy,12,Scorpion,C,major,C major
Drake,2018-06-29,0.558,0.414,10,-7.355,0,0.358,0.405,0.0,0.36,0.318,127.094,4,309560,True,March 14,13,Scorpion,A#,minor,A# minor
Drake,2017-03-18,0.736,0.491,10,-6.892,0,0.439,0.0681,0.0,0.571,0.203,141.979,4,218673,True,Free Smoke,1,More Life,A#,minor,A# minor
Drake,2017-03-18,0.913,0.608,10,-6.839,0,0.234,0.0671,0.0,0.533,0.578,97.063,4,149568,True,No Long Talk,2,More Life,A#,minor,A# minor
Drake,2017-03-18,0.809,0.463,11,-11.377,1,0.0396,0.256,0.085,0.109,0.364,111.98,4,298940,True,Passionfruit,3,More Life,B,major,B major
Drake,2017-03-18,0.735,0.373,11,-10.478,1,0.104,0.762,0.00202,0.288,0.237,123.081,4,107673,True,Jorja Interlude,4,More Life,B,major,B major
Drake,2017-03-18,0.781,0.721,5,-9.133,0,0.0514,0.0945,0.391,0.104,0.849,123.011,4,250337,True,Get It Together,5,More Life,F,minor,F minor
Drake,2017-03-18,0.839,0.521,7,-10.45,1,0.166,0.245,0.00545,0.607,0.33,105.992,4,205162,False,Madiba Riddim,6,More Life,G,major,G major
Drake,2017-03-18,0.726,0.535,7,-7.804,0,0.0476,0.0533,1.38e-05,0.0984,0.375,98.067,4,216557,False,Blem,7,More Life,G,minor,G minor
Drake,2017-03-18,0.609,0.229,11,-12.36,0,0.0333,0.558,0.0413,0.113,0.19,111.887,4,186293,False,4422,8,More Life,B,minor,B minor
Drake,2017-03-18,0.877,0.391,1,-8.196,1,0.063,0.0317,0.000502,0.0945,0.122,131.018,4,189229,True,Gyalchester,9,More Life,C#,major,C# major
Drake,2017-03-18,0.745,0.822,7,-6.354,1,0.252,0.0103,4.2e-06,0.155,0.415,86.733,5,143213,True,Skepta Interlude,10,More Life,G,major,G major
Drake,2017-03-18,0.925,0.443,1,-8.216,1,0.264,0.0172,0.0,0.276,0.35,136.078,4,236614,True,Portland,11,More Life,C#,major,C# major
Drake,2017-03-18,0.903,0.439,8,-11.813,1,0.397,0.0407,0.0,0.138,0.532,139.112,4,307593,True,Sacrifices,12,More Life,G#,major,G# major
Drake,2017-03-18,0.766,0.234,11,-7.544,0,0.159,0.332,0.00156,0.358,0.256,96.882,4,153724,False,Nothings Into Somethings,13,More Life,B,minor,B minor
Drake,2017-03-18,0.766,0.283,8,-10.33,0,0.0846,0.111,0.0172,0.115,0.144,97.04,4,219692,True,Teenage Fever,14,More Life,G#,minor,G# minor
Drake,2017-03-18,0.875,0.6,1,-6.818,1,0.0435,0.0189,0.0143,0.132,0.0906,119.987,4,162637,True,KMT,15,More Life,C#,major,C# major
Drake,2017-03-18,0.526,0.583,4,-9.172,1,0.376,0.699,0.0,0.372,0.378,89.837,4,305373,True,Lose You,16,More Life,E,major,E major
Drake,2017-03-18,0.856,0.572,1,-8.429,1,0.373,0.0136,1.55e-06,0.121,0.454,82.445,4,228437,True,Can't Have Everything,17,More Life,C#,major,C# major
Drake,2017-03-18,0.688,0.384,9,-8.824,0,0.375,0.2,0.0,0.708,0.432,162.098,4,206119,True,Glow,18,More Life,A,minor,A minor
Drake,2017-03-18,0.468,0.266,0,-11.121,1,0.13,0.348,9.55e-06,0.209,0.222,153.294,4,368035,False,Since Way Back,19,More Life,C,major,C major
Drake,2017-03-18,0.928,0.481,9,-9.35,0,0.287,0.105,0.0,0.176,0.613,134.007,4,210937,True,Fake Love,20,More Life,A,minor,A minor
Drake,2017-03-18,0.813,0.551,6,-7.605,0,0.353,0.08,0.0,0.386,0.598,124.957,4,250770,True,Ice Melts,21,More Life,F#,minor,F# minor
Drake,2017-03-18,0.618,0.693,7,-5.943,0,0.45,0.246,0.0,0.112,0.454,170.982,4,283550,True,Do Not Disturb,22,More Life,G,minor,G minor
Drake,2016-05-06,0.378,0.566,9,-7.685,0,0.0482,0.149,0.0,0.382,0.196,87.691,3,328906,True,Keep The Family Close,1,Views,A,minor,A minor
Drake,2016-05-06,0.68,0.712,10,-7.184,1,0.0453,0.000803,0.000612,0.237,0.0379,100.009,4,255786,True,9,2,Views,A#,major,A# major
Drake,2016-05-06,0.429,0.43,2,-11.373,1,0.165,0.338,1.18e-05,0.138,0.125,174.983,4,297373,True,U With Me?,3,Views,D,major,D major
Drake,2016-05-06,0.582,0.677,7,-7.081,1,0.172,0.0312,6.6e-06,0.122,0.205,193.818,4,240653,True,Feel No Ways,4,Views,G,major,G major
Drake,2016-05-06,0.787,0.635,4,-8.271,0,0.155,0.0253,0.0,0.357,0.237,130.018,4,209413,True,Hype,5,Views,E,minor,E minor
Drake,2016-05-06,0.623,0.74,1,-6.942,1,0.307,0.0635,0.0,0.366,0.35,82.877,4,253533,True,Weston Road Flows,6,Views,C#,major,C# major
Drake,2016-05-06,0.694,0.314,0,-7.82,1,0.116,0.611,2.07e-06,0.117,0.341,119.905,4,333946,True,Redemption,7,Views,C,major,C major
Drake,2016-05-06,0.878,0.406,1,-9.961,1,0.248,0.134,0.000234,0.112,0.784,128.014,4,195053,True,With You,8,Views,C#,major,C# major
Drake,2016-05-06,0.536,0.449,1,-10.499,1,0.103,0.11,1.49e-05,0.284,0.171,99.889,4,290133,True,Faithful,9,Views,C#,major,C# major
Drake,2016-05-06,0.834,0.433,0,-9.607,1,0.174,0.0258,0.0,0.633,0.229,133.938,3,189853,True,Still Here,10,Views,C,major,C major
Drake,2016-05-06,0.59,0.468,10,-11.083,0,0.185,0.0789,0.0,0.101,0.349,92.287,4,245226,True,Controlla,11,Views,A#,minor,A# minor
Drake,2016-05-06,0.792,0.625,1,-5.609,1,0.0536,0.00776,0.0018,0.329,0.37,103.967,4,173986,False,One Dance,12,Views,C#,major,C# major
Drake,2016-05-06,0.676,0.432,1,-9.51,1,0.502,0.00163,3.84e-06,0.0799,0.12,145.869,4,220426,True,Grammys,13,Views,C#,major,C# major
Drake,2016-05-06,0.746,0.475,10,-11.243,0,0.113,0.0175,1.1e-05,0.197,0.292,80.006,4,241400,True,Childs Play,14,Views,A#,minor,A# minor
Drake,2016-05-06,0.713,0.462,7,-10.027,1,0.123,0.192,2.16e-06,0.105,0.0594,133.053,4,212946,True,Pop Style,15,Views,G,major,G major
Drake,2016-05-06,0.794,0.653,7,-7.839,1,0.104,0.0489,4.88e-05,0.1,0.397,117.996,4,263373,True,Too Good,16,Views,G,major,G major
Drake,2016-05-06,0.699,0.255,4,-8.647,0,0.0303,0.405,0.00242,0.0985,0.242,132.031,3,106333,True,Summers Over Interlude,17,Views,E,minor,E minor
Drake,2016-05-06,0.722,0.252,1,-14.411,0,0.0761,0.0671,0.0,0.0852,0.275,79.923,4,238120,True,Fire & Desire,18,Views,C#,minor,C# minor
Drake,2016-05-06,0.395,0.852,5,-5.896,1,0.37,0.0657,0.0,0.262,0.112,76.428,4,311960,True,Views,19,Views,F,major,F major
Drake,2016-05-06,0.891,0.628,2,-7.863,1,0.0551,0.00258,0.00019,0.0504,0.552,134.966,4,267066,False,Hotline Bling,20,Views,D,major,D major
Drake,2015-09-20,0.881,0.546,2,-7.566,1,0.12,0.00296,4.72e-06,0.226,0.276,140.032,4,231231,True,Digital Dash,1,What A Time To Be Alive,D,major,D major
Drake,2015-09-20,0.776,0.675,8,-6.224,0,0.266,0.00196,0.0,0.227,0.27,131.984,4,217706,True,Big Rings,2,What A Time To Be Alive,G#,minor,G# minor
Drake,2015-09-20,0.824,0.49,7,-8.391,1,0.429,0.0369,1.24e-06,0.0807,0.307,165.948,4,211642,True,Live From The Gutter,3,What A Time To Be Alive,G,major,G major
Drake,2015-09-20,0.51,0.358,1,-10.847,1,0.0467,0.125,3.74e-05,0.111,0.171,136.036,4,314631,True,Diamonds Dancing,4,What A Time To Be Alive,C#,major,C# major
Drake,2015-09-20,0.739,0.416,0,-9.319,0,0.285,0.0966,1.27e-05,0.1,0.259,109.168,4,209287,True,Scholarships,5,What A Time To Be Alive,C,minor,C minor
Drake,2015-09-20,0.845,0.479,1,-6.065,1,0.298,0.0104,1.79e-06,0.157,0.35,170.919,3,202084,True,Plastic Bag,6,What A Time To Be Alive,C#,major,C# major
Drake,2015-09-20,0.828,0.55,5,-9.158,1,0.255,0.000379,0.0016,0.134,0.254,160.016,4,180000,True,I'm The Plug,7,What A Time To Be Alive,F,major,F major
Drake,2015-09-20,0.787,0.329,0,-9.991,1,0.391,0.0207,2.95e-06,0.118,0.209,137.85,4,220862,True,Change Locations,8,What A Time To Be Alive,C,major,C major
Drake,2015-09-20,0.852,0.553,1,-7.286,1,0.187,0.0559,0.0,0.332,0.656,142.079,4,205879,True,Jumpman,9,What A Time To Be Alive,C#,major,C# major
Drake,2015-09-20,0.758,0.526,5,-10.81,0,0.255,0.513,0.000457,0.0913,0.312,146.054,4,188702,True,Jersey,10,What A Time To Be Alive,F,minor,F minor
Drake,2015-09-20,0.744,0.619,4,-9.143,0,0.398,0.671,0.0,0.123,0.317,89.252,4,253934,True,30 for 30 Freestyle,11,What A Time To Be Alive,E,minor,E minor
Drake,2015-02-12,0.714,0.563,1,-7.574,1,0.0723,0.0266,0.0,0.0776,0.31,100.091,4,241853,True,Legend,1,If You're Reading This It's Too Late,C#,major,C# major
Drake,2015-02-12,0.747,0.571,11,-7.916,1,0.478,0.38,0.0,0.534,0.553,172.104,4,181933,True,Energy,2,If You're Reading This It's Too Late,B,major,B major
Drake,2015-02-12,0.825,0.756,11,-3.687,0,0.383,0.265,2.15e-06,0.0762,0.888,172.938,4,177733,True,10 Bands,3,If You're Reading This It's Too Late,B,minor,B minor
Drake,2015-02-12,0.72,0.412,11,-8.687,0,0.223,0.196,0.0,0.342,0.179,114.408,4,275840,True,Know Yourself,4,If You're Reading This It's Too Late,B,minor,B minor
Drake,2015-02-12,0.823,0.467,0,-10.394,0,0.301,0.543,1.06e-06,0.135,0.618,95.026,4,310933,True,No Tellin',5,If You're Reading This It's Too Late,C,minor,C minor
Drake,2015-02-12,0.905,0.492,2,-8.598,1,0.0595,0.0149,3.77e-05,0.371,0.142,110.017,4,177840,True,Madonna,6,If You're Reading This It's Too Late,D,major,D major
Drake,2015-02-12,0.868,0.623,2,-8.595,1,0.101,0.0249,0.0,0.125,0.498,105.446,4,180666,True,6 God,7,If You're Reading This It's Too Late,D,major,D major
Drake,2015-02-12,0.521,0.392,3,-7.88,1,0.17,0.747,8.81e-06,0.198,0.166,91.939,4,294973,True,Star67,8,If You're Reading This It's Too Late,D#,major,D# major
Drake,2015-02-12,0.605,0.51,11,-8.094,0,0.423,0.165,8.8e-05,0.104,0.389,65.255,4,236973,True,Preach,9,If You're Reading This It's Too Late,B,minor,B minor
Drake,2015-02-12,0.312,0.466,9,-8.163,0,0.0509,0.729,7.34e-06,0.215,0.195,135.44,4,212280,True,Wednesday Night Interlude,10,If You're Reading This It's Too Late,A,minor,A minor
Drake,2015-02-12,0.926,0.427,10,-7.584,0,0.105,0.0703,0.000337,0.0818,0.304,96.025,4,268480,True,Used To,11,If You're Reading This It's Too Late,A#,minor,A# minor
Drake,2015-02-12,0.568,0.535,4,-9.306,1,0.513,0.217,0.0,0.114,0.326,83.589,4,167653,True,6 Man,12,If You're Reading This It's Too Late,E,major,E major
Drake,2015-02-12,0.555,0.481,6,-7.419,1,0.0322,0.124,0.0,0.101,0.098,107.793,4,281320,True,Now & Forever,13,If You're Reading This It's Too Late,F#,major,F# major
Drake,2015-02-12,0.651,0.55,7,-8.215,1,0.0496,0.0403,0.0,0.165,0.119,107.567,4,252640,True,Company,14,If You're Reading This It's Too Late,G,major,G major
Drake,2015-02-12,0.545,0.476,7,-7.444,0,0.284,0.168,0.0,0.13,0.223,154.362,4,264906,True,You & The 6,15,If You're Reading This It's Too Late,G,minor,G minor
Drake,2015-02-12,0.697,0.235,7,-8.651,1,0.0534,0.62,0.000144,0.107,0.378,99.947,4,320400,True,Jungle,16,If You're Reading This It's Too Late,G,major,G major
Drake,2015-02-12,0.554,0.85,5,-4.155,1,0.251,0.107,0.0,0.155,0.383,128.429,3,283306,True,6PM In New York,17,If You're Reading This It's Too Late,F,major,F major
Drake,2013-01-01,0.432,0.681,6,-5.4,1,0.437,0.114,0.0,0.236,0.296,77.793,4,366400,True,Tuscan Leather,1,Nothing Was The Same - Deluxe,F#,major,F# major
Drake,2013-01-01,0.485,0.78,9,-5.261,0,0.142,0.149,0.0,0.0568,0.267,136.972,4,267373,True,Furthest Thing,2,Nothing Was The Same - Deluxe,A,minor,A minor
Drake,2013-01-01,0.794,0.523,8,-7.829,1,0.161,0.0331,0.0,0.156,0.56,86.307,4,174120,True,Started From the Bottom,3,Nothing Was The Same - Deluxe,G#,major,G# major
Drake,2013-01-01,0.855,0.433,1,-8.447,0,0.15,0.0414,0.0,0.1,0.394,99.975,4,217600,True,Wu-Tang Forever,4,Nothing Was The Same - Deluxe,C#,minor,C# minor
Drake,2013-01-01,0.652,0.345,8,-11.319,0,0.119,0.0437,3.59e-05,0.297,0.304,103.281,4,252053,True,Own It,5,Nothing Was The Same - Deluxe,G#,minor,G# minor
Drake,2013-01-01,0.777,0.778,9,-6.349,1,0.136,0.156,1.08e-06,0.196,0.437,109.925,4,270200,True,Worst Behavior,6,Nothing Was The Same - Deluxe,A,major,A major
Drake,2013-01-01,0.737,0.494,1,-9.723,0,0.416,0.629,0.0,0.126,0.44,94.485,4,322160,True,From Time,7,Nothing Was The Same - Deluxe,C#,minor,C# minor
Drake,2013-01-01,0.773,0.414,6,-7.436,0,0.0961,0.00411,3.4e-05,0.0733,0.289,99.993,4,227880,False,"Hold On, We're Going Home",8,Nothing Was The Same - Deluxe,F#,minor,F# minor
Drake,2013-01-01,0.685,0.489,6,-9.472,0,0.152,0.411,0.0,0.132,0.461,75.018,4,296400,True,Connect,9,Nothing Was The Same - Deluxe,F#,minor,F# minor
Drake,2013-01-01,0.823,0.662,7,-8.426,1,0.318,0.0118,0.0,0.0805,0.533,120.117,4,224040,True,The Language,10,Nothing Was The Same - Deluxe,G,major,G major
Drake,2013-01-01,0.519,0.487,4,-8.803,0,0.242,0.0515,0.0,0.15,0.126,112.281,3,255826,True,305 To My City,11,Nothing Was The Same - Deluxe,E,minor,E minor
Drake,2013-01-01,0.668,0.565,6,-5.879,1,0.505,0.171,0.0,0.124,0.142,140.489,4,261866,True,Too Much,12,Nothing Was The Same - Deluxe,F#,major,F# major
Drake,2013-01-01,0.521,0.762,2,-6.746,1,0.529,0.138,1.11e-05,0.114,0.266,164.09,4,433800,True,Pound Cake / Paris Morton Music 2,13,Nothing Was The Same - Deluxe,D,major,D major
Drake,2013-01-01,0.472,0.468,3,-5.815,1,0.184,0.163,0.0,0.586,0.404,81.94,4,236360,True,Come Thru,14,Nothing Was The Same - Deluxe,D#,major,D# major
Drake,2013-01-01,0.668,0.515,1,-6.977,1,0.402,0.0703,0.0,0.223,0.425,122.014,4,271573,True,All Me,15,Nothing Was The Same - Deluxe,C#,major,C# major
Drake,2013-01-01,0.676,0.717,11,-8.219,0,0.0874,0.29,0.000368,0.0974,0.558,157.628,4,241000,True,The Motion,16,Nothing Was The Same - Deluxe,B,minor,B minor
Drake,2013-01-01,0.522,0.679,6,-5.401,1,0.405,0.114,0.0,0.231,0.296,79.849,4,366400,True,Tuscan Leather,1,Nothing Was The Same,F#,major,F# major
Drake,2013-01-01,0.484,0.78,9,-5.264,0,0.135,0.147,0.0,0.0572,0.271,137.105,4,267373,True,Furthest Thing,2,Nothing Was The Same,A,minor,A minor
Drake,2013-01-01,0.793,0.524,8,-7.827,1,0.156,0.0319,0.0,0.156,0.579,86.325,4,174133,True,Started From the Bottom,3,Nothing Was The Same,G#,major,G# major
Drake,2013-01-01,0.836,0.427,8,-8.516,0,0.27,0.0474,0.0,0.101,0.368,99.912,4,217680,True,Wu-Tang Forever,4,Nothing Was The Same,G#,minor,G# minor
Drake,2013-01-01,0.653,0.341,8,-11.305,0,0.102,0.0481,3.51e-05,0.312,0.292,103.061,4,251973,True,Own It,5,Nothing Was The Same,G#,minor,G# minor
Drake,2013-01-01,0.78,0.799,9,-6.359,1,0.15,0.158,0.0,0.209,0.414,109.944,4,270186,True,Worst Behavior,6,Nothing Was The Same,A,major,A major
Drake,2013-01-01,0.739,0.491,1,-9.726,0,0.413,0.626,0.0,0.126,0.448,94.391,4,322160,True,From Time,7,Nothing Was The Same,C#,minor,C# minor
Drake,2013-01-01,0.777,0.414,6,-7.44,0,0.0946,0.00421,2.73e-05,0.0724,0.287,100.002,4,227880,False,"Hold On, We're Going Home",8,Nothing Was The Same,F#,minor,F# minor
Drake,2013-01-01,0.683,0.49,6,-9.469,0,0.135,0.406,0.0,0.132,0.465,75.03,4,296413,True,Connect,9,Nothing Was The Same,F#,minor,F# minor
Drake,2013-01-01,0.831,0.651,1,-8.363,1,0.437,0.0125,0.0,0.0809,0.502,120.065,4,224013,True,The Language,10,Nothing Was The Same,C#,major,C# major
Drake,2013-01-01,0.419,0.495,4,-8.781,0,0.348,0.056,0.0,0.144,0.132,67.622,5,255853,True,305 To My City,11,Nothing Was The Same,E,minor,E minor
Drake,2013-01-01,0.681,0.569,6,-5.859,1,0.546,0.173,0.0,0.18,0.147,140.532,4,261853,True,Too Much,12,Nothing Was The Same,F#,major,F# major
Drake,2013-01-01,0.52,0.761,2,-6.75,1,0.536,0.139,1.13e-05,0.114,0.264,164.083,4,432853,True,Pound Cake / Paris Morton Music 2,13,Nothing Was The Same,D,major,D major
Drake,2011-11-15,0.489,0.57,1,-10.291,1,0.306,0.759,2.1e-06,0.179,0.584,185.516,4,272573,True,Over My Dead Body,1,Take Care (Deluxe),C#,major,C# major
Drake,2011-11-15,0.566,0.465,2,-11.714,1,0.235,0.0555,0.0,0.567,0.177,143.015,4,224720,True,Shot For Me,2,Take Care (Deluxe),D,major,D major
Drake,2011-11-15,0.636,0.566,6,-7.16,0,0.106,0.365,0.000353,0.0917,0.425,151.894,4,235986,True,Headlines,3,Take Care (Deluxe),F#,minor,F# minor
Drake,2011-11-15,0.418,0.546,0,-9.057,0,0.238,0.227,0.0,0.229,0.294,160.152,4,208813,True,Crew Love,4,Take Care (Deluxe),C,minor,C minor
Drake,2011-11-15,0.629,0.515,0,-10.358,0,0.265,0.0267,1.22e-05,0.0888,0.299,121.845,4,277386,True,Take Care,5,Take Care (Deluxe),C,minor,C minor
Drake,2011-11-15,0.492,0.26,9,-17.341,0,0.0921,0.646,0.00178,0.0705,0.312,111.519,5,347226,True,Marvins Room,6,Take Care (Deluxe),A,minor,A minor
Drake,2011-11-15,0.711,0.543,0,-12.692,1,0.112,0.412,0.0,0.505,0.801,102.01,4,150960,True,Buried Alive Interlude,7,Take Care (Deluxe),C,major,C major
Drake,2011-11-15,0.487,0.712,8,-7.323,1,0.27,5.2e-05,0.0,0.198,0.397,156.209,4,212613,True,Under Ground Kings,8,Take Care (Deluxe),G#,major,G# major
Drake,2011-11-15,0.386,0.488,1,-7.303,0,0.422,0.00171,0.0,0.64,0.217,193.397,4,247946,True,We'll Be Fine,9,Take Care (Deluxe),C#,minor,C# minor
Drake,2011-11-15,0.684,0.486,1,-10.155,1,0.132,0.00268,0.000148,0.157,0.355,131.913,4,219893,True,Make Me Proud,10,Take Care (Deluxe),C#,major,C# major
Drake,2011-11-15,0.417,0.887,5,-5.551,0,0.367,0.0786,0.0,0.834,0.303,167.579,4,307640,True,Lord Knows,11,Take Care (Deluxe),F,minor,F minor
Drake,2011-11-15,0.441,0.403,2,-11.18,0,0.147,0.255,1.27e-05,0.13,0.158,139.92,4,434960,True,Cameras / Good Ones Go Interlude - Medley,12,Take Care (Deluxe),D,minor,D minor
Drake,2011-11-15,0.397,0.172,6,-15.698,0,0.0445,0.841,6.78e-05,0.108,0.123,101.275,4,265120,True,Doing It Wrong,13,Take Care (Deluxe),F#,minor,F# minor
Drake,2011-11-15,0.567,0.309,8,-14.254,1,0.385,0.166,0.0,0.12,0.509,65.041,4,321080,True,The Real Her,14,Take Care (Deluxe),G#,major,G# major
Drake,2011-11-15,0.495,0.351,3,-14.669,0,0.34,0.485,0.0,0.0967,0.271,134.369,4,301960,True,Look What You've Done,15,Take Care (Deluxe),D#,minor,D# minor
Drake,2011-11-15,0.444,0.627,7,-8.744,0,0.252,0.123,0.0,0.0795,0.359,98.21,3,206626,True,HYFR (Hell Ya Fucking Right),16,Take Care (Deluxe),G,minor,G minor
Drake,2011-11-15,0.446,0.239,1,-15.327,1,0.0876,0.574,7.76e-05,0.12,0.31,104.675,4,237733,True,Practice,17,Take Care (Deluxe),C#,major,C# major
Drake,2011-11-15,0.556,0.702,0,-10.079,0,0.205,0.517,0.0,0.343,0.793,155.948,4,351000,True,The Ride,18,Take Care (Deluxe),C,minor,C minor
Drake,2011-11-15,0.766,0.442,1,-8.558,1,0.356,0.000107,6.12e-05,0.111,0.39,201.8,4,181573,True,The Motto,19,Take Care (Deluxe),C#,major,C# major
Drake,2010-01-01,0.56,0.758,0,-6.472,1,0.345,0.428,0.0,0.162,0.521,90.52,4,313266,True,Fireworks,1,Thank Me Later (Int'l Version),C,major,C major
Drake,2010-01-01,0.756,0.658,0,-7.124,1,0.11,0.00901,0.0188,0.0805,0.954,151.027,4,227973,False,Karaoke,2,Thank Me Later (Int'l Version),C,major,C major
Drake,2010-01-01,0.439,0.738,0,-8.123,1,0.186,0.83,0.0,0.116,0.63,81.475,4,225360,True,The Resistance,3,Thank Me Later (Int'l Version),C,major,C major
Drake,2010-01-01,0.325,0.848,7,-5.611,1,0.279,0.0109,0.0,0.124,0.433,100.093,5,233560,True,Over,4,Thank Me Later (Int'l Version),G,major,G major
Drake,2010-01-01,0.665,0.734,6,-6.066,0,0.117,0.0385,0.0,0.116,0.706,128.311,4,210360,True,Show Me A Good Time,5,Thank Me Later (Int'l Version),F#,minor,F# minor
Drake,2010-01-01,0.606,0.809,7,-4.667,1,0.279,0.00778,1.59e-05,0.336,0.272,156.337,4,234333,True,Up All Night,6,Thank Me Later (Int'l Version),G,major,G major
Drake,2010-01-01,0.523,0.884,2,-5.581,0,0.461,0.331,2e-06,0.356,0.283,87.275,4,319386,True,Fancy,7,Thank Me Later (Int'l Version),D,minor,D minor
Drake,2010-01-01,0.582,0.437,9,-9.302,0,0.07,0.412,0.0,0.0978,0.401,119.944,4,419306,True,Shut It Down,8,Thank Me Later (Int'l Version),A,minor,A minor
Drake,2010-01-01,0.562,0.872,4,-5.108,0,0.118,0.0951,0.0,0.107,0.0722,156.107,4,213813,True,Unforgettable,9,Thank Me Later (Int'l Version),E,minor,E minor
Drake,2010-01-01,0.482,0.907,8,-5.995,1,0.419,0.0945,0.0,0.151,0.212,86.121,4,274146,True,Light Up,10,Thank Me Later (Int'l Version),G#,major,G# major
Drake,2010-01-01,0.429,0.864,2,-5.975,1,0.604,0.081,0.0,0.331,0.332,100.832,5,305520,True,Miss Me,11,Thank Me Later (Int'l Version),D,major,D major
Drake,2010-01-01,0.382,0.6,9,-6.881,0,0.0338,0.0544,5.26e-06,0.115,0.226,95.126,4,154120,False,Cece's Interlude,12,Thank Me Later (Int'l Version),A,minor,A minor
Drake,2010-01-01,0.625,0.613,6,-6.005,0,0.173,0.0209,0.0,0.0286,0.738,96.033,4,208946,False,Find Your Love,13,Thank Me Later (Int'l Version),F#,minor,F# minor
Drake,2010-01-01,0.499,0.771,8,-4.85,1,0.42,0.279,0.0,0.119,0.748,76.222,4,328573,True,Thank Me Now,14,Thank Me Later (Int'l Version),G#,major,G# major
Drake,2010-01-01,0.431,0.894,5,-2.673,0,0.33,0.0951,0.0,0.188,0.605,162.161,4,258760,True,Best I Ever Had,15,Thank Me Later (Int'l Version),F,minor,F minor
Drake,2009,0.462,0.422,6,-10.381,1,0.175,0.939,0.0327,0.108,0.0853,87.364,4,176179,True,Lust For Life,1,So Far Gone,F#,major,F# major
Drake,2009,0.683,0.695,1,-6.798,0,0.0574,0.393,0.00124,0.124,0.406,135.337,4,290791,True,Houstatlantavegas,2,So Far Gone,C#,minor,C# minor
Drake,2009,0.562,0.544,8,-5.065,1,0.369,0.536,0.0,0.17,0.231,159.517,4,375050,True,Successful (feat. Trey Songz & Lil Wayne),3,So Far Gone,G#,major,G# major
Drake,2009,0.79,0.731,9,-4.607,0,0.0327,0.00427,0.29,0.157,0.938,127.403,4,234175,True,Let’s Call It Off (feat. Peter Bjorn and John),4,So Far Gone,A,minor,A minor
Drake,2009,0.749,0.476,11,-11.147,0,0.507,0.579,0.0,0.1,0.534,71.937,4,188189,True,November 18th,5,So Far Gone,B,minor,B minor
Drake,2009,0.591,0.846,7,-3.687,1,0.276,0.186,0.0,0.463,0.121,94.795,4,302492,True,Ignant Shit (feat. Lil Wayne),6,So Far Gone,G,major,G major
Drake,2009,0.611,0.508,11,-5.573,0,0.0741,0.374,3.87e-06,0.168,0.368,103.612,4,193962,True,A Night Off (feat. Lloyd),7,So Far Gone,B,minor,B minor
Drake,2009,0.462,0.773,8,-5.375,1,0.288,0.632,0.0,0.212,0.455,86.157,4,230717,True,Say What's Real,8,So Far Gone,G#,major,G# major
Drake,2009,0.758,0.888,11,-4.899,0,0.0374,0.0999,0.0336,0.661,0.771,120.392,4,230484,True,Little Bit (feat. Lykke Li),9,So Far Gone,B,minor,B minor
Drake,2009,0.395,0.922,1,-2.176,1,0.375,0.19,0.0,0.134,0.558,162.361,4,257690,True,Best I Ever Had,10,So Far Gone,C#,major,C# major
Drake,2009,0.774,0.912,2,-2.787,0,0.347,0.165,0.0,0.745,0.821,150.083,4,209957,True,Unstoppable (feat. Santigold & Lil Wayne),11,So Far Gone,D,minor,D minor
Drake,2009,0.416,0.824,1,-3.075,1,0.343,0.00391,0.0,0.104,0.417,85.433,5,382262,True,Uptown (feat. Bun B & Lil Wayne),12,So Far Gone,C#,major,C# major
Drake,2009,0.616,0.501,5,-5.722,0,0.24,0.178,1.2e-05,0.105,0.506,94.554,4,262046,True,Sooner Than Later,13,So Far Gone,F,minor,F minor
Drake,2009,0.49,0.507,2,-6.205,0,0.0849,0.209,0.00104,0.119,0.237,147.037,3,139574,True,Bria's Interlude (feat. Omarion),14,So Far Gone,D,minor,D minor
Drake,2009,0.471,0.784,11,-8.25,0,0.883,0.819,1.13e-05,0.107,0.258,160.833,4,243723,True,The Calm,15,So Far Gone,B,minor,B minor
Drake,2009,0.397,0.0906,5,-21.655,1,0.054,0.988,0.856,0.344,0.136,185.167,4,174398,True,Outro (feat. Chilly Gonzales),16,So Far Gone,F,major,F major
Drake,2009,0.399,0.491,6,-8.992,1,0.0714,0.631,0.0,0.171,0.356,94.542,3,213492,True,Brand New,17,So Far Gone,F#,major,F# major
Drake,2009,0.333,0.859,6,-2.286,1,0.148,0.0185,0.0,0.22,0.125,86.882,5,332529,True,Congratulations,18,So Far Gone,F#,major,F# major
